img_id,fold
10_patch_0000_0000,4
10_patch_0000_0001,4
10_patch_0000_0002,1
10_patch_0000_0003,1
10_patch_0000_0004,3
10_patch_0000_0005,4
10_patch_0000_0006,-1
10_patch_0000_0007,3
10_patch_0000_0008,1
10_patch_0000_0009,0
10_patch_0000_0010,4
10_patch_0000_0011,4
10_patch_0000_0012,0
10_patch_0000_0013,3
10_patch_0000_0014,0
10_patch_0000_0015,1
10_patch_0000_0016,0
10_patch_0000_0017,-1
10_patch_0000_0018,1
10_patch_0000_0019,3
10_patch_0000_0020,3
10_patch_0000_0021,4
10_patch_0000_0022,2
10_patch_0000_0023,1
10_patch_0000_0024,2
10_patch_0001_0000,1
10_patch_0001_0001,1
10_patch_0001_0002,3
10_patch_0001_0003,4
10_patch_0001_0004,4
10_patch_0001_0005,4
10_patch_0001_0006,3
10_patch_0001_0007,0
10_patch_0001_0008,3
10_patch_0001_0009,-1
10_patch_0001_0010,-1
10_patch_0001_0011,3
10_patch_0001_0012,1
10_patch_0001_0013,1
10_patch_0001_0014,3
10_patch_0001_0015,2
10_patch_0001_0016,4
10_patch_0001_0017,2
10_patch_0001_0018,2
10_patch_0001_0019,3
10_patch_0001_0020,2
10_patch_0001_0021,2
10_patch_0001_0022,3
10_patch_0001_0023,2
10_patch_0001_0024,0
10_patch_0002_0000,1
10_patch_0002_0001,2
10_patch_0002_0002,-1
10_patch_0002_0003,3
10_patch_0002_0004,3
10_patch_0002_0005,0
10_patch_0002_0006,4
10_patch_0002_0007,2
10_patch_0002_0008,2
10_patch_0002_0009,1
10_patch_0002_0010,3
10_patch_0002_0011,3
10_patch_0002_0012,3
10_patch_0002_0013,4
10_patch_0002_0014,3
10_patch_0002_0015,4
10_patch_0002_0016,3
10_patch_0002_0017,2
10_patch_0002_0018,1
10_patch_0002_0019,1
10_patch_0002_0020,4
10_patch_0002_0021,2
10_patch_0002_0022,1
10_patch_0002_0023,2
10_patch_0002_0024,4
10_patch_0003_0000,-1
10_patch_0003_0001,3
10_patch_0003_0002,4
10_patch_0003_0003,1
10_patch_0003_0004,2
10_patch_0003_0005,4
10_patch_0003_0006,4
10_patch_0003_0007,2
10_patch_0003_0008,3
10_patch_0003_0009,1
10_patch_0003_0010,4
10_patch_0003_0011,1
10_patch_0003_0012,1
10_patch_0003_0013,3
10_patch_0003_0014,1
10_patch_0003_0015,3
10_patch_0003_0016,3
10_patch_0003_0017,4
10_patch_0003_0018,4
10_patch_0003_0019,3
10_patch_0003_0020,1
10_patch_0003_0021,-1
10_patch_0003_0022,2
10_patch_0003_0023,4
10_patch_0003_0024,-1
10_patch_0004_0000,3
10_patch_0004_0001,2
10_patch_0004_0002,2
10_patch_0004_0003,3
10_patch_0004_0004,4
10_patch_0004_0005,3
10_patch_0004_0006,3
10_patch_0004_0007,3
10_patch_0004_0008,1
10_patch_0004_0009,4
10_patch_0004_0010,3
10_patch_0004_0011,2
10_patch_0004_0012,2
10_patch_0004_0013,1
10_patch_0004_0014,2
10_patch_0004_0015,3
10_patch_0004_0016,1
10_patch_0004_0017,1
10_patch_0004_0018,2
10_patch_0004_0019,2
10_patch_0004_0020,3
10_patch_0004_0021,4
10_patch_0004_0022,4
10_patch_0004_0023,3
10_patch_0004_0024,3
10_patch_0005_0000,0
10_patch_0005_0001,3
10_patch_0005_0002,1
10_patch_0005_0003,4
10_patch_0005_0004,4
10_patch_0005_0005,1
10_patch_0005_0006,3
10_patch_0005_0007,2
10_patch_0005_0008,2
10_patch_0005_0009,4
10_patch_0005_0010,2
10_patch_0005_0011,2
10_patch_0005_0012,3
10_patch_0005_0013,2
10_patch_0005_0014,4
10_patch_0005_0015,0
10_patch_0005_0016,1
10_patch_0005_0017,1
10_patch_0005_0018,4
10_patch_0005_0019,-1
10_patch_0005_0020,1
10_patch_0005_0021,3
10_patch_0005_0022,-1
10_patch_0005_0023,1
10_patch_0005_0024,0
10_patch_0006_0000,-1
10_patch_0006_0001,1
10_patch_0006_0002,3
10_patch_0006_0003,3
10_patch_0006_0004,1
10_patch_0006_0005,2
10_patch_0006_0006,2
10_patch_0006_0007,4
10_patch_0006_0008,1
10_patch_0006_0009,2
10_patch_0006_0010,2
10_patch_0006_0011,1
10_patch_0006_0012,1
10_patch_0006_0013,4
10_patch_0006_0014,1
10_patch_0006_0015,1
10_patch_0006_0016,3
10_patch_0006_0017,-1
10_patch_0006_0018,-1
10_patch_0006_0019,0
10_patch_0006_0020,0
10_patch_0006_0021,2
10_patch_0006_0022,1
10_patch_0006_0023,2
10_patch_0006_0024,2
10_patch_0007_0000,1
10_patch_0007_0001,1
10_patch_0007_0002,3
10_patch_0007_0003,2
10_patch_0007_0004,4
10_patch_0007_0005,3
10_patch_0007_0006,1
10_patch_0007_0007,3
10_patch_0007_0008,4
10_patch_0007_0009,4
10_patch_0007_0010,2
10_patch_0007_0011,1
10_patch_0007_0012,1
10_patch_0007_0013,4
10_patch_0007_0014,2
10_patch_0007_0015,1
10_patch_0007_0016,3
10_patch_0007_0017,4
10_patch_0007_0018,1
10_patch_0007_0019,-1
10_patch_0007_0020,2
10_patch_0007_0021,-1
10_patch_0007_0022,0
10_patch_0007_0023,4
10_patch_0007_0024,-1
10_patch_0008_0000,4
10_patch_0008_0001,4
10_patch_0008_0002,2
10_patch_0008_0003,3
10_patch_0008_0004,3
10_patch_0008_0005,4
10_patch_0008_0006,2
10_patch_0008_0007,1
10_patch_0008_0008,1
10_patch_0008_0009,2
10_patch_0008_0010,3
10_patch_0008_0011,3
10_patch_0008_0012,1
10_patch_0008_0013,2
10_patch_0008_0014,2
10_patch_0008_0015,4
10_patch_0008_0016,3
10_patch_0008_0017,4
10_patch_0008_0018,3
10_patch_0008_0019,4
10_patch_0008_0020,2
10_patch_0008_0021,2
10_patch_0008_0022,4
10_patch_0008_0023,1
10_patch_0008_0024,4
10_patch_0009_0000,3
10_patch_0009_0001,4
10_patch_0009_0002,2
10_patch_0009_0003,1
10_patch_0009_0004,0
10_patch_0009_0005,-1
10_patch_0009_0006,3
10_patch_0009_0007,1
10_patch_0009_0008,1
10_patch_0009_0009,3
10_patch_0009_0010,2
10_patch_0009_0011,0
10_patch_0009_0012,2
10_patch_0009_0013,2
10_patch_0009_0014,1
10_patch_0009_0015,4
10_patch_0009_0016,3
10_patch_0009_0017,3
10_patch_0009_0018,-1
10_patch_0009_0019,1
10_patch_0009_0020,2
10_patch_0009_0021,2
10_patch_0009_0022,-1
10_patch_0009_0023,4
10_patch_0009_0024,2
10_patch_0010_0000,-1
10_patch_0010_0001,2
10_patch_0010_0002,2
10_patch_0010_0003,4
10_patch_0010_0004,4
10_patch_0010_0005,4
10_patch_0010_0006,0
10_patch_0010_0007,2
10_patch_0010_0008,3
10_patch_0010_0009,-1
10_patch_0010_0010,3
10_patch_0010_0011,-1
10_patch_0010_0012,2
10_patch_0010_0013,4
10_patch_0010_0014,1
10_patch_0010_0015,2
10_patch_0010_0016,1
10_patch_0010_0017,1
10_patch_0010_0018,3
10_patch_0010_0019,3
10_patch_0010_0020,1
10_patch_0010_0021,1
10_patch_0010_0022,2
10_patch_0010_0023,3
10_patch_0010_0024,-1
10_patch_0011_0000,0
10_patch_0011_0001,2
10_patch_0011_0002,3
10_patch_0011_0003,1
10_patch_0011_0004,3
10_patch_0011_0005,-1
10_patch_0011_0006,1
10_patch_0011_0007,3
10_patch_0011_0008,-1
10_patch_0011_0009,0
10_patch_0011_0010,4
10_patch_0011_0011,1
10_patch_0011_0012,1
10_patch_0011_0013,3
10_patch_0011_0014,2
10_patch_0011_0015,2
10_patch_0011_0016,3
10_patch_0011_0017,3
10_patch_0011_0018,3
10_patch_0011_0019,3
10_patch_0011_0020,2
10_patch_0011_0021,1
10_patch_0011_0022,3
10_patch_0011_0023,2
10_patch_0011_0024,1
10_patch_0012_0000,3
10_patch_0012_0001,1
10_patch_0012_0002,4
10_patch_0012_0003,0
10_patch_0012_0004,4
10_patch_0012_0005,2
10_patch_0012_0006,3
10_patch_0012_0007,2
10_patch_0012_0008,1
10_patch_0012_0009,3
10_patch_0012_0010,0
10_patch_0012_0011,3
10_patch_0012_0012,-1
10_patch_0012_0013,3
10_patch_0012_0014,4
10_patch_0012_0015,2
10_patch_0012_0016,1
10_patch_0012_0017,3
10_patch_0012_0018,1
10_patch_0012_0019,3
10_patch_0012_0020,3
10_patch_0012_0021,0
10_patch_0012_0022,0
10_patch_0012_0023,-1
10_patch_0012_0024,3
10_patch_0013_0000,4
10_patch_0013_0001,3
10_patch_0013_0002,4
10_patch_0013_0003,1
10_patch_0013_0004,3
10_patch_0013_0005,0
10_patch_0013_0006,0
10_patch_0013_0007,4
10_patch_0013_0008,4
10_patch_0013_0009,0
10_patch_0013_0010,3
10_patch_0013_0011,4
10_patch_0013_0012,4
10_patch_0013_0013,4
10_patch_0013_0014,3
10_patch_0013_0015,3
10_patch_0013_0016,-1
10_patch_0013_0017,2
10_patch_0013_0018,4
10_patch_0013_0019,2
10_patch_0013_0020,-1
10_patch_0013_0021,-1
10_patch_0013_0022,1
10_patch_0013_0023,2
10_patch_0013_0024,2
10_patch_0014_0000,0
10_patch_0014_0001,2
10_patch_0014_0002,0
10_patch_0014_0003,4
10_patch_0014_0004,4
10_patch_0014_0005,3
10_patch_0014_0006,1
10_patch_0014_0007,3
10_patch_0014_0008,3
10_patch_0014_0009,3
10_patch_0014_0010,2
10_patch_0014_0011,4
10_patch_0014_0012,4
10_patch_0014_0013,4
10_patch_0014_0014,1
10_patch_0014_0015,1
10_patch_0014_0016,3
10_patch_0014_0017,2
10_patch_0014_0018,3
10_patch_0014_0019,3
10_patch_0014_0020,2
10_patch_0014_0021,0
10_patch_0014_0022,4
10_patch_0014_0023,1
10_patch_0014_0024,1
10_patch_0015_0000,4
10_patch_0015_0001,1
10_patch_0015_0002,1
10_patch_0015_0003,4
10_patch_0015_0004,1
10_patch_0015_0005,-1
10_patch_0015_0006,0
10_patch_0015_0007,-1
10_patch_0015_0008,1
10_patch_0015_0009,1
10_patch_0015_0010,-1
10_patch_0015_0011,2
10_patch_0015_0012,4
10_patch_0015_0013,4
10_patch_0015_0014,1
10_patch_0015_0015,1
10_patch_0015_0016,2
10_patch_0015_0017,2
10_patch_0015_0018,1
10_patch_0015_0019,3
10_patch_0015_0020,2
10_patch_0015_0021,1
10_patch_0015_0022,-1
10_patch_0015_0023,3
10_patch_0015_0024,3
10_patch_0016_0000,2
10_patch_0016_0001,-1
10_patch_0016_0002,2
10_patch_0016_0003,3
10_patch_0016_0004,3
10_patch_0016_0005,4
10_patch_0016_0006,4
10_patch_0016_0007,1
10_patch_0016_0008,0
10_patch_0016_0009,-1
10_patch_0016_0010,3
10_patch_0016_0011,4
10_patch_0016_0012,4
10_patch_0016_0013,2
10_patch_0016_0014,0
10_patch_0016_0015,2
10_patch_0016_0016,2
10_patch_0016_0017,2
10_patch_0016_0018,3
10_patch_0016_0019,4
10_patch_0016_0020,2
10_patch_0016_0021,1
10_patch_0016_0022,4
10_patch_0016_0023,-1
10_patch_0016_0024,4
10_patch_0017_0000,4
10_patch_0017_0001,2
10_patch_0017_0002,3
10_patch_0017_0003,-1
10_patch_0017_0004,1
10_patch_0017_0005,-1
10_patch_0017_0006,1
10_patch_0017_0007,2
10_patch_0017_0008,2
10_patch_0017_0009,1
10_patch_0017_0010,4
10_patch_0017_0011,0
10_patch_0017_0012,3
10_patch_0017_0013,-1
10_patch_0017_0014,3
10_patch_0017_0015,3
10_patch_0017_0016,4
10_patch_0017_0017,4
10_patch_0017_0018,4
10_patch_0017_0019,2
10_patch_0017_0020,2
10_patch_0017_0021,4
10_patch_0017_0022,-1
10_patch_0017_0023,4
10_patch_0017_0024,4
10_patch_0018_0000,-1
10_patch_0018_0001,2
10_patch_0018_0002,2
10_patch_0018_0003,3
10_patch_0018_0004,2
10_patch_0018_0005,2
10_patch_0018_0006,0
10_patch_0018_0007,2
10_patch_0018_0008,2
10_patch_0018_0009,2
10_patch_0018_0010,2
10_patch_0018_0011,1
10_patch_0018_0012,-1
10_patch_0018_0013,3
10_patch_0018_0014,1
10_patch_0018_0015,1
10_patch_0018_0016,0
10_patch_0018_0017,4
10_patch_0018_0018,1
10_patch_0018_0019,2
10_patch_0018_0020,2
10_patch_0018_0021,0
10_patch_0018_0022,0
10_patch_0018_0023,3
10_patch_0018_0024,-1
10_patch_0019_0000,1
10_patch_0019_0001,-1
10_patch_0019_0002,4
10_patch_0019_0003,1
10_patch_0019_0004,1
10_patch_0019_0005,-1
10_patch_0019_0006,1
10_patch_0019_0007,-1
10_patch_0019_0008,1
10_patch_0019_0009,2
10_patch_0019_0010,-1
10_patch_0019_0011,0
10_patch_0019_0012,-1
10_patch_0019_0013,2
10_patch_0019_0014,1
10_patch_0019_0015,1
10_patch_0019_0016,-1
10_patch_0019_0017,3
10_patch_0019_0018,2
10_patch_0019_0019,1
10_patch_0019_0020,4
10_patch_0019_0021,2
10_patch_0019_0022,1
10_patch_0019_0023,4
10_patch_0019_0024,0
11_patch_0000_0000,1
11_patch_0000_0001,-1
11_patch_0000_0002,4
11_patch_0000_0003,3
11_patch_0000_0004,1
11_patch_0000_0005,-1
11_patch_0000_0006,1
11_patch_0000_0007,1
11_patch_0000_0008,1
11_patch_0000_0009,2
11_patch_0000_0010,3
11_patch_0000_0011,0
11_patch_0000_0012,-1
11_patch_0000_0013,3
11_patch_0000_0014,2
11_patch_0000_0015,2
11_patch_0000_0016,-1
11_patch_0000_0017,4
11_patch_0000_0018,1
11_patch_0000_0019,4
11_patch_0000_0020,-1
11_patch_0000_0021,1
11_patch_0000_0022,3
11_patch_0000_0023,0
11_patch_0000_0024,1
11_patch_0000_0025,4
11_patch_0000_0026,4
11_patch_0000_0027,3
11_patch_0000_0028,1
11_patch_0000_0029,3
11_patch_0001_0000,0
11_patch_0001_0001,4
11_patch_0001_0002,0
11_patch_0001_0003,3
11_patch_0001_0004,4
11_patch_0001_0005,1
11_patch_0001_0006,-1
11_patch_0001_0007,3
11_patch_0001_0008,-1
11_patch_0001_0009,0
11_patch_0001_0010,3
11_patch_0001_0011,4
11_patch_0001_0012,4
11_patch_0001_0013,4
11_patch_0001_0014,1
11_patch_0001_0015,2
11_patch_0001_0016,2
11_patch_0001_0017,2
11_patch_0001_0018,3
11_patch_0001_0019,4
11_patch_0001_0020,-1
11_patch_0001_0021,3
11_patch_0001_0022,1
11_patch_0001_0023,4
11_patch_0001_0024,1
11_patch_0001_0025,0
11_patch_0001_0026,1
11_patch_0001_0027,3
11_patch_0001_0028,1
11_patch_0001_0029,0
11_patch_0002_0000,4
11_patch_0002_0001,1
11_patch_0002_0002,1
11_patch_0002_0003,2
11_patch_0002_0004,1
11_patch_0002_0005,2
11_patch_0002_0006,2
11_patch_0002_0007,2
11_patch_0002_0008,2
11_patch_0002_0009,2
11_patch_0002_0010,4
11_patch_0002_0011,1
11_patch_0002_0012,4
11_patch_0002_0013,1
11_patch_0002_0014,3
11_patch_0002_0015,3
11_patch_0002_0016,1
11_patch_0002_0017,4
11_patch_0002_0018,1
11_patch_0002_0019,-1
11_patch_0002_0020,2
11_patch_0002_0021,2
11_patch_0002_0022,1
11_patch_0002_0023,1
11_patch_0002_0024,4
11_patch_0002_0025,1
11_patch_0002_0026,1
11_patch_0002_0027,2
11_patch_0002_0028,0
11_patch_0002_0029,1
11_patch_0003_0000,0
11_patch_0003_0001,3
11_patch_0003_0002,0
11_patch_0003_0003,1
11_patch_0003_0004,1
11_patch_0003_0005,3
11_patch_0003_0006,4
11_patch_0003_0007,4
11_patch_0003_0008,1
11_patch_0003_0009,4
11_patch_0003_0010,4
11_patch_0003_0011,-1
11_patch_0003_0012,1
11_patch_0003_0013,4
11_patch_0003_0014,0
11_patch_0003_0015,2
11_patch_0003_0016,4
11_patch_0003_0017,1
11_patch_0003_0018,1
11_patch_0003_0019,1
11_patch_0003_0020,2
11_patch_0003_0021,3
11_patch_0003_0022,2
11_patch_0003_0023,1
11_patch_0003_0024,4
11_patch_0003_0025,1
11_patch_0003_0026,4
11_patch_0003_0027,1
11_patch_0003_0028,1
11_patch_0003_0029,3
11_patch_0004_0000,0
11_patch_0004_0001,0
11_patch_0004_0002,1
11_patch_0004_0003,1
11_patch_0004_0004,-1
11_patch_0004_0005,3
11_patch_0004_0006,-1
11_patch_0004_0007,2
11_patch_0004_0008,3
11_patch_0004_0009,2
11_patch_0004_0010,3
11_patch_0004_0011,2
11_patch_0004_0012,3
11_patch_0004_0013,2
11_patch_0004_0014,4
11_patch_0004_0015,4
11_patch_0004_0016,1
11_patch_0004_0017,1
11_patch_0004_0018,2
11_patch_0004_0019,3
11_patch_0004_0020,-1
11_patch_0004_0021,3
11_patch_0004_0022,2
11_patch_0004_0023,3
11_patch_0004_0024,-1
11_patch_0004_0025,2
11_patch_0004_0026,1
11_patch_0004_0027,0
11_patch_0004_0028,1
11_patch_0004_0029,4
11_patch_0005_0000,3
11_patch_0005_0001,3
11_patch_0005_0002,1
11_patch_0005_0003,2
11_patch_0005_0004,2
11_patch_0005_0005,2
11_patch_0005_0006,1
11_patch_0005_0007,3
11_patch_0005_0008,1
11_patch_0005_0009,2
11_patch_0005_0010,3
11_patch_0005_0011,1
11_patch_0005_0012,3
11_patch_0005_0013,1
11_patch_0005_0014,1
11_patch_0005_0015,3
11_patch_0005_0016,3
11_patch_0005_0017,3
11_patch_0005_0018,2
11_patch_0005_0019,3
11_patch_0005_0020,1
11_patch_0005_0021,2
11_patch_0005_0022,3
11_patch_0005_0023,2
11_patch_0005_0024,-1
11_patch_0005_0025,4
11_patch_0005_0026,1
11_patch_0005_0027,3
11_patch_0005_0028,3
11_patch_0005_0029,2
11_patch_0006_0000,4
11_patch_0006_0001,4
11_patch_0006_0002,3
11_patch_0006_0003,3
11_patch_0006_0004,2
11_patch_0006_0005,2
11_patch_0006_0006,1
11_patch_0006_0007,4
11_patch_0006_0008,3
11_patch_0006_0009,4
11_patch_0006_0010,3
11_patch_0006_0011,3
11_patch_0006_0012,2
11_patch_0006_0013,4
11_patch_0006_0014,0
11_patch_0006_0015,3
11_patch_0006_0016,1
11_patch_0006_0017,3
11_patch_0006_0018,4
11_patch_0006_0019,2
11_patch_0006_0020,2
11_patch_0006_0021,3
11_patch_0006_0022,1
11_patch_0006_0023,2
11_patch_0006_0024,2
11_patch_0006_0025,-1
11_patch_0006_0026,0
11_patch_0006_0027,2
11_patch_0006_0028,1
11_patch_0006_0029,3
11_patch_0007_0000,3
11_patch_0007_0001,2
11_patch_0007_0002,2
11_patch_0007_0003,2
11_patch_0007_0004,2
11_patch_0007_0005,1
11_patch_0007_0006,0
11_patch_0007_0007,3
11_patch_0007_0008,-1
11_patch_0007_0009,2
11_patch_0007_0010,2
11_patch_0007_0011,2
11_patch_0007_0012,2
11_patch_0007_0013,3
11_patch_0007_0014,3
11_patch_0007_0015,2
11_patch_0007_0016,0
11_patch_0007_0017,3
11_patch_0007_0018,2
11_patch_0007_0019,1
11_patch_0007_0020,1
11_patch_0007_0021,0
11_patch_0007_0022,3
11_patch_0007_0023,-1
11_patch_0007_0024,-1
11_patch_0007_0025,4
11_patch_0007_0026,-1
11_patch_0007_0027,2
11_patch_0007_0028,-1
11_patch_0007_0029,1
11_patch_0008_0000,3
11_patch_0008_0001,2
11_patch_0008_0002,-1
11_patch_0008_0003,2
11_patch_0008_0004,3
11_patch_0008_0005,3
11_patch_0008_0006,3
11_patch_0008_0007,4
11_patch_0008_0008,-1
11_patch_0008_0009,1
11_patch_0008_0010,3
11_patch_0008_0011,2
11_patch_0008_0012,-1
11_patch_0008_0013,3
11_patch_0008_0014,2
11_patch_0008_0015,3
11_patch_0008_0016,2
11_patch_0008_0017,4
11_patch_0008_0018,3
11_patch_0008_0019,4
11_patch_0008_0020,1
11_patch_0008_0021,2
11_patch_0008_0022,4
11_patch_0008_0023,4
11_patch_0008_0024,4
11_patch_0008_0025,4
11_patch_0008_0026,3
11_patch_0008_0027,1
11_patch_0008_0028,2
11_patch_0008_0029,2
11_patch_0009_0000,1
11_patch_0009_0001,4
11_patch_0009_0002,1
11_patch_0009_0003,3
11_patch_0009_0004,3
11_patch_0009_0005,-1
11_patch_0009_0006,3
11_patch_0009_0007,1
11_patch_0009_0008,2
11_patch_0009_0009,3
11_patch_0009_0010,2
11_patch_0009_0011,1
11_patch_0009_0012,4
11_patch_0009_0013,2
11_patch_0009_0014,4
11_patch_0009_0015,3
11_patch_0009_0016,4
11_patch_0009_0017,3
11_patch_0009_0018,4
11_patch_0009_0019,4
11_patch_0009_0020,1
11_patch_0009_0021,1
11_patch_0009_0022,1
11_patch_0009_0023,3
11_patch_0009_0024,2
11_patch_0009_0025,1
11_patch_0009_0026,1
11_patch_0009_0027,1
11_patch_0009_0028,3
11_patch_0009_0029,4
11_patch_0010_0000,1
11_patch_0010_0001,4
11_patch_0010_0002,4
11_patch_0010_0003,3
11_patch_0010_0004,0
11_patch_0010_0005,2
11_patch_0010_0006,2
11_patch_0010_0007,3
11_patch_0010_0008,1
11_patch_0010_0009,3
11_patch_0010_0010,4
11_patch_0010_0011,4
11_patch_0010_0012,0
11_patch_0010_0013,1
11_patch_0010_0014,4
11_patch_0010_0015,1
11_patch_0010_0016,4
11_patch_0010_0017,2
11_patch_0010_0018,4
11_patch_0010_0019,4
11_patch_0010_0020,4
11_patch_0010_0021,2
11_patch_0010_0022,1
11_patch_0010_0023,4
11_patch_0010_0024,0
11_patch_0010_0025,3
11_patch_0010_0026,1
11_patch_0010_0027,2
11_patch_0010_0028,3
11_patch_0010_0029,2
11_patch_0011_0000,0
11_patch_0011_0001,3
11_patch_0011_0002,4
11_patch_0011_0003,4
11_patch_0011_0004,2
11_patch_0011_0005,4
11_patch_0011_0006,1
11_patch_0011_0007,3
11_patch_0011_0008,2
11_patch_0011_0009,1
11_patch_0011_0010,3
11_patch_0011_0011,0
11_patch_0011_0012,3
11_patch_0011_0013,-1
11_patch_0011_0014,4
11_patch_0011_0015,2
11_patch_0011_0016,1
11_patch_0011_0017,2
11_patch_0011_0018,0
11_patch_0011_0019,4
11_patch_0011_0020,4
11_patch_0011_0021,4
11_patch_0011_0022,-1
11_patch_0011_0023,2
11_patch_0011_0024,3
11_patch_0011_0025,1
11_patch_0011_0026,4
11_patch_0011_0027,1
11_patch_0011_0028,2
11_patch_0011_0029,0
11_patch_0012_0000,1
11_patch_0012_0001,1
11_patch_0012_0002,1
11_patch_0012_0003,2
11_patch_0012_0004,1
11_patch_0012_0005,1
11_patch_0012_0006,-1
11_patch_0012_0007,2
11_patch_0012_0008,4
11_patch_0012_0009,2
11_patch_0012_0010,3
11_patch_0012_0011,2
11_patch_0012_0012,3
11_patch_0012_0013,-1
11_patch_0012_0014,3
11_patch_0012_0015,4
11_patch_0012_0016,0
11_patch_0012_0017,4
11_patch_0012_0018,3
11_patch_0012_0019,1
11_patch_0012_0020,-1
11_patch_0012_0021,4
11_patch_0012_0022,3
11_patch_0012_0023,4
11_patch_0012_0024,2
11_patch_0012_0025,2
11_patch_0012_0026,2
11_patch_0012_0027,1
11_patch_0012_0028,0
11_patch_0012_0029,4
11_patch_0013_0000,3
11_patch_0013_0001,1
11_patch_0013_0002,3
11_patch_0013_0003,1
11_patch_0013_0004,3
11_patch_0013_0005,2
11_patch_0013_0006,-1
11_patch_0013_0007,1
11_patch_0013_0008,2
11_patch_0013_0009,4
11_patch_0013_0010,3
11_patch_0013_0011,3
11_patch_0013_0012,3
11_patch_0013_0013,4
11_patch_0013_0014,4
11_patch_0013_0015,-1
11_patch_0013_0016,2
11_patch_0013_0017,1
11_patch_0013_0018,3
11_patch_0013_0019,3
11_patch_0013_0020,1
11_patch_0013_0021,-1
11_patch_0013_0022,3
11_patch_0013_0023,1
11_patch_0013_0024,1
11_patch_0013_0025,2
11_patch_0013_0026,1
11_patch_0013_0027,4
11_patch_0013_0028,0
11_patch_0013_0029,0
11_patch_0014_0000,4
11_patch_0014_0001,3
11_patch_0014_0002,3
11_patch_0014_0003,2
11_patch_0014_0004,1
11_patch_0014_0005,2
11_patch_0014_0006,1
11_patch_0014_0007,3
11_patch_0014_0008,3
11_patch_0014_0009,4
11_patch_0014_0010,3
11_patch_0014_0011,3
11_patch_0014_0012,1
11_patch_0014_0013,4
11_patch_0014_0014,1
11_patch_0014_0015,3
11_patch_0014_0016,3
11_patch_0014_0017,4
11_patch_0014_0018,3
11_patch_0014_0019,0
11_patch_0014_0020,1
11_patch_0014_0021,2
11_patch_0014_0022,1
11_patch_0014_0023,-1
11_patch_0014_0024,3
11_patch_0014_0025,3
11_patch_0014_0026,2
11_patch_0014_0027,3
11_patch_0014_0028,0
11_patch_0014_0029,1
11_patch_0015_0000,2
11_patch_0015_0001,4
11_patch_0015_0002,1
11_patch_0015_0003,-1
11_patch_0015_0004,3
11_patch_0015_0005,4
11_patch_0015_0006,2
11_patch_0015_0007,2
11_patch_0015_0008,0
11_patch_0015_0009,-1
11_patch_0015_0010,3
11_patch_0015_0011,2
11_patch_0015_0012,1
11_patch_0015_0013,-1
11_patch_0015_0014,2
11_patch_0015_0015,2
11_patch_0015_0016,3
11_patch_0015_0017,1
11_patch_0015_0018,3
11_patch_0015_0019,2
11_patch_0015_0020,4
11_patch_0015_0021,-1
11_patch_0015_0022,0
11_patch_0015_0023,2
11_patch_0015_0024,3
11_patch_0015_0025,4
11_patch_0015_0026,3
11_patch_0015_0027,4
11_patch_0015_0028,2
11_patch_0015_0029,4
11_patch_0016_0000,-1
11_patch_0016_0001,3
11_patch_0016_0002,0
11_patch_0016_0003,0
11_patch_0016_0004,1
11_patch_0016_0005,1
11_patch_0016_0006,4
11_patch_0016_0007,2
11_patch_0016_0008,1
11_patch_0016_0009,1
11_patch_0016_0010,0
11_patch_0016_0011,3
11_patch_0016_0012,2
11_patch_0016_0013,-1
11_patch_0016_0014,3
11_patch_0016_0015,1
11_patch_0016_0016,-1
11_patch_0016_0017,1
11_patch_0016_0018,1
11_patch_0016_0019,1
11_patch_0016_0020,3
11_patch_0016_0021,3
11_patch_0016_0022,3
11_patch_0016_0023,1
11_patch_0016_0024,1
11_patch_0016_0025,4
11_patch_0016_0026,1
11_patch_0016_0027,2
11_patch_0016_0028,1
11_patch_0016_0029,0
11_patch_0017_0000,2
11_patch_0017_0001,3
11_patch_0017_0002,4
11_patch_0017_0003,0
11_patch_0017_0004,1
11_patch_0017_0005,3
11_patch_0017_0006,2
11_patch_0017_0007,1
11_patch_0017_0008,3
11_patch_0017_0009,2
11_patch_0017_0010,3
11_patch_0017_0011,2
11_patch_0017_0012,3
11_patch_0017_0013,3
11_patch_0017_0014,1
11_patch_0017_0015,1
11_patch_0017_0016,3
11_patch_0017_0017,4
11_patch_0017_0018,2
11_patch_0017_0019,4
11_patch_0017_0020,4
11_patch_0017_0021,1
11_patch_0017_0022,3
11_patch_0017_0023,1
11_patch_0017_0024,3
11_patch_0017_0025,-1
11_patch_0017_0026,2
11_patch_0017_0027,3
11_patch_0017_0028,2
11_patch_0017_0029,2
11_patch_0018_0000,0
11_patch_0018_0001,2
11_patch_0018_0002,3
11_patch_0018_0003,3
11_patch_0018_0004,3
11_patch_0018_0005,-1
11_patch_0018_0006,4
11_patch_0018_0007,1
11_patch_0018_0008,1
11_patch_0018_0009,1
11_patch_0018_0010,4
11_patch_0018_0011,0
11_patch_0018_0012,-1
11_patch_0018_0013,3
11_patch_0018_0014,3
11_patch_0018_0015,2
11_patch_0018_0016,-1
11_patch_0018_0017,0
11_patch_0018_0018,0
11_patch_0018_0019,1
11_patch_0018_0020,0
11_patch_0018_0021,2
11_patch_0018_0022,3
11_patch_0018_0023,3
11_patch_0018_0024,1
11_patch_0018_0025,4
11_patch_0018_0026,4
11_patch_0018_0027,0
11_patch_0018_0028,1
11_patch_0018_0029,4
11_patch_0019_0000,4
11_patch_0019_0001,1
11_patch_0019_0002,0
11_patch_0019_0003,2
11_patch_0019_0004,4
11_patch_0019_0005,3
11_patch_0019_0006,0
11_patch_0019_0007,1
11_patch_0019_0008,1
11_patch_0019_0009,4
11_patch_0019_0010,3
11_patch_0019_0011,3
11_patch_0019_0012,3
11_patch_0019_0013,3
11_patch_0019_0014,1
11_patch_0019_0015,3
11_patch_0019_0016,3
11_patch_0019_0017,-1
11_patch_0019_0018,1
11_patch_0019_0019,2
11_patch_0019_0020,3
11_patch_0019_0021,4
11_patch_0019_0022,4
11_patch_0019_0023,4
11_patch_0019_0024,3
11_patch_0019_0025,1
11_patch_0019_0026,1
11_patch_0019_0027,3
11_patch_0019_0028,2
11_patch_0019_0029,1
11_patch_0020_0000,1
11_patch_0020_0001,2
11_patch_0020_0002,2
11_patch_0020_0003,-1
11_patch_0020_0004,1
11_patch_0020_0005,3
11_patch_0020_0006,3
11_patch_0020_0007,4
11_patch_0020_0008,-1
11_patch_0020_0009,3
11_patch_0020_0010,0
11_patch_0020_0011,1
11_patch_0020_0012,1
11_patch_0020_0013,-1
11_patch_0020_0014,-1
11_patch_0020_0015,3
11_patch_0020_0016,1
11_patch_0020_0017,1
11_patch_0020_0018,4
11_patch_0020_0019,0
11_patch_0020_0020,2
11_patch_0020_0021,-1
11_patch_0020_0022,-1
11_patch_0020_0023,0
11_patch_0020_0024,2
11_patch_0020_0025,3
11_patch_0020_0026,2
11_patch_0020_0027,0
11_patch_0020_0028,2
11_patch_0020_0029,1
11_patch_0021_0000,1
11_patch_0021_0001,4
11_patch_0021_0002,1
11_patch_0021_0003,-1
11_patch_0021_0004,3
11_patch_0021_0005,3
11_patch_0021_0006,3
11_patch_0021_0007,1
11_patch_0021_0008,2
11_patch_0021_0009,4
11_patch_0021_0010,4
11_patch_0021_0011,3
11_patch_0021_0012,3
11_patch_0021_0013,3
11_patch_0021_0014,2
11_patch_0021_0015,4
11_patch_0021_0016,2
11_patch_0021_0017,-1
11_patch_0021_0018,3
11_patch_0021_0019,1
11_patch_0021_0020,4
11_patch_0021_0021,0
11_patch_0021_0022,4
11_patch_0021_0023,3
11_patch_0021_0024,1
11_patch_0021_0025,0
11_patch_0021_0026,4
11_patch_0021_0027,4
11_patch_0021_0028,3
11_patch_0021_0029,2
12_patch_0000_0000,1
12_patch_0000_0001,2
12_patch_0000_0002,3
12_patch_0000_0003,0
12_patch_0000_0004,4
12_patch_0000_0005,2
12_patch_0000_0006,3
12_patch_0000_0007,1
12_patch_0000_0008,3
12_patch_0000_0009,3
12_patch_0000_0010,1
12_patch_0000_0011,4
12_patch_0000_0012,3
12_patch_0000_0013,0
12_patch_0000_0014,1
12_patch_0000_0015,-1
12_patch_0000_0016,1
12_patch_0000_0017,0
12_patch_0000_0018,1
12_patch_0000_0019,3
12_patch_0000_0020,2
12_patch_0000_0021,0
12_patch_0001_0000,-1
12_patch_0001_0001,2
12_patch_0001_0002,3
12_patch_0001_0003,1
12_patch_0001_0004,1
12_patch_0001_0005,2
12_patch_0001_0006,2
12_patch_0001_0007,4
12_patch_0001_0008,-1
12_patch_0001_0009,3
12_patch_0001_0010,2
12_patch_0001_0011,3
12_patch_0001_0012,4
12_patch_0001_0013,2
12_patch_0001_0014,4
12_patch_0001_0015,3
12_patch_0001_0016,3
12_patch_0001_0017,3
12_patch_0001_0018,4
12_patch_0001_0019,1
12_patch_0001_0020,-1
12_patch_0001_0021,2
12_patch_0002_0000,1
12_patch_0002_0001,1
12_patch_0002_0002,2
12_patch_0002_0003,2
12_patch_0002_0004,0
12_patch_0002_0005,1
12_patch_0002_0006,4
12_patch_0002_0007,4
12_patch_0002_0008,2
12_patch_0002_0009,2
12_patch_0002_0010,0
12_patch_0002_0011,-1
12_patch_0002_0012,3
12_patch_0002_0013,0
12_patch_0002_0014,0
12_patch_0002_0015,4
12_patch_0002_0016,4
12_patch_0002_0017,0
12_patch_0002_0018,2
12_patch_0002_0019,3
12_patch_0002_0020,1
12_patch_0002_0021,1
12_patch_0003_0000,3
12_patch_0003_0001,-1
12_patch_0003_0002,0
12_patch_0003_0003,4
12_patch_0003_0004,1
12_patch_0003_0005,2
12_patch_0003_0006,0
12_patch_0003_0007,3
12_patch_0003_0008,3
12_patch_0003_0009,4
12_patch_0003_0010,4
12_patch_0003_0011,3
12_patch_0003_0012,3
12_patch_0003_0013,1
12_patch_0003_0014,2
12_patch_0003_0015,3
12_patch_0003_0016,4
12_patch_0003_0017,1
12_patch_0003_0018,2
12_patch_0003_0019,2
12_patch_0003_0020,-1
12_patch_0003_0021,3
12_patch_0004_0000,2
12_patch_0004_0001,2
12_patch_0004_0002,3
12_patch_0004_0003,0
12_patch_0004_0004,3
12_patch_0004_0005,1
12_patch_0004_0006,1
12_patch_0004_0007,3
12_patch_0004_0008,4
12_patch_0004_0009,1
12_patch_0004_0010,1
12_patch_0004_0011,4
12_patch_0004_0012,2
12_patch_0004_0013,2
12_patch_0004_0014,4
12_patch_0004_0015,4
12_patch_0004_0016,2
12_patch_0004_0017,4
12_patch_0004_0018,-1
12_patch_0004_0019,2
12_patch_0004_0020,0
12_patch_0004_0021,1
12_patch_0005_0000,2
12_patch_0005_0001,4
12_patch_0005_0002,1
12_patch_0005_0003,0
12_patch_0005_0004,1
12_patch_0005_0005,2
12_patch_0005_0006,4
12_patch_0005_0007,0
12_patch_0005_0008,2
12_patch_0005_0009,2
12_patch_0005_0010,2
12_patch_0005_0011,2
12_patch_0005_0012,1
12_patch_0005_0013,1
12_patch_0005_0014,2
12_patch_0005_0015,3
12_patch_0005_0016,0
12_patch_0005_0017,1
12_patch_0005_0018,-1
12_patch_0005_0019,2
12_patch_0005_0020,-1
12_patch_0005_0021,4
12_patch_0006_0000,4
12_patch_0006_0001,1
12_patch_0006_0002,1
12_patch_0006_0003,1
12_patch_0006_0004,1
12_patch_0006_0005,1
12_patch_0006_0006,1
12_patch_0006_0007,2
12_patch_0006_0008,2
12_patch_0006_0009,1
12_patch_0006_0010,2
12_patch_0006_0011,-1
12_patch_0006_0012,4
12_patch_0006_0013,3
12_patch_0006_0014,2
12_patch_0006_0015,2
12_patch_0006_0016,3
12_patch_0006_0017,3
12_patch_0006_0018,1
12_patch_0006_0019,-1
12_patch_0006_0020,3
12_patch_0006_0021,3
12_patch_0007_0000,3
12_patch_0007_0001,1
12_patch_0007_0002,1
12_patch_0007_0003,3
12_patch_0007_0004,3
12_patch_0007_0005,2
12_patch_0007_0006,1
12_patch_0007_0007,2
12_patch_0007_0008,4
12_patch_0007_0009,-1
12_patch_0007_0010,3
12_patch_0007_0011,1
12_patch_0007_0012,4
12_patch_0007_0013,3
12_patch_0007_0014,3
12_patch_0007_0015,3
12_patch_0007_0016,4
12_patch_0007_0017,3
12_patch_0007_0018,4
12_patch_0007_0019,1
12_patch_0007_0020,3
12_patch_0007_0021,4
12_patch_0008_0000,-1
12_patch_0008_0001,2
12_patch_0008_0002,4
12_patch_0008_0003,4
12_patch_0008_0004,1
12_patch_0008_0005,3
12_patch_0008_0006,2
12_patch_0008_0007,1
12_patch_0008_0008,4
12_patch_0008_0009,2
12_patch_0008_0010,-1
12_patch_0008_0011,-1
12_patch_0008_0012,3
12_patch_0008_0013,1
12_patch_0008_0014,3
12_patch_0008_0015,2
12_patch_0008_0016,4
12_patch_0008_0017,2
12_patch_0008_0018,1
12_patch_0008_0019,3
12_patch_0008_0020,2
12_patch_0008_0021,4
12_patch_0009_0000,3
12_patch_0009_0001,4
12_patch_0009_0002,3
12_patch_0009_0003,4
12_patch_0009_0004,4
12_patch_0009_0005,2
12_patch_0009_0006,0
12_patch_0009_0007,1
12_patch_0009_0008,-1
12_patch_0009_0009,2
12_patch_0009_0010,3
12_patch_0009_0011,4
12_patch_0009_0012,0
12_patch_0009_0013,4
12_patch_0009_0014,1
12_patch_0009_0015,1
12_patch_0009_0016,2
12_patch_0009_0017,4
12_patch_0009_0018,1
12_patch_0009_0019,4
12_patch_0009_0020,2
12_patch_0009_0021,2
12_patch_0010_0000,4
12_patch_0010_0001,4
12_patch_0010_0002,4
12_patch_0010_0003,0
12_patch_0010_0004,1
12_patch_0010_0005,4
12_patch_0010_0006,2
12_patch_0010_0007,1
12_patch_0010_0008,-1
12_patch_0010_0009,4
12_patch_0010_0010,3
12_patch_0010_0011,4
12_patch_0010_0012,1
12_patch_0010_0013,1
12_patch_0010_0014,3
12_patch_0010_0015,4
12_patch_0010_0016,0
12_patch_0010_0017,3
12_patch_0010_0018,2
12_patch_0010_0019,1
12_patch_0010_0020,4
12_patch_0010_0021,1
12_patch_0011_0000,4
12_patch_0011_0001,2
12_patch_0011_0002,1
12_patch_0011_0003,1
12_patch_0011_0004,2
12_patch_0011_0005,2
12_patch_0011_0006,1
12_patch_0011_0007,4
12_patch_0011_0008,3
12_patch_0011_0009,3
12_patch_0011_0010,-1
12_patch_0011_0011,1
12_patch_0011_0012,3
12_patch_0011_0013,2
12_patch_0011_0014,3
12_patch_0011_0015,3
12_patch_0011_0016,2
12_patch_0011_0017,3
12_patch_0011_0018,2
12_patch_0011_0019,4
12_patch_0011_0020,-1
12_patch_0011_0021,2
12_patch_0012_0000,2
12_patch_0012_0001,3
12_patch_0012_0002,4
12_patch_0012_0003,-1
12_patch_0012_0004,2
12_patch_0012_0005,1
12_patch_0012_0006,0
12_patch_0012_0007,4
12_patch_0012_0008,4
12_patch_0012_0009,-1
12_patch_0012_0010,1
12_patch_0012_0011,4
12_patch_0012_0012,3
12_patch_0012_0013,4
12_patch_0012_0014,2
12_patch_0012_0015,0
12_patch_0012_0016,2
12_patch_0012_0017,-1
12_patch_0012_0018,4
12_patch_0012_0019,2
12_patch_0012_0020,-1
12_patch_0012_0021,4
12_patch_0013_0000,2
12_patch_0013_0001,2
12_patch_0013_0002,-1
12_patch_0013_0003,1
12_patch_0013_0004,1
12_patch_0013_0005,4
12_patch_0013_0006,2
12_patch_0013_0007,2
12_patch_0013_0008,4
12_patch_0013_0009,1
12_patch_0013_0010,-1
12_patch_0013_0011,-1
12_patch_0013_0012,3
12_patch_0013_0013,4
12_patch_0013_0014,1
12_patch_0013_0015,3
12_patch_0013_0016,0
12_patch_0013_0017,4
12_patch_0013_0018,1
12_patch_0013_0019,3
12_patch_0013_0020,3
12_patch_0013_0021,0
12_patch_0014_0000,1
12_patch_0014_0001,0
12_patch_0014_0002,4
12_patch_0014_0003,1
12_patch_0014_0004,1
12_patch_0014_0005,2
12_patch_0014_0006,3
12_patch_0014_0007,-1
12_patch_0014_0008,4
12_patch_0014_0009,1
12_patch_0014_0010,2
12_patch_0014_0011,2
12_patch_0014_0012,4
12_patch_0014_0013,2
12_patch_0014_0014,4
12_patch_0014_0015,-1
12_patch_0014_0016,1
12_patch_0014_0017,2
12_patch_0014_0018,0
12_patch_0014_0019,2
12_patch_0014_0020,4
12_patch_0014_0021,-1
12_patch_0015_0000,3
12_patch_0015_0001,4
12_patch_0015_0002,2
12_patch_0015_0003,3
12_patch_0015_0004,2
12_patch_0015_0005,2
12_patch_0015_0006,3
12_patch_0015_0007,2
12_patch_0015_0008,3
12_patch_0015_0009,3
12_patch_0015_0010,2
12_patch_0015_0011,1
12_patch_0015_0012,4
12_patch_0015_0013,1
12_patch_0015_0014,1
12_patch_0015_0015,0
12_patch_0015_0016,1
12_patch_0015_0017,3
12_patch_0015_0018,2
12_patch_0015_0019,3
12_patch_0015_0020,-1
12_patch_0015_0021,3
12_patch_0016_0000,-1
12_patch_0016_0001,1
12_patch_0016_0002,4
12_patch_0016_0003,2
12_patch_0016_0004,0
12_patch_0016_0005,3
12_patch_0016_0006,3
12_patch_0016_0007,1
12_patch_0016_0008,4
12_patch_0016_0009,4
12_patch_0016_0010,2
12_patch_0016_0011,2
12_patch_0016_0012,4
12_patch_0016_0013,4
12_patch_0016_0014,4
12_patch_0016_0015,4
12_patch_0016_0016,2
12_patch_0016_0017,3
12_patch_0016_0018,-1
12_patch_0016_0019,3
12_patch_0016_0020,2
12_patch_0016_0021,0
12_patch_0017_0000,3
12_patch_0017_0001,0
12_patch_0017_0002,2
12_patch_0017_0003,4
12_patch_0017_0004,2
12_patch_0017_0005,1
12_patch_0017_0006,0
12_patch_0017_0007,3
12_patch_0017_0008,2
12_patch_0017_0009,4
12_patch_0017_0010,1
12_patch_0017_0011,2
12_patch_0017_0012,2
12_patch_0017_0013,0
12_patch_0017_0014,0
12_patch_0017_0015,4
12_patch_0017_0016,4
12_patch_0017_0017,3
12_patch_0017_0018,3
12_patch_0017_0019,4
12_patch_0017_0020,1
12_patch_0017_0021,4
12_patch_0018_0000,2
12_patch_0018_0001,4
12_patch_0018_0002,1
12_patch_0018_0003,0
12_patch_0018_0004,2
12_patch_0018_0005,3
12_patch_0018_0006,0
12_patch_0018_0007,3
12_patch_0018_0008,1
12_patch_0018_0009,0
12_patch_0018_0010,4
12_patch_0018_0011,1
12_patch_0018_0012,3
12_patch_0018_0013,-1
12_patch_0018_0014,2
12_patch_0018_0015,3
12_patch_0018_0016,1
12_patch_0018_0017,2
12_patch_0018_0018,3
12_patch_0018_0019,3
12_patch_0018_0020,3
12_patch_0018_0021,1
12_patch_0019_0000,1
12_patch_0019_0001,0
12_patch_0019_0002,3
12_patch_0019_0003,4
12_patch_0019_0004,3
12_patch_0019_0005,2
12_patch_0019_0006,2
12_patch_0019_0007,1
12_patch_0019_0008,4
12_patch_0019_0009,2
12_patch_0019_0010,-1
12_patch_0019_0011,3
12_patch_0019_0012,3
12_patch_0019_0013,0
12_patch_0019_0014,4
12_patch_0019_0015,3
12_patch_0019_0016,4
12_patch_0019_0017,-1
12_patch_0019_0018,2
12_patch_0019_0019,4
12_patch_0019_0020,-1
12_patch_0019_0021,0
12_patch_0020_0000,3
12_patch_0020_0001,3
12_patch_0020_0002,2
12_patch_0020_0003,-1
12_patch_0020_0004,4
12_patch_0020_0005,2
12_patch_0020_0006,1
12_patch_0020_0007,3
12_patch_0020_0008,1
12_patch_0020_0009,4
12_patch_0020_0010,-1
12_patch_0020_0011,2
12_patch_0020_0012,0
12_patch_0020_0013,4
12_patch_0020_0014,4
12_patch_0020_0015,2
12_patch_0020_0016,2
12_patch_0020_0017,4
12_patch_0020_0018,1
12_patch_0020_0019,2
12_patch_0020_0020,2
12_patch_0020_0021,3
12_patch_0021_0000,4
12_patch_0021_0001,2
12_patch_0021_0002,4
12_patch_0021_0003,4
12_patch_0021_0004,3
12_patch_0021_0005,3
12_patch_0021_0006,2
12_patch_0021_0007,4
12_patch_0021_0008,4
12_patch_0021_0009,4
12_patch_0021_0010,1
12_patch_0021_0011,4
12_patch_0021_0012,0
12_patch_0021_0013,-1
12_patch_0021_0014,1
12_patch_0021_0015,3
12_patch_0021_0016,3
12_patch_0021_0017,3
12_patch_0021_0018,2
12_patch_0021_0019,1
12_patch_0021_0020,3
12_patch_0021_0021,3
12_patch_0022_0000,-1
12_patch_0022_0001,2
12_patch_0022_0002,1
12_patch_0022_0003,3
12_patch_0022_0004,4
12_patch_0022_0005,1
12_patch_0022_0006,1
12_patch_0022_0007,4
12_patch_0022_0008,2
12_patch_0022_0009,4
12_patch_0022_0010,1
12_patch_0022_0011,2
12_patch_0022_0012,4
12_patch_0022_0013,3
12_patch_0022_0014,2
12_patch_0022_0015,2
12_patch_0022_0016,4
12_patch_0022_0017,-1
12_patch_0022_0018,-1
12_patch_0022_0019,0
12_patch_0022_0020,-1
12_patch_0022_0021,2
13_patch_0000_0000,-1
13_patch_0000_0001,3
13_patch_0000_0002,-1
13_patch_0000_0003,2
13_patch_0000_0004,0
13_patch_0000_0005,4
13_patch_0000_0006,2
13_patch_0000_0007,3
13_patch_0000_0008,2
13_patch_0000_0009,-1
13_patch_0000_0010,3
13_patch_0000_0011,1
13_patch_0000_0012,4
13_patch_0000_0013,1
13_patch_0000_0014,1
13_patch_0000_0015,2
13_patch_0000_0016,3
13_patch_0000_0017,0
13_patch_0000_0018,-1
13_patch_0000_0019,0
13_patch_0000_0020,3
13_patch_0000_0021,1
13_patch_0000_0022,1
13_patch_0000_0023,3
13_patch_0000_0024,-1
13_patch_0000_0025,1
13_patch_0001_0000,3
13_patch_0001_0001,0
13_patch_0001_0002,3
13_patch_0001_0003,4
13_patch_0001_0004,2
13_patch_0001_0005,1
13_patch_0001_0006,2
13_patch_0001_0007,1
13_patch_0001_0008,3
13_patch_0001_0009,2
13_patch_0001_0010,2
13_patch_0001_0011,2
13_patch_0001_0012,1
13_patch_0001_0013,0
13_patch_0001_0014,3
13_patch_0001_0015,1
13_patch_0001_0016,1
13_patch_0001_0017,1
13_patch_0001_0018,-1
13_patch_0001_0019,4
13_patch_0001_0020,2
13_patch_0001_0021,1
13_patch_0001_0022,4
13_patch_0001_0023,1
13_patch_0001_0024,2
13_patch_0001_0025,2
13_patch_0002_0000,1
13_patch_0002_0001,3
13_patch_0002_0002,3
13_patch_0002_0003,1
13_patch_0002_0004,3
13_patch_0002_0005,2
13_patch_0002_0006,2
13_patch_0002_0007,2
13_patch_0002_0008,3
13_patch_0002_0009,2
13_patch_0002_0010,4
13_patch_0002_0011,-1
13_patch_0002_0012,1
13_patch_0002_0013,2
13_patch_0002_0014,4
13_patch_0002_0015,4
13_patch_0002_0016,1
13_patch_0002_0017,2
13_patch_0002_0018,4
13_patch_0002_0019,4
13_patch_0002_0020,-1
13_patch_0002_0021,4
13_patch_0002_0022,2
13_patch_0002_0023,-1
13_patch_0002_0024,4
13_patch_0002_0025,-1
13_patch_0003_0000,1
13_patch_0003_0001,2
13_patch_0003_0002,0
13_patch_0003_0003,-1
13_patch_0003_0004,1
13_patch_0003_0005,0
13_patch_0003_0006,1
13_patch_0003_0007,4
13_patch_0003_0008,2
13_patch_0003_0009,4
13_patch_0003_0010,1
13_patch_0003_0011,2
13_patch_0003_0012,3
13_patch_0003_0013,3
13_patch_0003_0014,0
13_patch_0003_0015,2
13_patch_0003_0016,1
13_patch_0003_0017,1
13_patch_0003_0018,2
13_patch_0003_0019,4
13_patch_0003_0020,0
13_patch_0003_0021,-1
13_patch_0003_0022,1
13_patch_0003_0023,1
13_patch_0003_0024,2
13_patch_0003_0025,2
13_patch_0004_0000,1
13_patch_0004_0001,3
13_patch_0004_0002,3
13_patch_0004_0003,1
13_patch_0004_0004,3
13_patch_0004_0005,3
13_patch_0004_0006,1
13_patch_0004_0007,3
13_patch_0004_0008,3
13_patch_0004_0009,2
13_patch_0004_0010,4
13_patch_0004_0011,2
13_patch_0004_0012,2
13_patch_0004_0013,2
13_patch_0004_0014,4
13_patch_0004_0015,2
13_patch_0004_0016,1
13_patch_0004_0017,4
13_patch_0004_0018,2
13_patch_0004_0019,1
13_patch_0004_0020,2
13_patch_0004_0021,-1
13_patch_0004_0022,1
13_patch_0004_0023,2
13_patch_0004_0024,1
13_patch_0004_0025,4
13_patch_0005_0000,2
13_patch_0005_0001,2
13_patch_0005_0002,4
13_patch_0005_0003,1
13_patch_0005_0004,2
13_patch_0005_0005,2
13_patch_0005_0006,2
13_patch_0005_0007,4
13_patch_0005_0008,-1
13_patch_0005_0009,-1
13_patch_0005_0010,4
13_patch_0005_0011,4
13_patch_0005_0012,-1
13_patch_0005_0013,4
13_patch_0005_0014,3
13_patch_0005_0015,2
13_patch_0005_0016,2
13_patch_0005_0017,2
13_patch_0005_0018,3
13_patch_0005_0019,-1
13_patch_0005_0020,1
13_patch_0005_0021,2
13_patch_0005_0022,-1
13_patch_0005_0023,3
13_patch_0005_0024,2
13_patch_0005_0025,4
13_patch_0006_0000,-1
13_patch_0006_0001,1
13_patch_0006_0002,3
13_patch_0006_0003,2
13_patch_0006_0004,2
13_patch_0006_0005,4
13_patch_0006_0006,2
13_patch_0006_0007,2
13_patch_0006_0008,1
13_patch_0006_0009,3
13_patch_0006_0010,0
13_patch_0006_0011,4
13_patch_0006_0012,-1
13_patch_0006_0013,1
13_patch_0006_0014,4
13_patch_0006_0015,-1
13_patch_0006_0016,1
13_patch_0006_0017,2
13_patch_0006_0018,3
13_patch_0006_0019,3
13_patch_0006_0020,4
13_patch_0006_0021,2
13_patch_0006_0022,2
13_patch_0006_0023,2
13_patch_0006_0024,3
13_patch_0006_0025,1
13_patch_0007_0000,4
13_patch_0007_0001,3
13_patch_0007_0002,1
13_patch_0007_0003,4
13_patch_0007_0004,2
13_patch_0007_0005,2
13_patch_0007_0006,2
13_patch_0007_0007,4
13_patch_0007_0008,1
13_patch_0007_0009,0
13_patch_0007_0010,2
13_patch_0007_0011,4
13_patch_0007_0012,2
13_patch_0007_0013,0
13_patch_0007_0014,3
13_patch_0007_0015,1
13_patch_0007_0016,2
13_patch_0007_0017,3
13_patch_0007_0018,4
13_patch_0007_0019,2
13_patch_0007_0020,2
13_patch_0007_0021,0
13_patch_0007_0022,3
13_patch_0007_0023,3
13_patch_0007_0024,2
13_patch_0007_0025,1
13_patch_0008_0000,4
13_patch_0008_0001,1
13_patch_0008_0002,1
13_patch_0008_0003,2
13_patch_0008_0004,2
13_patch_0008_0005,1
13_patch_0008_0006,1
13_patch_0008_0007,1
13_patch_0008_0008,2
13_patch_0008_0009,2
13_patch_0008_0010,1
13_patch_0008_0011,0
13_patch_0008_0012,3
13_patch_0008_0013,4
13_patch_0008_0014,4
13_patch_0008_0015,-1
13_patch_0008_0016,2
13_patch_0008_0017,2
13_patch_0008_0018,2
13_patch_0008_0019,0
13_patch_0008_0020,3
13_patch_0008_0021,3
13_patch_0008_0022,1
13_patch_0008_0023,1
13_patch_0008_0024,4
13_patch_0008_0025,4
13_patch_0009_0000,2
13_patch_0009_0001,-1
13_patch_0009_0002,3
13_patch_0009_0003,2
13_patch_0009_0004,1
13_patch_0009_0005,4
13_patch_0009_0006,4
13_patch_0009_0007,4
13_patch_0009_0008,1
13_patch_0009_0009,4
13_patch_0009_0010,1
13_patch_0009_0011,1
13_patch_0009_0012,2
13_patch_0009_0013,4
13_patch_0009_0014,4
13_patch_0009_0015,-1
13_patch_0009_0016,3
13_patch_0009_0017,3
13_patch_0009_0018,4
13_patch_0009_0019,4
13_patch_0009_0020,1
13_patch_0009_0021,-1
13_patch_0009_0022,0
13_patch_0009_0023,-1
13_patch_0009_0024,3
13_patch_0009_0025,4
13_patch_0010_0000,3
13_patch_0010_0001,2
13_patch_0010_0002,2
13_patch_0010_0003,4
13_patch_0010_0004,1
13_patch_0010_0005,0
13_patch_0010_0006,2
13_patch_0010_0007,2
13_patch_0010_0008,4
13_patch_0010_0009,1
13_patch_0010_0010,4
13_patch_0010_0011,-1
13_patch_0010_0012,2
13_patch_0010_0013,1
13_patch_0010_0014,4
13_patch_0010_0015,4
13_patch_0010_0016,0
13_patch_0010_0017,4
13_patch_0010_0018,3
13_patch_0010_0019,2
13_patch_0010_0020,2
13_patch_0010_0021,-1
13_patch_0010_0022,0
13_patch_0010_0023,1
13_patch_0010_0024,4
13_patch_0010_0025,3
13_patch_0011_0000,4
13_patch_0011_0001,4
13_patch_0011_0002,1
13_patch_0011_0003,3
13_patch_0011_0004,2
13_patch_0011_0005,3
13_patch_0011_0006,3
13_patch_0011_0007,-1
13_patch_0011_0008,2
13_patch_0011_0009,4
13_patch_0011_0010,1
13_patch_0011_0011,2
13_patch_0011_0012,2
13_patch_0011_0013,4
13_patch_0011_0014,3
13_patch_0011_0015,2
13_patch_0011_0016,-1
13_patch_0011_0017,3
13_patch_0011_0018,2
13_patch_0011_0019,2
13_patch_0011_0020,-1
13_patch_0011_0021,2
13_patch_0011_0022,3
13_patch_0011_0023,0
13_patch_0011_0024,3
13_patch_0011_0025,4
13_patch_0012_0000,2
13_patch_0012_0001,0
13_patch_0012_0002,0
13_patch_0012_0003,-1
13_patch_0012_0004,4
13_patch_0012_0005,0
13_patch_0012_0006,4
13_patch_0012_0007,4
13_patch_0012_0008,2
13_patch_0012_0009,2
13_patch_0012_0010,4
13_patch_0012_0011,1
13_patch_0012_0012,4
13_patch_0012_0013,3
13_patch_0012_0014,3
13_patch_0012_0015,3
13_patch_0012_0016,4
13_patch_0012_0017,2
13_patch_0012_0018,1
13_patch_0012_0019,1
13_patch_0012_0020,2
13_patch_0012_0021,3
13_patch_0012_0022,1
13_patch_0012_0023,1
13_patch_0012_0024,3
13_patch_0012_0025,4
13_patch_0013_0000,4
13_patch_0013_0001,1
13_patch_0013_0002,4
13_patch_0013_0003,3
13_patch_0013_0004,-1
13_patch_0013_0005,-1
13_patch_0013_0006,2
13_patch_0013_0007,2
13_patch_0013_0008,3
13_patch_0013_0009,0
13_patch_0013_0010,3
13_patch_0013_0011,3
13_patch_0013_0012,2
13_patch_0013_0013,1
13_patch_0013_0014,1
13_patch_0013_0015,1
13_patch_0013_0016,2
13_patch_0013_0017,4
13_patch_0013_0018,4
13_patch_0013_0019,3
13_patch_0013_0020,4
13_patch_0013_0021,0
13_patch_0013_0022,1
13_patch_0013_0023,4
13_patch_0013_0024,1
13_patch_0013_0025,2
13_patch_0014_0000,3
13_patch_0014_0001,3
13_patch_0014_0002,4
13_patch_0014_0003,3
13_patch_0014_0004,-1
13_patch_0014_0005,1
13_patch_0014_0006,3
13_patch_0014_0007,1
13_patch_0014_0008,3
13_patch_0014_0009,2
13_patch_0014_0010,0
13_patch_0014_0011,3
13_patch_0014_0012,2
13_patch_0014_0013,0
13_patch_0014_0014,0
13_patch_0014_0015,1
13_patch_0014_0016,2
13_patch_0014_0017,3
13_patch_0014_0018,3
13_patch_0014_0019,0
13_patch_0014_0020,4
13_patch_0014_0021,4
13_patch_0014_0022,2
13_patch_0014_0023,3
13_patch_0014_0024,4
13_patch_0014_0025,-1
13_patch_0015_0000,3
13_patch_0015_0001,4
13_patch_0015_0002,2
13_patch_0015_0003,4
13_patch_0015_0004,4
13_patch_0015_0005,4
13_patch_0015_0006,3
13_patch_0015_0007,1
13_patch_0015_0008,3
13_patch_0015_0009,4
13_patch_0015_0010,2
13_patch_0015_0011,0
13_patch_0015_0012,4
13_patch_0015_0013,1
13_patch_0015_0014,0
13_patch_0015_0015,0
13_patch_0015_0016,3
13_patch_0015_0017,3
13_patch_0015_0018,2
13_patch_0015_0019,1
13_patch_0015_0020,1
13_patch_0015_0021,4
13_patch_0015_0022,2
13_patch_0015_0023,1
13_patch_0015_0024,3
13_patch_0015_0025,2
13_patch_0016_0000,3
13_patch_0016_0001,2
13_patch_0016_0002,-1
13_patch_0016_0003,3
13_patch_0016_0004,2
13_patch_0016_0005,1
13_patch_0016_0006,1
13_patch_0016_0007,4
13_patch_0016_0008,2
13_patch_0016_0009,0
13_patch_0016_0010,2
13_patch_0016_0011,4
13_patch_0016_0012,3
13_patch_0016_0013,3
13_patch_0016_0014,0
13_patch_0016_0015,3
13_patch_0016_0016,3
13_patch_0016_0017,4
13_patch_0016_0018,3
13_patch_0016_0019,0
13_patch_0016_0020,0
13_patch_0016_0021,3
13_patch_0016_0022,4
13_patch_0016_0023,0
13_patch_0016_0024,3
13_patch_0016_0025,0
13_patch_0017_0000,3
13_patch_0017_0001,3
13_patch_0017_0002,0
13_patch_0017_0003,-1
13_patch_0017_0004,0
13_patch_0017_0005,2
13_patch_0017_0006,1
13_patch_0017_0007,2
13_patch_0017_0008,3
13_patch_0017_0009,-1
13_patch_0017_0010,1
13_patch_0017_0011,-1
13_patch_0017_0012,4
13_patch_0017_0013,0
13_patch_0017_0014,2
13_patch_0017_0015,4
13_patch_0017_0016,1
13_patch_0017_0017,2
13_patch_0017_0018,3
13_patch_0017_0019,2
13_patch_0017_0020,1
13_patch_0017_0021,-1
13_patch_0017_0022,4
13_patch_0017_0023,1
13_patch_0017_0024,0
13_patch_0017_0025,4
13_patch_0018_0000,1
13_patch_0018_0001,4
13_patch_0018_0002,-1
13_patch_0018_0003,1
13_patch_0018_0004,1
13_patch_0018_0005,2
13_patch_0018_0006,-1
13_patch_0018_0007,-1
13_patch_0018_0008,-1
13_patch_0018_0009,2
13_patch_0018_0010,4
13_patch_0018_0011,3
13_patch_0018_0012,3
13_patch_0018_0013,2
13_patch_0018_0014,4
13_patch_0018_0015,1
13_patch_0018_0016,2
13_patch_0018_0017,3
13_patch_0018_0018,-1
13_patch_0018_0019,-1
13_patch_0018_0020,0
13_patch_0018_0021,4
13_patch_0018_0022,0
13_patch_0018_0023,-1
13_patch_0018_0024,2
13_patch_0018_0025,3
13_patch_0019_0000,4
13_patch_0019_0001,4
13_patch_0019_0002,1
13_patch_0019_0003,3
13_patch_0019_0004,4
13_patch_0019_0005,1
13_patch_0019_0006,4
13_patch_0019_0007,4
13_patch_0019_0008,-1
13_patch_0019_0009,1
13_patch_0019_0010,4
13_patch_0019_0011,-1
13_patch_0019_0012,1
13_patch_0019_0013,2
13_patch_0019_0014,2
13_patch_0019_0015,0
13_patch_0019_0016,4
13_patch_0019_0017,3
13_patch_0019_0018,1
13_patch_0019_0019,2
13_patch_0019_0020,0
13_patch_0019_0021,2
13_patch_0019_0022,1
13_patch_0019_0023,2
13_patch_0019_0024,4
13_patch_0019_0025,3
14_patch_0000_0000,4
14_patch_0000_0001,1
14_patch_0000_0002,3
14_patch_0000_0003,3
14_patch_0000_0004,2
14_patch_0000_0005,3
14_patch_0000_0006,1
14_patch_0000_0007,3
14_patch_0000_0008,3
14_patch_0000_0009,-1
14_patch_0000_0010,3
14_patch_0000_0011,2
14_patch_0000_0012,2
14_patch_0000_0013,3
14_patch_0000_0014,1
14_patch_0000_0015,-1
14_patch_0000_0016,3
14_patch_0000_0017,4
14_patch_0000_0018,2
14_patch_0000_0019,3
14_patch_0000_0020,4
14_patch_0000_0021,1
14_patch_0000_0022,-1
14_patch_0000_0023,-1
14_patch_0001_0000,3
14_patch_0001_0001,4
14_patch_0001_0002,4
14_patch_0001_0003,-1
14_patch_0001_0004,-1
14_patch_0001_0005,1
14_patch_0001_0006,3
14_patch_0001_0007,3
14_patch_0001_0008,2
14_patch_0001_0009,2
14_patch_0001_0010,2
14_patch_0001_0011,-1
14_patch_0001_0012,-1
14_patch_0001_0013,2
14_patch_0001_0014,4
14_patch_0001_0015,1
14_patch_0001_0016,0
14_patch_0001_0017,-1
14_patch_0001_0018,1
14_patch_0001_0019,-1
14_patch_0001_0020,4
14_patch_0001_0021,3
14_patch_0001_0022,-1
14_patch_0001_0023,4
14_patch_0002_0000,4
14_patch_0002_0001,2
14_patch_0002_0002,0
14_patch_0002_0003,0
14_patch_0002_0004,3
14_patch_0002_0005,4
14_patch_0002_0006,-1
14_patch_0002_0007,1
14_patch_0002_0008,4
14_patch_0002_0009,4
14_patch_0002_0010,1
14_patch_0002_0011,4
14_patch_0002_0012,2
14_patch_0002_0013,4
14_patch_0002_0014,2
14_patch_0002_0015,3
14_patch_0002_0016,2
14_patch_0002_0017,1
14_patch_0002_0018,3
14_patch_0002_0019,2
14_patch_0002_0020,4
14_patch_0002_0021,2
14_patch_0002_0022,3
14_patch_0002_0023,3
14_patch_0003_0000,2
14_patch_0003_0001,4
14_patch_0003_0002,2
14_patch_0003_0003,3
14_patch_0003_0004,1
14_patch_0003_0005,1
14_patch_0003_0006,2
14_patch_0003_0007,1
14_patch_0003_0008,-1
14_patch_0003_0009,4
14_patch_0003_0010,0
14_patch_0003_0011,3
14_patch_0003_0012,2
14_patch_0003_0013,1
14_patch_0003_0014,2
14_patch_0003_0015,2
14_patch_0003_0016,1
14_patch_0003_0017,-1
14_patch_0003_0018,1
14_patch_0003_0019,2
14_patch_0003_0020,3
14_patch_0003_0021,3
14_patch_0003_0022,3
14_patch_0003_0023,-1
14_patch_0004_0000,0
14_patch_0004_0001,4
14_patch_0004_0002,3
14_patch_0004_0003,2
14_patch_0004_0004,-1
14_patch_0004_0005,2
14_patch_0004_0006,4
14_patch_0004_0007,3
14_patch_0004_0008,2
14_patch_0004_0009,2
14_patch_0004_0010,0
14_patch_0004_0011,2
14_patch_0004_0012,3
14_patch_0004_0013,2
14_patch_0004_0014,1
14_patch_0004_0015,2
14_patch_0004_0016,2
14_patch_0004_0017,1
14_patch_0004_0018,-1
14_patch_0004_0019,0
14_patch_0004_0020,3
14_patch_0004_0021,2
14_patch_0004_0022,0
14_patch_0004_0023,3
14_patch_0005_0000,4
14_patch_0005_0001,2
14_patch_0005_0002,-1
14_patch_0005_0003,1
14_patch_0005_0004,4
14_patch_0005_0005,3
14_patch_0005_0006,1
14_patch_0005_0007,0
14_patch_0005_0008,2
14_patch_0005_0009,4
14_patch_0005_0010,-1
14_patch_0005_0011,3
14_patch_0005_0012,3
14_patch_0005_0013,2
14_patch_0005_0014,4
14_patch_0005_0015,3
14_patch_0005_0016,0
14_patch_0005_0017,3
14_patch_0005_0018,3
14_patch_0005_0019,-1
14_patch_0005_0020,1
14_patch_0005_0021,3
14_patch_0005_0022,4
14_patch_0005_0023,1
14_patch_0006_0000,1
14_patch_0006_0001,3
14_patch_0006_0002,4
14_patch_0006_0003,2
14_patch_0006_0004,3
14_patch_0006_0005,4
14_patch_0006_0006,4
14_patch_0006_0007,2
14_patch_0006_0008,3
14_patch_0006_0009,3
14_patch_0006_0010,2
14_patch_0006_0011,3
14_patch_0006_0012,3
14_patch_0006_0013,2
14_patch_0006_0014,0
14_patch_0006_0015,1
14_patch_0006_0016,-1
14_patch_0006_0017,1
14_patch_0006_0018,4
14_patch_0006_0019,1
14_patch_0006_0020,-1
14_patch_0006_0021,3
14_patch_0006_0022,2
14_patch_0006_0023,3
14_patch_0007_0000,1
14_patch_0007_0001,4
14_patch_0007_0002,4
14_patch_0007_0003,4
14_patch_0007_0004,2
14_patch_0007_0005,-1
14_patch_0007_0006,2
14_patch_0007_0007,0
14_patch_0007_0008,-1
14_patch_0007_0009,2
14_patch_0007_0010,3
14_patch_0007_0011,4
14_patch_0007_0012,4
14_patch_0007_0013,1
14_patch_0007_0014,1
14_patch_0007_0015,0
14_patch_0007_0016,1
14_patch_0007_0017,2
14_patch_0007_0018,3
14_patch_0007_0019,2
14_patch_0007_0020,3
14_patch_0007_0021,3
14_patch_0007_0022,2
14_patch_0007_0023,1
14_patch_0008_0000,2
14_patch_0008_0001,0
14_patch_0008_0002,1
14_patch_0008_0003,4
14_patch_0008_0004,3
14_patch_0008_0005,-1
14_patch_0008_0006,4
14_patch_0008_0007,1
14_patch_0008_0008,2
14_patch_0008_0009,3
14_patch_0008_0010,-1
14_patch_0008_0011,4
14_patch_0008_0012,2
14_patch_0008_0013,0
14_patch_0008_0014,3
14_patch_0008_0015,-1
14_patch_0008_0016,2
14_patch_0008_0017,1
14_patch_0008_0018,3
14_patch_0008_0019,4
14_patch_0008_0020,4
14_patch_0008_0021,3
14_patch_0008_0022,2
14_patch_0008_0023,4
14_patch_0009_0000,1
14_patch_0009_0001,1
14_patch_0009_0002,1
14_patch_0009_0003,2
14_patch_0009_0004,4
14_patch_0009_0005,4
14_patch_0009_0006,4
14_patch_0009_0007,3
14_patch_0009_0008,1
14_patch_0009_0009,2
14_patch_0009_0010,4
14_patch_0009_0011,4
14_patch_0009_0012,-1
14_patch_0009_0013,2
14_patch_0009_0014,4
14_patch_0009_0015,3
14_patch_0009_0016,0
14_patch_0009_0017,0
14_patch_0009_0018,4
14_patch_0009_0019,2
14_patch_0009_0020,4
14_patch_0009_0021,4
14_patch_0009_0022,3
14_patch_0009_0023,3
14_patch_0010_0000,1
14_patch_0010_0001,1
14_patch_0010_0002,2
14_patch_0010_0003,2
14_patch_0010_0004,3
14_patch_0010_0005,3
14_patch_0010_0006,0
14_patch_0010_0007,4
14_patch_0010_0008,2
14_patch_0010_0009,-1
14_patch_0010_0010,1
14_patch_0010_0011,4
14_patch_0010_0012,1
14_patch_0010_0013,4
14_patch_0010_0014,2
14_patch_0010_0015,1
14_patch_0010_0016,3
14_patch_0010_0017,3
14_patch_0010_0018,1
14_patch_0010_0019,1
14_patch_0010_0020,4
14_patch_0010_0021,3
14_patch_0010_0022,1
14_patch_0010_0023,-1
14_patch_0011_0000,0
14_patch_0011_0001,1
14_patch_0011_0002,0
14_patch_0011_0003,2
14_patch_0011_0004,3
14_patch_0011_0005,2
14_patch_0011_0006,4
14_patch_0011_0007,0
14_patch_0011_0008,1
14_patch_0011_0009,3
14_patch_0011_0010,2
14_patch_0011_0011,3
14_patch_0011_0012,4
14_patch_0011_0013,3
14_patch_0011_0014,-1
14_patch_0011_0015,1
14_patch_0011_0016,3
14_patch_0011_0017,4
14_patch_0011_0018,2
14_patch_0011_0019,1
14_patch_0011_0020,2
14_patch_0011_0021,2
14_patch_0011_0022,0
14_patch_0011_0023,3
14_patch_0012_0000,1
14_patch_0012_0001,1
14_patch_0012_0002,-1
14_patch_0012_0003,2
14_patch_0012_0004,4
14_patch_0012_0005,0
14_patch_0012_0006,4
14_patch_0012_0007,1
14_patch_0012_0008,3
14_patch_0012_0009,2
14_patch_0012_0010,3
14_patch_0012_0011,3
14_patch_0012_0012,2
14_patch_0012_0013,2
14_patch_0012_0014,3
14_patch_0012_0015,3
14_patch_0012_0016,3
14_patch_0012_0017,2
14_patch_0012_0018,0
14_patch_0012_0019,3
14_patch_0012_0020,3
14_patch_0012_0021,4
14_patch_0012_0022,-1
14_patch_0012_0023,2
14_patch_0013_0000,2
14_patch_0013_0001,3
14_patch_0013_0002,1
14_patch_0013_0003,-1
14_patch_0013_0004,1
14_patch_0013_0005,1
14_patch_0013_0006,4
14_patch_0013_0007,2
14_patch_0013_0008,3
14_patch_0013_0009,4
14_patch_0013_0010,-1
14_patch_0013_0011,1
14_patch_0013_0012,4
14_patch_0013_0013,1
14_patch_0013_0014,3
14_patch_0013_0015,3
14_patch_0013_0016,2
14_patch_0013_0017,1
14_patch_0013_0018,-1
14_patch_0013_0019,0
14_patch_0013_0020,1
14_patch_0013_0021,0
14_patch_0013_0022,1
14_patch_0013_0023,4
14_patch_0014_0000,1
14_patch_0014_0001,4
14_patch_0014_0002,1
14_patch_0014_0003,2
14_patch_0014_0004,3
14_patch_0014_0005,3
14_patch_0014_0006,1
14_patch_0014_0007,0
14_patch_0014_0008,2
14_patch_0014_0009,3
14_patch_0014_0010,1
14_patch_0014_0011,-1
14_patch_0014_0012,2
14_patch_0014_0013,2
14_patch_0014_0014,4
14_patch_0014_0015,3
14_patch_0014_0016,1
14_patch_0014_0017,3
14_patch_0014_0018,-1
14_patch_0014_0019,-1
14_patch_0014_0020,4
14_patch_0014_0021,4
14_patch_0014_0022,4
14_patch_0014_0023,0
14_patch_0015_0000,1
14_patch_0015_0001,4
14_patch_0015_0002,4
14_patch_0015_0003,4
14_patch_0015_0004,3
14_patch_0015_0005,3
14_patch_0015_0006,1
14_patch_0015_0007,1
14_patch_0015_0008,1
14_patch_0015_0009,2
14_patch_0015_0010,3
14_patch_0015_0011,4
14_patch_0015_0012,4
14_patch_0015_0013,4
14_patch_0015_0014,0
14_patch_0015_0015,-1
14_patch_0015_0016,0
14_patch_0015_0017,4
14_patch_0015_0018,-1
14_patch_0015_0019,4
14_patch_0015_0020,-1
14_patch_0015_0021,2
14_patch_0015_0022,4
14_patch_0015_0023,3
14_patch_0016_0000,2
14_patch_0016_0001,3
14_patch_0016_0002,2
14_patch_0016_0003,3
14_patch_0016_0004,3
14_patch_0016_0005,2
14_patch_0016_0006,4
14_patch_0016_0007,3
14_patch_0016_0008,2
14_patch_0016_0009,-1
14_patch_0016_0010,1
14_patch_0016_0011,3
14_patch_0016_0012,4
14_patch_0016_0013,-1
14_patch_0016_0014,3
14_patch_0016_0015,-1
14_patch_0016_0016,2
14_patch_0016_0017,2
14_patch_0016_0018,-1
14_patch_0016_0019,2
14_patch_0016_0020,1
14_patch_0016_0021,3
14_patch_0016_0022,-1
14_patch_0016_0023,4
14_patch_0017_0000,1
14_patch_0017_0001,-1
14_patch_0017_0002,3
14_patch_0017_0003,3
14_patch_0017_0004,0
14_patch_0017_0005,2
14_patch_0017_0006,2
14_patch_0017_0007,2
14_patch_0017_0008,-1
14_patch_0017_0009,1
14_patch_0017_0010,3
14_patch_0017_0011,1
14_patch_0017_0012,3
14_patch_0017_0013,2
14_patch_0017_0014,2
14_patch_0017_0015,2
14_patch_0017_0016,3
14_patch_0017_0017,4
14_patch_0017_0018,4
14_patch_0017_0019,4
14_patch_0017_0020,3
14_patch_0017_0021,3
14_patch_0017_0022,0
14_patch_0017_0023,1
14_patch_0018_0000,0
14_patch_0018_0001,-1
14_patch_0018_0002,1
14_patch_0018_0003,4
14_patch_0018_0004,-1
14_patch_0018_0005,1
14_patch_0018_0006,3
14_patch_0018_0007,2
14_patch_0018_0008,2
14_patch_0018_0009,1
14_patch_0018_0010,2
14_patch_0018_0011,1
14_patch_0018_0012,1
14_patch_0018_0013,4
14_patch_0018_0014,1
14_patch_0018_0015,1
14_patch_0018_0016,2
14_patch_0018_0017,3
14_patch_0018_0018,1
14_patch_0018_0019,2
14_patch_0018_0020,3
14_patch_0018_0021,0
14_patch_0018_0022,3
14_patch_0018_0023,-1
14_patch_0019_0000,1
14_patch_0019_0001,3
14_patch_0019_0002,4
14_patch_0019_0003,3
14_patch_0019_0004,4
14_patch_0019_0005,-1
14_patch_0019_0006,3
14_patch_0019_0007,1
14_patch_0019_0008,2
14_patch_0019_0009,2
14_patch_0019_0010,2
14_patch_0019_0011,2
14_patch_0019_0012,2
14_patch_0019_0013,3
14_patch_0019_0014,1
14_patch_0019_0015,4
14_patch_0019_0016,3
14_patch_0019_0017,3
14_patch_0019_0018,3
14_patch_0019_0019,4
14_patch_0019_0020,2
14_patch_0019_0021,2
14_patch_0019_0022,0
14_patch_0019_0023,3
14_patch_0020_0000,3
14_patch_0020_0001,0
14_patch_0020_0002,2
14_patch_0020_0003,1
14_patch_0020_0004,3
14_patch_0020_0005,3
14_patch_0020_0006,1
14_patch_0020_0007,4
14_patch_0020_0008,3
14_patch_0020_0009,2
14_patch_0020_0010,-1
14_patch_0020_0011,0
14_patch_0020_0012,2
14_patch_0020_0013,1
14_patch_0020_0014,2
14_patch_0020_0015,1
14_patch_0020_0016,1
14_patch_0020_0017,-1
14_patch_0020_0018,1
14_patch_0020_0019,3
14_patch_0020_0020,1
14_patch_0020_0021,1
14_patch_0020_0022,3
14_patch_0020_0023,0
15_patch_0000_0000,3
15_patch_0000_0001,3
15_patch_0000_0002,2
15_patch_0000_0003,3
15_patch_0000_0004,4
15_patch_0000_0005,2
15_patch_0000_0006,3
15_patch_0000_0007,4
15_patch_0000_0008,0
15_patch_0000_0009,4
15_patch_0000_0010,0
15_patch_0000_0011,-1
15_patch_0000_0012,4
15_patch_0000_0013,2
15_patch_0000_0014,3
15_patch_0000_0015,2
15_patch_0000_0016,3
15_patch_0000_0017,1
15_patch_0000_0018,1
15_patch_0000_0019,4
15_patch_0000_0020,4
15_patch_0000_0021,3
15_patch_0000_0022,1
15_patch_0000_0023,3
15_patch_0001_0000,-1
15_patch_0001_0001,-1
15_patch_0001_0002,1
15_patch_0001_0003,2
15_patch_0001_0004,2
15_patch_0001_0005,0
15_patch_0001_0006,3
15_patch_0001_0007,2
15_patch_0001_0008,4
15_patch_0001_0009,0
15_patch_0001_0010,-1
15_patch_0001_0011,3
15_patch_0001_0012,-1
15_patch_0001_0013,2
15_patch_0001_0014,2
15_patch_0001_0015,0
15_patch_0001_0016,-1
15_patch_0001_0017,3
15_patch_0001_0018,0
15_patch_0001_0019,3
15_patch_0001_0020,-1
15_patch_0001_0021,1
15_patch_0001_0022,4
15_patch_0001_0023,1
15_patch_0002_0000,3
15_patch_0002_0001,4
15_patch_0002_0002,-1
15_patch_0002_0003,2
15_patch_0002_0004,2
15_patch_0002_0005,4
15_patch_0002_0006,1
15_patch_0002_0007,3
15_patch_0002_0008,3
15_patch_0002_0009,2
15_patch_0002_0010,3
15_patch_0002_0011,1
15_patch_0002_0012,4
15_patch_0002_0013,1
15_patch_0002_0014,3
15_patch_0002_0015,4
15_patch_0002_0016,2
15_patch_0002_0017,1
15_patch_0002_0018,2
15_patch_0002_0019,0
15_patch_0002_0020,0
15_patch_0002_0021,2
15_patch_0002_0022,-1
15_patch_0002_0023,3
15_patch_0003_0000,-1
15_patch_0003_0001,4
15_patch_0003_0002,-1
15_patch_0003_0003,3
15_patch_0003_0004,3
15_patch_0003_0005,-1
15_patch_0003_0006,4
15_patch_0003_0007,4
15_patch_0003_0008,1
15_patch_0003_0009,4
15_patch_0003_0010,-1
15_patch_0003_0011,1
15_patch_0003_0012,2
15_patch_0003_0013,3
15_patch_0003_0014,4
15_patch_0003_0015,4
15_patch_0003_0016,3
15_patch_0003_0017,1
15_patch_0003_0018,3
15_patch_0003_0019,1
15_patch_0003_0020,3
15_patch_0003_0021,4
15_patch_0003_0022,4
15_patch_0003_0023,3
15_patch_0004_0000,1
15_patch_0004_0001,4
15_patch_0004_0002,0
15_patch_0004_0003,2
15_patch_0004_0004,3
15_patch_0004_0005,4
15_patch_0004_0006,3
15_patch_0004_0007,0
15_patch_0004_0008,1
15_patch_0004_0009,4
15_patch_0004_0010,4
15_patch_0004_0011,-1
15_patch_0004_0012,1
15_patch_0004_0013,1
15_patch_0004_0014,2
15_patch_0004_0015,2
15_patch_0004_0016,2
15_patch_0004_0017,0
15_patch_0004_0018,3
15_patch_0004_0019,-1
15_patch_0004_0020,1
15_patch_0004_0021,4
15_patch_0004_0022,2
15_patch_0004_0023,4
15_patch_0005_0000,1
15_patch_0005_0001,1
15_patch_0005_0002,3
15_patch_0005_0003,-1
15_patch_0005_0004,1
15_patch_0005_0005,4
15_patch_0005_0006,3
15_patch_0005_0007,3
15_patch_0005_0008,1
15_patch_0005_0009,3
15_patch_0005_0010,2
15_patch_0005_0011,4
15_patch_0005_0012,4
15_patch_0005_0013,3
15_patch_0005_0014,4
15_patch_0005_0015,3
15_patch_0005_0016,4
15_patch_0005_0017,0
15_patch_0005_0018,2
15_patch_0005_0019,3
15_patch_0005_0020,-1
15_patch_0005_0021,4
15_patch_0005_0022,1
15_patch_0005_0023,4
15_patch_0006_0000,4
15_patch_0006_0001,4
15_patch_0006_0002,4
15_patch_0006_0003,4
15_patch_0006_0004,4
15_patch_0006_0005,0
15_patch_0006_0006,2
15_patch_0006_0007,1
15_patch_0006_0008,-1
15_patch_0006_0009,4
15_patch_0006_0010,4
15_patch_0006_0011,2
15_patch_0006_0012,3
15_patch_0006_0013,2
15_patch_0006_0014,4
15_patch_0006_0015,3
15_patch_0006_0016,1
15_patch_0006_0017,-1
15_patch_0006_0018,1
15_patch_0006_0019,1
15_patch_0006_0020,3
15_patch_0006_0021,4
15_patch_0006_0022,4
15_patch_0006_0023,2
15_patch_0007_0000,-1
15_patch_0007_0001,1
15_patch_0007_0002,1
15_patch_0007_0003,2
15_patch_0007_0004,1
15_patch_0007_0005,2
15_patch_0007_0006,-1
15_patch_0007_0007,3
15_patch_0007_0008,1
15_patch_0007_0009,3
15_patch_0007_0010,3
15_patch_0007_0011,3
15_patch_0007_0012,2
15_patch_0007_0013,0
15_patch_0007_0014,2
15_patch_0007_0015,2
15_patch_0007_0016,-1
15_patch_0007_0017,0
15_patch_0007_0018,1
15_patch_0007_0019,1
15_patch_0007_0020,3
15_patch_0007_0021,1
15_patch_0007_0022,0
15_patch_0007_0023,1
15_patch_0008_0000,3
15_patch_0008_0001,1
15_patch_0008_0002,-1
15_patch_0008_0003,3
15_patch_0008_0004,2
15_patch_0008_0005,3
15_patch_0008_0006,3
15_patch_0008_0007,2
15_patch_0008_0008,2
15_patch_0008_0009,4
15_patch_0008_0010,2
15_patch_0008_0011,3
15_patch_0008_0012,4
15_patch_0008_0013,3
15_patch_0008_0014,3
15_patch_0008_0015,3
15_patch_0008_0016,-1
15_patch_0008_0017,2
15_patch_0008_0018,2
15_patch_0008_0019,-1
15_patch_0008_0020,2
15_patch_0008_0021,3
15_patch_0008_0022,-1
15_patch_0008_0023,2
15_patch_0009_0000,1
15_patch_0009_0001,-1
15_patch_0009_0002,2
15_patch_0009_0003,1
15_patch_0009_0004,4
15_patch_0009_0005,1
15_patch_0009_0006,3
15_patch_0009_0007,4
15_patch_0009_0008,3
15_patch_0009_0009,3
15_patch_0009_0010,1
15_patch_0009_0011,3
15_patch_0009_0012,-1
15_patch_0009_0013,2
15_patch_0009_0014,1
15_patch_0009_0015,3
15_patch_0009_0016,1
15_patch_0009_0017,3
15_patch_0009_0018,3
15_patch_0009_0019,2
15_patch_0009_0020,1
15_patch_0009_0021,2
15_patch_0009_0022,0
15_patch_0009_0023,-1
15_patch_0010_0000,3
15_patch_0010_0001,0
15_patch_0010_0002,3
15_patch_0010_0003,2
15_patch_0010_0004,1
15_patch_0010_0005,2
15_patch_0010_0006,2
15_patch_0010_0007,-1
15_patch_0010_0008,2
15_patch_0010_0009,4
15_patch_0010_0010,2
15_patch_0010_0011,4
15_patch_0010_0012,3
15_patch_0010_0013,2
15_patch_0010_0014,0
15_patch_0010_0015,4
15_patch_0010_0016,0
15_patch_0010_0017,4
15_patch_0010_0018,1
15_patch_0010_0019,-1
15_patch_0010_0020,3
15_patch_0010_0021,1
15_patch_0010_0022,3
15_patch_0010_0023,1
15_patch_0011_0000,3
15_patch_0011_0001,2
15_patch_0011_0002,4
15_patch_0011_0003,1
15_patch_0011_0004,2
15_patch_0011_0005,1
15_patch_0011_0006,0
15_patch_0011_0007,2
15_patch_0011_0008,0
15_patch_0011_0009,2
15_patch_0011_0010,1
15_patch_0011_0011,4
15_patch_0011_0012,3
15_patch_0011_0013,4
15_patch_0011_0014,1
15_patch_0011_0015,2
15_patch_0011_0016,0
15_patch_0011_0017,3
15_patch_0011_0018,1
15_patch_0011_0019,-1
15_patch_0011_0020,-1
15_patch_0011_0021,3
15_patch_0011_0022,3
15_patch_0011_0023,4
15_patch_0012_0000,1
15_patch_0012_0001,1
15_patch_0012_0002,4
15_patch_0012_0003,3
15_patch_0012_0004,2
15_patch_0012_0005,2
15_patch_0012_0006,3
15_patch_0012_0007,3
15_patch_0012_0008,0
15_patch_0012_0009,4
15_patch_0012_0010,0
15_patch_0012_0011,1
15_patch_0012_0012,2
15_patch_0012_0013,4
15_patch_0012_0014,3
15_patch_0012_0015,2
15_patch_0012_0016,3
15_patch_0012_0017,2
15_patch_0012_0018,2
15_patch_0012_0019,4
15_patch_0012_0020,1
15_patch_0012_0021,3
15_patch_0012_0022,-1
15_patch_0012_0023,1
15_patch_0013_0000,-1
15_patch_0013_0001,0
15_patch_0013_0002,2
15_patch_0013_0003,4
15_patch_0013_0004,3
15_patch_0013_0005,3
15_patch_0013_0006,3
15_patch_0013_0007,1
15_patch_0013_0008,3
15_patch_0013_0009,3
15_patch_0013_0010,4
15_patch_0013_0011,3
15_patch_0013_0012,-1
15_patch_0013_0013,3
15_patch_0013_0014,3
15_patch_0013_0015,4
15_patch_0013_0016,2
15_patch_0013_0017,4
15_patch_0013_0018,0
15_patch_0013_0019,1
15_patch_0013_0020,3
15_patch_0013_0021,-1
15_patch_0013_0022,1
15_patch_0013_0023,4
15_patch_0014_0000,3
15_patch_0014_0001,-1
15_patch_0014_0002,4
15_patch_0014_0003,0
15_patch_0014_0004,2
15_patch_0014_0005,2
15_patch_0014_0006,1
15_patch_0014_0007,3
15_patch_0014_0008,2
15_patch_0014_0009,-1
15_patch_0014_0010,1
15_patch_0014_0011,2
15_patch_0014_0012,3
15_patch_0014_0013,3
15_patch_0014_0014,0
15_patch_0014_0015,3
15_patch_0014_0016,1
15_patch_0014_0017,4
15_patch_0014_0018,1
15_patch_0014_0019,1
15_patch_0014_0020,2
15_patch_0014_0021,-1
15_patch_0014_0022,1
15_patch_0014_0023,1
15_patch_0015_0000,-1
15_patch_0015_0001,2
15_patch_0015_0002,0
15_patch_0015_0003,-1
15_patch_0015_0004,4
15_patch_0015_0005,3
15_patch_0015_0006,3
15_patch_0015_0007,1
15_patch_0015_0008,-1
15_patch_0015_0009,1
15_patch_0015_0010,3
15_patch_0015_0011,4
15_patch_0015_0012,3
15_patch_0015_0013,1
15_patch_0015_0014,-1
15_patch_0015_0015,3
15_patch_0015_0016,2
15_patch_0015_0017,2
15_patch_0015_0018,-1
15_patch_0015_0019,3
15_patch_0015_0020,2
15_patch_0015_0021,3
15_patch_0015_0022,1
15_patch_0015_0023,3
15_patch_0016_0000,4
15_patch_0016_0001,2
15_patch_0016_0002,4
15_patch_0016_0003,-1
15_patch_0016_0004,2
15_patch_0016_0005,2
15_patch_0016_0006,4
15_patch_0016_0007,1
15_patch_0016_0008,3
15_patch_0016_0009,4
15_patch_0016_0010,3
15_patch_0016_0011,2
15_patch_0016_0012,3
15_patch_0016_0013,0
15_patch_0016_0014,2
15_patch_0016_0015,1
15_patch_0016_0016,1
15_patch_0016_0017,3
15_patch_0016_0018,4
15_patch_0016_0019,4
15_patch_0016_0020,3
15_patch_0016_0021,2
15_patch_0016_0022,-1
15_patch_0016_0023,3
15_patch_0017_0000,0
15_patch_0017_0001,3
15_patch_0017_0002,4
15_patch_0017_0003,4
15_patch_0017_0004,1
15_patch_0017_0005,2
15_patch_0017_0006,1
15_patch_0017_0007,4
15_patch_0017_0008,4
15_patch_0017_0009,2
15_patch_0017_0010,-1
15_patch_0017_0011,4
15_patch_0017_0012,4
15_patch_0017_0013,3
15_patch_0017_0014,1
15_patch_0017_0015,1
15_patch_0017_0016,3
15_patch_0017_0017,3
15_patch_0017_0018,3
15_patch_0017_0019,2
15_patch_0017_0020,3
15_patch_0017_0021,0
15_patch_0017_0022,2
15_patch_0017_0023,2
15_patch_0018_0000,2
15_patch_0018_0001,1
15_patch_0018_0002,3
15_patch_0018_0003,0
15_patch_0018_0004,3
15_patch_0018_0005,3
15_patch_0018_0006,3
15_patch_0018_0007,0
15_patch_0018_0008,3
15_patch_0018_0009,1
15_patch_0018_0010,4
15_patch_0018_0011,1
15_patch_0018_0012,1
15_patch_0018_0013,3
15_patch_0018_0014,2
15_patch_0018_0015,4
15_patch_0018_0016,2
15_patch_0018_0017,0
15_patch_0018_0018,4
15_patch_0018_0019,3
15_patch_0018_0020,-1
15_patch_0018_0021,3
15_patch_0018_0022,2
15_patch_0018_0023,3
15_patch_0019_0000,3
15_patch_0019_0001,1
15_patch_0019_0002,1
15_patch_0019_0003,1
15_patch_0019_0004,4
15_patch_0019_0005,2
15_patch_0019_0006,1
15_patch_0019_0007,4
15_patch_0019_0008,2
15_patch_0019_0009,2
15_patch_0019_0010,1
15_patch_0019_0011,4
15_patch_0019_0012,4
15_patch_0019_0013,3
15_patch_0019_0014,4
15_patch_0019_0015,0
15_patch_0019_0016,4
15_patch_0019_0017,1
15_patch_0019_0018,4
15_patch_0019_0019,3
15_patch_0019_0020,1
15_patch_0019_0021,3
15_patch_0019_0022,3
15_patch_0019_0023,-1
15_patch_0020_0000,1
15_patch_0020_0001,1
15_patch_0020_0002,-1
15_patch_0020_0003,3
15_patch_0020_0004,2
15_patch_0020_0005,4
15_patch_0020_0006,3
15_patch_0020_0007,2
15_patch_0020_0008,4
15_patch_0020_0009,4
15_patch_0020_0010,2
15_patch_0020_0011,-1
15_patch_0020_0012,0
15_patch_0020_0013,3
15_patch_0020_0014,-1
15_patch_0020_0015,1
15_patch_0020_0016,2
15_patch_0020_0017,2
15_patch_0020_0018,1
15_patch_0020_0019,-1
15_patch_0020_0020,3
15_patch_0020_0021,1
15_patch_0020_0022,4
15_patch_0020_0023,3
15_patch_0021_0000,1
15_patch_0021_0001,0
15_patch_0021_0002,3
15_patch_0021_0003,-1
15_patch_0021_0004,1
15_patch_0021_0005,2
15_patch_0021_0006,-1
15_patch_0021_0007,2
15_patch_0021_0008,4
15_patch_0021_0009,3
15_patch_0021_0010,4
15_patch_0021_0011,2
15_patch_0021_0012,0
15_patch_0021_0013,2
15_patch_0021_0014,3
15_patch_0021_0015,2
15_patch_0021_0016,0
15_patch_0021_0017,4
15_patch_0021_0018,1
15_patch_0021_0019,2
15_patch_0021_0020,1
15_patch_0021_0021,0
15_patch_0021_0022,4
15_patch_0021_0023,2
16_patch_0000_0000,2
16_patch_0000_0001,3
16_patch_0000_0002,3
16_patch_0000_0003,0
16_patch_0000_0004,-1
16_patch_0000_0005,4
16_patch_0000_0006,3
16_patch_0000_0007,4
16_patch_0000_0008,-1
16_patch_0000_0009,2
16_patch_0000_0010,1
16_patch_0000_0011,4
16_patch_0000_0012,-1
16_patch_0000_0013,1
16_patch_0000_0014,1
16_patch_0000_0015,1
16_patch_0000_0016,3
16_patch_0000_0017,1
16_patch_0000_0018,2
16_patch_0000_0019,2
16_patch_0000_0020,0
16_patch_0000_0021,4
16_patch_0000_0022,2
16_patch_0000_0023,1
16_patch_0000_0024,4
16_patch_0000_0025,3
16_patch_0000_0026,2
16_patch_0001_0000,3
16_patch_0001_0001,-1
16_patch_0001_0002,1
16_patch_0001_0003,2
16_patch_0001_0004,4
16_patch_0001_0005,1
16_patch_0001_0006,1
16_patch_0001_0007,0
16_patch_0001_0008,2
16_patch_0001_0009,2
16_patch_0001_0010,2
16_patch_0001_0011,4
16_patch_0001_0012,3
16_patch_0001_0013,3
16_patch_0001_0014,2
16_patch_0001_0015,0
16_patch_0001_0016,3
16_patch_0001_0017,2
16_patch_0001_0018,4
16_patch_0001_0019,3
16_patch_0001_0020,1
16_patch_0001_0021,2
16_patch_0001_0022,4
16_patch_0001_0023,-1
16_patch_0001_0024,1
16_patch_0001_0025,3
16_patch_0001_0026,2
16_patch_0002_0000,-1
16_patch_0002_0001,2
16_patch_0002_0002,2
16_patch_0002_0003,3
16_patch_0002_0004,1
16_patch_0002_0005,0
16_patch_0002_0006,3
16_patch_0002_0007,2
16_patch_0002_0008,2
16_patch_0002_0009,0
16_patch_0002_0010,-1
16_patch_0002_0011,4
16_patch_0002_0012,3
16_patch_0002_0013,2
16_patch_0002_0014,4
16_patch_0002_0015,1
16_patch_0002_0016,2
16_patch_0002_0017,1
16_patch_0002_0018,2
16_patch_0002_0019,1
16_patch_0002_0020,2
16_patch_0002_0021,1
16_patch_0002_0022,2
16_patch_0002_0023,1
16_patch_0002_0024,0
16_patch_0002_0025,2
16_patch_0002_0026,1
16_patch_0003_0000,1
16_patch_0003_0001,4
16_patch_0003_0002,4
16_patch_0003_0003,2
16_patch_0003_0004,1
16_patch_0003_0005,1
16_patch_0003_0006,1
16_patch_0003_0007,0
16_patch_0003_0008,1
16_patch_0003_0009,-1
16_patch_0003_0010,2
16_patch_0003_0011,1
16_patch_0003_0012,3
16_patch_0003_0013,4
16_patch_0003_0014,1
16_patch_0003_0015,4
16_patch_0003_0016,2
16_patch_0003_0017,-1
16_patch_0003_0018,1
16_patch_0003_0019,4
16_patch_0003_0020,1
16_patch_0003_0021,0
16_patch_0003_0022,0
16_patch_0003_0023,3
16_patch_0003_0024,0
16_patch_0003_0025,3
16_patch_0003_0026,2
16_patch_0004_0000,3
16_patch_0004_0001,1
16_patch_0004_0002,4
16_patch_0004_0003,-1
16_patch_0004_0004,2
16_patch_0004_0005,4
16_patch_0004_0006,1
16_patch_0004_0007,4
16_patch_0004_0008,4
16_patch_0004_0009,2
16_patch_0004_0010,2
16_patch_0004_0011,3
16_patch_0004_0012,3
16_patch_0004_0013,2
16_patch_0004_0014,2
16_patch_0004_0015,3
16_patch_0004_0016,2
16_patch_0004_0017,4
16_patch_0004_0018,0
16_patch_0004_0019,0
16_patch_0004_0020,4
16_patch_0004_0021,3
16_patch_0004_0022,4
16_patch_0004_0023,1
16_patch_0004_0024,-1
16_patch_0004_0025,-1
16_patch_0004_0026,2
16_patch_0005_0000,2
16_patch_0005_0001,1
16_patch_0005_0002,1
16_patch_0005_0003,3
16_patch_0005_0004,2
16_patch_0005_0005,4
16_patch_0005_0006,3
16_patch_0005_0007,1
16_patch_0005_0008,1
16_patch_0005_0009,2
16_patch_0005_0010,4
16_patch_0005_0011,1
16_patch_0005_0012,2
16_patch_0005_0013,-1
16_patch_0005_0014,0
16_patch_0005_0015,2
16_patch_0005_0016,4
16_patch_0005_0017,1
16_patch_0005_0018,3
16_patch_0005_0019,2
16_patch_0005_0020,0
16_patch_0005_0021,1
16_patch_0005_0022,3
16_patch_0005_0023,1
16_patch_0005_0024,1
16_patch_0005_0025,2
16_patch_0005_0026,1
16_patch_0006_0000,3
16_patch_0006_0001,0
16_patch_0006_0002,-1
16_patch_0006_0003,-1
16_patch_0006_0004,2
16_patch_0006_0005,2
16_patch_0006_0006,-1
16_patch_0006_0007,4
16_patch_0006_0008,1
16_patch_0006_0009,3
16_patch_0006_0010,1
16_patch_0006_0011,3
16_patch_0006_0012,0
16_patch_0006_0013,4
16_patch_0006_0014,-1
16_patch_0006_0015,1
16_patch_0006_0016,-1
16_patch_0006_0017,3
16_patch_0006_0018,-1
16_patch_0006_0019,-1
16_patch_0006_0020,1
16_patch_0006_0021,3
16_patch_0006_0022,-1
16_patch_0006_0023,4
16_patch_0006_0024,2
16_patch_0006_0025,1
16_patch_0006_0026,0
16_patch_0007_0000,3
16_patch_0007_0001,4
16_patch_0007_0002,1
16_patch_0007_0003,4
16_patch_0007_0004,1
16_patch_0007_0005,2
16_patch_0007_0006,2
16_patch_0007_0007,3
16_patch_0007_0008,4
16_patch_0007_0009,4
16_patch_0007_0010,4
16_patch_0007_0011,3
16_patch_0007_0012,0
16_patch_0007_0013,4
16_patch_0007_0014,-1
16_patch_0007_0015,3
16_patch_0007_0016,0
16_patch_0007_0017,2
16_patch_0007_0018,0
16_patch_0007_0019,-1
16_patch_0007_0020,2
16_patch_0007_0021,2
16_patch_0007_0022,4
16_patch_0007_0023,2
16_patch_0007_0024,3
16_patch_0007_0025,2
16_patch_0007_0026,4
16_patch_0008_0000,4
16_patch_0008_0001,2
16_patch_0008_0002,4
16_patch_0008_0003,1
16_patch_0008_0004,1
16_patch_0008_0005,2
16_patch_0008_0006,4
16_patch_0008_0007,-1
16_patch_0008_0008,3
16_patch_0008_0009,3
16_patch_0008_0010,3
16_patch_0008_0011,1
16_patch_0008_0012,3
16_patch_0008_0013,2
16_patch_0008_0014,3
16_patch_0008_0015,2
16_patch_0008_0016,0
16_patch_0008_0017,-1
16_patch_0008_0018,2
16_patch_0008_0019,4
16_patch_0008_0020,4
16_patch_0008_0021,-1
16_patch_0008_0022,2
16_patch_0008_0023,4
16_patch_0008_0024,4
16_patch_0008_0025,2
16_patch_0008_0026,1
16_patch_0009_0000,3
16_patch_0009_0001,4
16_patch_0009_0002,2
16_patch_0009_0003,1
16_patch_0009_0004,4
16_patch_0009_0005,4
16_patch_0009_0006,1
16_patch_0009_0007,4
16_patch_0009_0008,3
16_patch_0009_0009,1
16_patch_0009_0010,3
16_patch_0009_0011,3
16_patch_0009_0012,-1
16_patch_0009_0013,-1
16_patch_0009_0014,3
16_patch_0009_0015,4
16_patch_0009_0016,0
16_patch_0009_0017,2
16_patch_0009_0018,4
16_patch_0009_0019,3
16_patch_0009_0020,1
16_patch_0009_0021,2
16_patch_0009_0022,2
16_patch_0009_0023,1
16_patch_0009_0024,0
16_patch_0009_0025,-1
16_patch_0009_0026,3
16_patch_0010_0000,4
16_patch_0010_0001,1
16_patch_0010_0002,2
16_patch_0010_0003,2
16_patch_0010_0004,-1
16_patch_0010_0005,1
16_patch_0010_0006,3
16_patch_0010_0007,4
16_patch_0010_0008,1
16_patch_0010_0009,3
16_patch_0010_0010,-1
16_patch_0010_0011,3
16_patch_0010_0012,1
16_patch_0010_0013,2
16_patch_0010_0014,-1
16_patch_0010_0015,-1
16_patch_0010_0016,1
16_patch_0010_0017,3
16_patch_0010_0018,4
16_patch_0010_0019,3
16_patch_0010_0020,3
16_patch_0010_0021,0
16_patch_0010_0022,3
16_patch_0010_0023,3
16_patch_0010_0024,3
16_patch_0010_0025,3
16_patch_0010_0026,1
16_patch_0011_0000,4
16_patch_0011_0001,3
16_patch_0011_0002,3
16_patch_0011_0003,4
16_patch_0011_0004,3
16_patch_0011_0005,2
16_patch_0011_0006,0
16_patch_0011_0007,3
16_patch_0011_0008,1
16_patch_0011_0009,4
16_patch_0011_0010,-1
16_patch_0011_0011,3
16_patch_0011_0012,1
16_patch_0011_0013,2
16_patch_0011_0014,2
16_patch_0011_0015,2
16_patch_0011_0016,1
16_patch_0011_0017,3
16_patch_0011_0018,0
16_patch_0011_0019,4
16_patch_0011_0020,1
16_patch_0011_0021,3
16_patch_0011_0022,3
16_patch_0011_0023,2
16_patch_0011_0024,4
16_patch_0011_0025,2
16_patch_0011_0026,-1
16_patch_0012_0000,2
16_patch_0012_0001,1
16_patch_0012_0002,1
16_patch_0012_0003,2
16_patch_0012_0004,4
16_patch_0012_0005,-1
16_patch_0012_0006,-1
16_patch_0012_0007,3
16_patch_0012_0008,0
16_patch_0012_0009,0
16_patch_0012_0010,4
16_patch_0012_0011,2
16_patch_0012_0012,2
16_patch_0012_0013,2
16_patch_0012_0014,3
16_patch_0012_0015,3
16_patch_0012_0016,0
16_patch_0012_0017,0
16_patch_0012_0018,4
16_patch_0012_0019,3
16_patch_0012_0020,3
16_patch_0012_0021,3
16_patch_0012_0022,1
16_patch_0012_0023,1
16_patch_0012_0024,1
16_patch_0012_0025,2
16_patch_0012_0026,1
16_patch_0013_0000,3
16_patch_0013_0001,4
16_patch_0013_0002,3
16_patch_0013_0003,4
16_patch_0013_0004,3
16_patch_0013_0005,1
16_patch_0013_0006,1
16_patch_0013_0007,2
16_patch_0013_0008,1
16_patch_0013_0009,1
16_patch_0013_0010,-1
16_patch_0013_0011,-1
16_patch_0013_0012,-1
16_patch_0013_0013,3
16_patch_0013_0014,3
16_patch_0013_0015,2
16_patch_0013_0016,-1
16_patch_0013_0017,4
16_patch_0013_0018,3
16_patch_0013_0019,3
16_patch_0013_0020,-1
16_patch_0013_0021,3
16_patch_0013_0022,1
16_patch_0013_0023,2
16_patch_0013_0024,3
16_patch_0013_0025,-1
16_patch_0013_0026,-1
16_patch_0014_0000,4
16_patch_0014_0001,4
16_patch_0014_0002,3
16_patch_0014_0003,3
16_patch_0014_0004,3
16_patch_0014_0005,-1
16_patch_0014_0006,4
16_patch_0014_0007,3
16_patch_0014_0008,3
16_patch_0014_0009,0
16_patch_0014_0010,1
16_patch_0014_0011,0
16_patch_0014_0012,4
16_patch_0014_0013,-1
16_patch_0014_0014,3
16_patch_0014_0015,0
16_patch_0014_0016,3
16_patch_0014_0017,1
16_patch_0014_0018,4
16_patch_0014_0019,4
16_patch_0014_0020,3
16_patch_0014_0021,2
16_patch_0014_0022,4
16_patch_0014_0023,4
16_patch_0014_0024,1
16_patch_0014_0025,2
16_patch_0014_0026,1
16_patch_0015_0000,3
16_patch_0015_0001,2
16_patch_0015_0002,2
16_patch_0015_0003,4
16_patch_0015_0004,3
16_patch_0015_0005,1
16_patch_0015_0006,1
16_patch_0015_0007,2
16_patch_0015_0008,4
16_patch_0015_0009,2
16_patch_0015_0010,2
16_patch_0015_0011,3
16_patch_0015_0012,-1
16_patch_0015_0013,2
16_patch_0015_0014,2
16_patch_0015_0015,4
16_patch_0015_0016,2
16_patch_0015_0017,2
16_patch_0015_0018,0
16_patch_0015_0019,4
16_patch_0015_0020,-1
16_patch_0015_0021,4
16_patch_0015_0022,0
16_patch_0015_0023,1
16_patch_0015_0024,0
16_patch_0015_0025,2
16_patch_0015_0026,3
16_patch_0016_0000,1
16_patch_0016_0001,4
16_patch_0016_0002,1
16_patch_0016_0003,3
16_patch_0016_0004,3
16_patch_0016_0005,2
16_patch_0016_0006,1
16_patch_0016_0007,3
16_patch_0016_0008,0
16_patch_0016_0009,3
16_patch_0016_0010,4
16_patch_0016_0011,3
16_patch_0016_0012,4
16_patch_0016_0013,4
16_patch_0016_0014,0
16_patch_0016_0015,3
16_patch_0016_0016,1
16_patch_0016_0017,1
16_patch_0016_0018,1
16_patch_0016_0019,0
16_patch_0016_0020,3
16_patch_0016_0021,3
16_patch_0016_0022,2
16_patch_0016_0023,1
16_patch_0016_0024,3
16_patch_0016_0025,4
16_patch_0016_0026,4
16_patch_0017_0000,2
16_patch_0017_0001,4
16_patch_0017_0002,2
16_patch_0017_0003,4
16_patch_0017_0004,2
16_patch_0017_0005,1
16_patch_0017_0006,1
16_patch_0017_0007,0
16_patch_0017_0008,0
16_patch_0017_0009,-1
16_patch_0017_0010,2
16_patch_0017_0011,3
16_patch_0017_0012,2
16_patch_0017_0013,-1
16_patch_0017_0014,3
16_patch_0017_0015,4
16_patch_0017_0016,0
16_patch_0017_0017,-1
16_patch_0017_0018,3
16_patch_0017_0019,3
16_patch_0017_0020,2
16_patch_0017_0021,1
16_patch_0017_0022,4
16_patch_0017_0023,3
16_patch_0017_0024,4
16_patch_0017_0025,2
16_patch_0017_0026,-1
16_patch_0018_0000,-1
16_patch_0018_0001,3
16_patch_0018_0002,4
16_patch_0018_0003,-1
16_patch_0018_0004,3
16_patch_0018_0005,2
16_patch_0018_0006,4
16_patch_0018_0007,-1
16_patch_0018_0008,1
16_patch_0018_0009,4
16_patch_0018_0010,3
16_patch_0018_0011,1
16_patch_0018_0012,3
16_patch_0018_0013,2
16_patch_0018_0014,3
16_patch_0018_0015,2
16_patch_0018_0016,1
16_patch_0018_0017,3
16_patch_0018_0018,2
16_patch_0018_0019,2
16_patch_0018_0020,2
16_patch_0018_0021,0
16_patch_0018_0022,1
16_patch_0018_0023,0
16_patch_0018_0024,2
16_patch_0018_0025,3
16_patch_0018_0026,2
16_patch_0019_0000,4
16_patch_0019_0001,4
16_patch_0019_0002,3
16_patch_0019_0003,-1
16_patch_0019_0004,-1
16_patch_0019_0005,0
16_patch_0019_0006,2
16_patch_0019_0007,4
16_patch_0019_0008,0
16_patch_0019_0009,1
16_patch_0019_0010,2
16_patch_0019_0011,2
16_patch_0019_0012,1
16_patch_0019_0013,0
16_patch_0019_0014,-1
16_patch_0019_0015,4
16_patch_0019_0016,3
16_patch_0019_0017,3
16_patch_0019_0018,3
16_patch_0019_0019,2
16_patch_0019_0020,2
16_patch_0019_0021,2
16_patch_0019_0022,4
16_patch_0019_0023,2
16_patch_0019_0024,2
16_patch_0019_0025,3
16_patch_0019_0026,-1
16_patch_0020_0000,4
16_patch_0020_0001,2
16_patch_0020_0002,3
16_patch_0020_0003,0
16_patch_0020_0004,2
16_patch_0020_0005,2
16_patch_0020_0006,4
16_patch_0020_0007,2
16_patch_0020_0008,1
16_patch_0020_0009,0
16_patch_0020_0010,4
16_patch_0020_0011,2
16_patch_0020_0012,4
16_patch_0020_0013,3
16_patch_0020_0014,1
16_patch_0020_0015,4
16_patch_0020_0016,4
16_patch_0020_0017,1
16_patch_0020_0018,-1
16_patch_0020_0019,4
16_patch_0020_0020,-1
16_patch_0020_0021,1
16_patch_0020_0022,-1
16_patch_0020_0023,3
16_patch_0020_0024,1
16_patch_0020_0025,4
16_patch_0020_0026,4
17_patch_0000_0000,0
17_patch_0000_0001,3
17_patch_0000_0002,4
17_patch_0000_0003,1
17_patch_0000_0004,-1
17_patch_0000_0005,1
17_patch_0000_0006,1
17_patch_0000_0007,-1
17_patch_0000_0008,2
17_patch_0000_0009,0
17_patch_0000_0010,0
17_patch_0000_0011,2
17_patch_0000_0012,3
17_patch_0000_0013,-1
17_patch_0000_0014,-1
17_patch_0000_0015,0
17_patch_0000_0016,4
17_patch_0000_0017,2
17_patch_0000_0018,1
17_patch_0000_0019,2
17_patch_0000_0020,4
17_patch_0000_0021,-1
17_patch_0000_0022,4
17_patch_0000_0023,4
17_patch_0000_0024,1
17_patch_0000_0025,3
17_patch_0000_0026,1
17_patch_0000_0027,1
17_patch_0001_0000,-1
17_patch_0001_0001,0
17_patch_0001_0002,1
17_patch_0001_0003,1
17_patch_0001_0004,3
17_patch_0001_0005,1
17_patch_0001_0006,2
17_patch_0001_0007,3
17_patch_0001_0008,3
17_patch_0001_0009,0
17_patch_0001_0010,1
17_patch_0001_0011,3
17_patch_0001_0012,4
17_patch_0001_0013,4
17_patch_0001_0014,4
17_patch_0001_0015,3
17_patch_0001_0016,4
17_patch_0001_0017,2
17_patch_0001_0018,2
17_patch_0001_0019,4
17_patch_0001_0020,1
17_patch_0001_0021,-1
17_patch_0001_0022,4
17_patch_0001_0023,3
17_patch_0001_0024,2
17_patch_0001_0025,0
17_patch_0001_0026,4
17_patch_0001_0027,-1
17_patch_0002_0000,1
17_patch_0002_0001,3
17_patch_0002_0002,-1
17_patch_0002_0003,0
17_patch_0002_0004,4
17_patch_0002_0005,1
17_patch_0002_0006,0
17_patch_0002_0007,4
17_patch_0002_0008,2
17_patch_0002_0009,1
17_patch_0002_0010,1
17_patch_0002_0011,0
17_patch_0002_0012,3
17_patch_0002_0013,1
17_patch_0002_0014,2
17_patch_0002_0015,2
17_patch_0002_0016,4
17_patch_0002_0017,-1
17_patch_0002_0018,4
17_patch_0002_0019,-1
17_patch_0002_0020,2
17_patch_0002_0021,4
17_patch_0002_0022,0
17_patch_0002_0023,3
17_patch_0002_0024,1
17_patch_0002_0025,1
17_patch_0002_0026,1
17_patch_0002_0027,4
17_patch_0003_0000,2
17_patch_0003_0001,2
17_patch_0003_0002,3
17_patch_0003_0003,2
17_patch_0003_0004,0
17_patch_0003_0005,3
17_patch_0003_0006,4
17_patch_0003_0007,-1
17_patch_0003_0008,4
17_patch_0003_0009,3
17_patch_0003_0010,1
17_patch_0003_0011,4
17_patch_0003_0012,1
17_patch_0003_0013,4
17_patch_0003_0014,3
17_patch_0003_0015,1
17_patch_0003_0016,-1
17_patch_0003_0017,1
17_patch_0003_0018,2
17_patch_0003_0019,0
17_patch_0003_0020,2
17_patch_0003_0021,2
17_patch_0003_0022,3
17_patch_0003_0023,3
17_patch_0003_0024,1
17_patch_0003_0025,3
17_patch_0003_0026,2
17_patch_0003_0027,4
17_patch_0004_0000,4
17_patch_0004_0001,1
17_patch_0004_0002,3
17_patch_0004_0003,4
17_patch_0004_0004,-1
17_patch_0004_0005,3
17_patch_0004_0006,3
17_patch_0004_0007,2
17_patch_0004_0008,0
17_patch_0004_0009,2
17_patch_0004_0010,4
17_patch_0004_0011,1
17_patch_0004_0012,4
17_patch_0004_0013,2
17_patch_0004_0014,0
17_patch_0004_0015,1
17_patch_0004_0016,0
17_patch_0004_0017,3
17_patch_0004_0018,2
17_patch_0004_0019,-1
17_patch_0004_0020,0
17_patch_0004_0021,1
17_patch_0004_0022,2
17_patch_0004_0023,1
17_patch_0004_0024,2
17_patch_0004_0025,-1
17_patch_0004_0026,-1
17_patch_0004_0027,1
17_patch_0005_0000,3
17_patch_0005_0001,2
17_patch_0005_0002,2
17_patch_0005_0003,2
17_patch_0005_0004,4
17_patch_0005_0005,2
17_patch_0005_0006,1
17_patch_0005_0007,2
17_patch_0005_0008,2
17_patch_0005_0009,1
17_patch_0005_0010,1
17_patch_0005_0011,4
17_patch_0005_0012,1
17_patch_0005_0013,1
17_patch_0005_0014,3
17_patch_0005_0015,4
17_patch_0005_0016,3
17_patch_0005_0017,0
17_patch_0005_0018,1
17_patch_0005_0019,1
17_patch_0005_0020,4
17_patch_0005_0021,-1
17_patch_0005_0022,2
17_patch_0005_0023,0
17_patch_0005_0024,2
17_patch_0005_0025,4
17_patch_0005_0026,1
17_patch_0005_0027,4
17_patch_0006_0000,2
17_patch_0006_0001,1
17_patch_0006_0002,2
17_patch_0006_0003,1
17_patch_0006_0004,1
17_patch_0006_0005,1
17_patch_0006_0006,0
17_patch_0006_0007,2
17_patch_0006_0008,4
17_patch_0006_0009,0
17_patch_0006_0010,3
17_patch_0006_0011,-1
17_patch_0006_0012,3
17_patch_0006_0013,3
17_patch_0006_0014,2
17_patch_0006_0015,4
17_patch_0006_0016,4
17_patch_0006_0017,1
17_patch_0006_0018,-1
17_patch_0006_0019,2
17_patch_0006_0020,3
17_patch_0006_0021,1
17_patch_0006_0022,4
17_patch_0006_0023,3
17_patch_0006_0024,1
17_patch_0006_0025,3
17_patch_0006_0026,1
17_patch_0006_0027,1
17_patch_0007_0000,3
17_patch_0007_0001,1
17_patch_0007_0002,2
17_patch_0007_0003,1
17_patch_0007_0004,2
17_patch_0007_0005,-1
17_patch_0007_0006,3
17_patch_0007_0007,0
17_patch_0007_0008,4
17_patch_0007_0009,2
17_patch_0007_0010,4
17_patch_0007_0011,1
17_patch_0007_0012,-1
17_patch_0007_0013,3
17_patch_0007_0014,-1
17_patch_0007_0015,4
17_patch_0007_0016,2
17_patch_0007_0017,4
17_patch_0007_0018,2
17_patch_0007_0019,3
17_patch_0007_0020,1
17_patch_0007_0021,4
17_patch_0007_0022,-1
17_patch_0007_0023,4
17_patch_0007_0024,3
17_patch_0007_0025,1
17_patch_0007_0026,3
17_patch_0007_0027,3
17_patch_0008_0000,2
17_patch_0008_0001,2
17_patch_0008_0002,2
17_patch_0008_0003,0
17_patch_0008_0004,3
17_patch_0008_0005,4
17_patch_0008_0006,-1
17_patch_0008_0007,1
17_patch_0008_0008,1
17_patch_0008_0009,4
17_patch_0008_0010,2
17_patch_0008_0011,3
17_patch_0008_0012,1
17_patch_0008_0013,0
17_patch_0008_0014,3
17_patch_0008_0015,3
17_patch_0008_0016,3
17_patch_0008_0017,0
17_patch_0008_0018,2
17_patch_0008_0019,4
17_patch_0008_0020,4
17_patch_0008_0021,2
17_patch_0008_0022,1
17_patch_0008_0023,1
17_patch_0008_0024,2
17_patch_0008_0025,4
17_patch_0008_0026,1
17_patch_0008_0027,-1
17_patch_0009_0000,-1
17_patch_0009_0001,2
17_patch_0009_0002,3
17_patch_0009_0003,1
17_patch_0009_0004,3
17_patch_0009_0005,2
17_patch_0009_0006,3
17_patch_0009_0007,4
17_patch_0009_0008,0
17_patch_0009_0009,2
17_patch_0009_0010,3
17_patch_0009_0011,-1
17_patch_0009_0012,1
17_patch_0009_0013,1
17_patch_0009_0014,2
17_patch_0009_0015,4
17_patch_0009_0016,4
17_patch_0009_0017,4
17_patch_0009_0018,1
17_patch_0009_0019,1
17_patch_0009_0020,4
17_patch_0009_0021,4
17_patch_0009_0022,1
17_patch_0009_0023,1
17_patch_0009_0024,4
17_patch_0009_0025,0
17_patch_0009_0026,3
17_patch_0009_0027,1
17_patch_0010_0000,3
17_patch_0010_0001,2
17_patch_0010_0002,4
17_patch_0010_0003,1
17_patch_0010_0004,4
17_patch_0010_0005,0
17_patch_0010_0006,2
17_patch_0010_0007,3
17_patch_0010_0008,0
17_patch_0010_0009,4
17_patch_0010_0010,1
17_patch_0010_0011,2
17_patch_0010_0012,2
17_patch_0010_0013,1
17_patch_0010_0014,2
17_patch_0010_0015,-1
17_patch_0010_0016,1
17_patch_0010_0017,1
17_patch_0010_0018,3
17_patch_0010_0019,-1
17_patch_0010_0020,-1
17_patch_0010_0021,1
17_patch_0010_0022,2
17_patch_0010_0023,2
17_patch_0010_0024,1
17_patch_0010_0025,2
17_patch_0010_0026,4
17_patch_0010_0027,2
17_patch_0011_0000,-1
17_patch_0011_0001,2
17_patch_0011_0002,2
17_patch_0011_0003,3
17_patch_0011_0004,-1
17_patch_0011_0005,2
17_patch_0011_0006,1
17_patch_0011_0007,3
17_patch_0011_0008,1
17_patch_0011_0009,1
17_patch_0011_0010,3
17_patch_0011_0011,4
17_patch_0011_0012,4
17_patch_0011_0013,-1
17_patch_0011_0014,2
17_patch_0011_0015,2
17_patch_0011_0016,4
17_patch_0011_0017,-1
17_patch_0011_0018,0
17_patch_0011_0019,3
17_patch_0011_0020,1
17_patch_0011_0021,2
17_patch_0011_0022,4
17_patch_0011_0023,0
17_patch_0011_0024,2
17_patch_0011_0025,4
17_patch_0011_0026,-1
17_patch_0011_0027,3
17_patch_0012_0000,1
17_patch_0012_0001,3
17_patch_0012_0002,3
17_patch_0012_0003,4
17_patch_0012_0004,1
17_patch_0012_0005,3
17_patch_0012_0006,3
17_patch_0012_0007,1
17_patch_0012_0008,3
17_patch_0012_0009,4
17_patch_0012_0010,0
17_patch_0012_0011,2
17_patch_0012_0012,3
17_patch_0012_0013,0
17_patch_0012_0014,4
17_patch_0012_0015,1
17_patch_0012_0016,2
17_patch_0012_0017,1
17_patch_0012_0018,3
17_patch_0012_0019,-1
17_patch_0012_0020,1
17_patch_0012_0021,2
17_patch_0012_0022,-1
17_patch_0012_0023,4
17_patch_0012_0024,2
17_patch_0012_0025,2
17_patch_0012_0026,1
17_patch_0012_0027,-1
17_patch_0013_0000,3
17_patch_0013_0001,1
17_patch_0013_0002,2
17_patch_0013_0003,3
17_patch_0013_0004,1
17_patch_0013_0005,3
17_patch_0013_0006,4
17_patch_0013_0007,3
17_patch_0013_0008,-1
17_patch_0013_0009,3
17_patch_0013_0010,2
17_patch_0013_0011,-1
17_patch_0013_0012,1
17_patch_0013_0013,3
17_patch_0013_0014,2
17_patch_0013_0015,4
17_patch_0013_0016,-1
17_patch_0013_0017,2
17_patch_0013_0018,1
17_patch_0013_0019,3
17_patch_0013_0020,2
17_patch_0013_0021,-1
17_patch_0013_0022,0
17_patch_0013_0023,1
17_patch_0013_0024,4
17_patch_0013_0025,4
17_patch_0013_0026,3
17_patch_0013_0027,2
17_patch_0014_0000,1
17_patch_0014_0001,-1
17_patch_0014_0002,0
17_patch_0014_0003,1
17_patch_0014_0004,-1
17_patch_0014_0005,3
17_patch_0014_0006,3
17_patch_0014_0007,1
17_patch_0014_0008,2
17_patch_0014_0009,-1
17_patch_0014_0010,4
17_patch_0014_0011,3
17_patch_0014_0012,2
17_patch_0014_0013,2
17_patch_0014_0014,-1
17_patch_0014_0015,3
17_patch_0014_0016,0
17_patch_0014_0017,2
17_patch_0014_0018,1
17_patch_0014_0019,3
17_patch_0014_0020,1
17_patch_0014_0021,2
17_patch_0014_0022,0
17_patch_0014_0023,2
17_patch_0014_0024,3
17_patch_0014_0025,1
17_patch_0014_0026,-1
17_patch_0014_0027,4
17_patch_0015_0000,0
17_patch_0015_0001,-1
17_patch_0015_0002,2
17_patch_0015_0003,2
17_patch_0015_0004,2
17_patch_0015_0005,1
17_patch_0015_0006,-1
17_patch_0015_0007,0
17_patch_0015_0008,3
17_patch_0015_0009,3
17_patch_0015_0010,3
17_patch_0015_0011,4
17_patch_0015_0012,3
17_patch_0015_0013,1
17_patch_0015_0014,3
17_patch_0015_0015,-1
17_patch_0015_0016,2
17_patch_0015_0017,4
17_patch_0015_0018,0
17_patch_0015_0019,3
17_patch_0015_0020,0
17_patch_0015_0021,3
17_patch_0015_0022,1
17_patch_0015_0023,3
17_patch_0015_0024,-1
17_patch_0015_0025,2
17_patch_0015_0026,4
17_patch_0015_0027,2
17_patch_0016_0000,1
17_patch_0016_0001,2
17_patch_0016_0002,3
17_patch_0016_0003,3
17_patch_0016_0004,3
17_patch_0016_0005,1
17_patch_0016_0006,2
17_patch_0016_0007,1
17_patch_0016_0008,0
17_patch_0016_0009,1
17_patch_0016_0010,0
17_patch_0016_0011,4
17_patch_0016_0012,4
17_patch_0016_0013,-1
17_patch_0016_0014,3
17_patch_0016_0015,4
17_patch_0016_0016,4
17_patch_0016_0017,3
17_patch_0016_0018,4
17_patch_0016_0019,-1
17_patch_0016_0020,2
17_patch_0016_0021,2
17_patch_0016_0022,2
17_patch_0016_0023,4
17_patch_0016_0024,1
17_patch_0016_0025,-1
17_patch_0016_0026,3
17_patch_0016_0027,1
17_patch_0017_0000,3
17_patch_0017_0001,3
17_patch_0017_0002,4
17_patch_0017_0003,1
17_patch_0017_0004,2
17_patch_0017_0005,3
17_patch_0017_0006,3
17_patch_0017_0007,2
17_patch_0017_0008,0
17_patch_0017_0009,0
17_patch_0017_0010,4
17_patch_0017_0011,0
17_patch_0017_0012,4
17_patch_0017_0013,0
17_patch_0017_0014,3
17_patch_0017_0015,3
17_patch_0017_0016,4
17_patch_0017_0017,1
17_patch_0017_0018,1
17_patch_0017_0019,3
17_patch_0017_0020,4
17_patch_0017_0021,4
17_patch_0017_0022,3
17_patch_0017_0023,3
17_patch_0017_0024,-1
17_patch_0017_0025,2
17_patch_0017_0026,4
17_patch_0017_0027,3
17_patch_0018_0000,2
17_patch_0018_0001,4
17_patch_0018_0002,1
17_patch_0018_0003,3
17_patch_0018_0004,-1
17_patch_0018_0005,1
17_patch_0018_0006,1
17_patch_0018_0007,-1
17_patch_0018_0008,1
17_patch_0018_0009,0
17_patch_0018_0010,2
17_patch_0018_0011,4
17_patch_0018_0012,4
17_patch_0018_0013,4
17_patch_0018_0014,-1
17_patch_0018_0015,4
17_patch_0018_0016,1
17_patch_0018_0017,-1
17_patch_0018_0018,3
17_patch_0018_0019,1
17_patch_0018_0020,2
17_patch_0018_0021,3
17_patch_0018_0022,2
17_patch_0018_0023,4
17_patch_0018_0024,3
17_patch_0018_0025,2
17_patch_0018_0026,3
17_patch_0018_0027,4
17_patch_0019_0000,3
17_patch_0019_0001,1
17_patch_0019_0002,2
17_patch_0019_0003,-1
17_patch_0019_0004,1
17_patch_0019_0005,-1
17_patch_0019_0006,1
17_patch_0019_0007,1
17_patch_0019_0008,2
17_patch_0019_0009,2
17_patch_0019_0010,2
17_patch_0019_0011,0
17_patch_0019_0012,4
17_patch_0019_0013,2
17_patch_0019_0014,2
17_patch_0019_0015,3
17_patch_0019_0016,3
17_patch_0019_0017,3
17_patch_0019_0018,2
17_patch_0019_0019,2
17_patch_0019_0020,0
17_patch_0019_0021,2
17_patch_0019_0022,3
17_patch_0019_0023,0
17_patch_0019_0024,2
17_patch_0019_0025,1
17_patch_0019_0026,-1
17_patch_0019_0027,-1
17_patch_0020_0000,-1
17_patch_0020_0001,3
17_patch_0020_0002,3
17_patch_0020_0003,4
17_patch_0020_0004,1
17_patch_0020_0005,2
17_patch_0020_0006,0
17_patch_0020_0007,3
17_patch_0020_0008,3
17_patch_0020_0009,0
17_patch_0020_0010,3
17_patch_0020_0011,3
17_patch_0020_0012,1
17_patch_0020_0013,1
17_patch_0020_0014,4
17_patch_0020_0015,4
17_patch_0020_0016,3
17_patch_0020_0017,1
17_patch_0020_0018,4
17_patch_0020_0019,2
17_patch_0020_0020,2
17_patch_0020_0021,1
17_patch_0020_0022,3
17_patch_0020_0023,3
17_patch_0020_0024,4
17_patch_0020_0025,2
17_patch_0020_0026,1
17_patch_0020_0027,-1
17_patch_0021_0000,1
17_patch_0021_0001,1
17_patch_0021_0002,3
17_patch_0021_0003,2
17_patch_0021_0004,2
17_patch_0021_0005,2
17_patch_0021_0006,1
17_patch_0021_0007,0
17_patch_0021_0008,3
17_patch_0021_0009,2
17_patch_0021_0010,4
17_patch_0021_0011,2
17_patch_0021_0012,2
17_patch_0021_0013,0
17_patch_0021_0014,2
17_patch_0021_0015,1
17_patch_0021_0016,4
17_patch_0021_0017,2
17_patch_0021_0018,2
17_patch_0021_0019,4
17_patch_0021_0020,4
17_patch_0021_0021,0
17_patch_0021_0022,3
17_patch_0021_0023,4
17_patch_0021_0024,-1
17_patch_0021_0025,1
17_patch_0021_0026,4
17_patch_0021_0027,2
18_patch_0000_0000,3
18_patch_0000_0001,1
18_patch_0000_0002,3
18_patch_0000_0003,2
18_patch_0000_0004,3
18_patch_0000_0005,3
18_patch_0000_0006,4
18_patch_0000_0007,2
18_patch_0000_0008,4
18_patch_0000_0009,1
18_patch_0000_0010,1
18_patch_0000_0011,4
18_patch_0000_0012,4
18_patch_0000_0013,1
18_patch_0000_0014,4
18_patch_0000_0015,1
18_patch_0000_0016,3
18_patch_0000_0017,1
18_patch_0000_0018,1
18_patch_0000_0019,4
18_patch_0000_0020,1
18_patch_0000_0021,0
18_patch_0000_0022,3
18_patch_0000_0023,-1
18_patch_0001_0000,2
18_patch_0001_0001,1
18_patch_0001_0002,4
18_patch_0001_0003,1
18_patch_0001_0004,1
18_patch_0001_0005,1
18_patch_0001_0006,0
18_patch_0001_0007,1
18_patch_0001_0008,2
18_patch_0001_0009,2
18_patch_0001_0010,3
18_patch_0001_0011,1
18_patch_0001_0012,3
18_patch_0001_0013,-1
18_patch_0001_0014,3
18_patch_0001_0015,2
18_patch_0001_0016,0
18_patch_0001_0017,0
18_patch_0001_0018,3
18_patch_0001_0019,4
18_patch_0001_0020,2
18_patch_0001_0021,0
18_patch_0001_0022,0
18_patch_0001_0023,2
18_patch_0002_0000,-1
18_patch_0002_0001,-1
18_patch_0002_0002,4
18_patch_0002_0003,0
18_patch_0002_0004,4
18_patch_0002_0005,2
18_patch_0002_0006,-1
18_patch_0002_0007,2
18_patch_0002_0008,2
18_patch_0002_0009,4
18_patch_0002_0010,3
18_patch_0002_0011,1
18_patch_0002_0012,-1
18_patch_0002_0013,0
18_patch_0002_0014,2
18_patch_0002_0015,1
18_patch_0002_0016,2
18_patch_0002_0017,2
18_patch_0002_0018,2
18_patch_0002_0019,1
18_patch_0002_0020,4
18_patch_0002_0021,4
18_patch_0002_0022,1
18_patch_0002_0023,3
18_patch_0003_0000,4
18_patch_0003_0001,0
18_patch_0003_0002,3
18_patch_0003_0003,3
18_patch_0003_0004,1
18_patch_0003_0005,4
18_patch_0003_0006,3
18_patch_0003_0007,3
18_patch_0003_0008,1
18_patch_0003_0009,2
18_patch_0003_0010,3
18_patch_0003_0011,-1
18_patch_0003_0012,2
18_patch_0003_0013,3
18_patch_0003_0014,1
18_patch_0003_0015,2
18_patch_0003_0016,3
18_patch_0003_0017,2
18_patch_0003_0018,2
18_patch_0003_0019,3
18_patch_0003_0020,3
18_patch_0003_0021,3
18_patch_0003_0022,1
18_patch_0003_0023,4
18_patch_0004_0000,2
18_patch_0004_0001,2
18_patch_0004_0002,3
18_patch_0004_0003,3
18_patch_0004_0004,1
18_patch_0004_0005,1
18_patch_0004_0006,0
18_patch_0004_0007,4
18_patch_0004_0008,3
18_patch_0004_0009,1
18_patch_0004_0010,1
18_patch_0004_0011,1
18_patch_0004_0012,3
18_patch_0004_0013,3
18_patch_0004_0014,2
18_patch_0004_0015,3
18_patch_0004_0016,3
18_patch_0004_0017,1
18_patch_0004_0018,1
18_patch_0004_0019,2
18_patch_0004_0020,0
18_patch_0004_0021,4
18_patch_0004_0022,-1
18_patch_0004_0023,-1
18_patch_0005_0000,4
18_patch_0005_0001,0
18_patch_0005_0002,3
18_patch_0005_0003,4
18_patch_0005_0004,1
18_patch_0005_0005,4
18_patch_0005_0006,3
18_patch_0005_0007,3
18_patch_0005_0008,0
18_patch_0005_0009,1
18_patch_0005_0010,2
18_patch_0005_0011,0
18_patch_0005_0012,4
18_patch_0005_0013,1
18_patch_0005_0014,2
18_patch_0005_0015,4
18_patch_0005_0016,4
18_patch_0005_0017,2
18_patch_0005_0018,2
18_patch_0005_0019,-1
18_patch_0005_0020,0
18_patch_0005_0021,4
18_patch_0005_0022,4
18_patch_0005_0023,3
18_patch_0006_0000,4
18_patch_0006_0001,1
18_patch_0006_0002,4
18_patch_0006_0003,1
18_patch_0006_0004,2
18_patch_0006_0005,0
18_patch_0006_0006,1
18_patch_0006_0007,1
18_patch_0006_0008,1
18_patch_0006_0009,3
18_patch_0006_0010,0
18_patch_0006_0011,0
18_patch_0006_0012,4
18_patch_0006_0013,1
18_patch_0006_0014,4
18_patch_0006_0015,3
18_patch_0006_0016,1
18_patch_0006_0017,1
18_patch_0006_0018,2
18_patch_0006_0019,-1
18_patch_0006_0020,4
18_patch_0006_0021,4
18_patch_0006_0022,1
18_patch_0006_0023,2
18_patch_0007_0000,-1
18_patch_0007_0001,2
18_patch_0007_0002,4
18_patch_0007_0003,0
18_patch_0007_0004,4
18_patch_0007_0005,4
18_patch_0007_0006,4
18_patch_0007_0007,2
18_patch_0007_0008,1
18_patch_0007_0009,4
18_patch_0007_0010,-1
18_patch_0007_0011,4
18_patch_0007_0012,4
18_patch_0007_0013,3
18_patch_0007_0014,3
18_patch_0007_0015,2
18_patch_0007_0016,2
18_patch_0007_0017,2
18_patch_0007_0018,3
18_patch_0007_0019,0
18_patch_0007_0020,4
18_patch_0007_0021,3
18_patch_0007_0022,1
18_patch_0007_0023,3
18_patch_0008_0000,4
18_patch_0008_0001,0
18_patch_0008_0002,2
18_patch_0008_0003,4
18_patch_0008_0004,2
18_patch_0008_0005,1
18_patch_0008_0006,3
18_patch_0008_0007,1
18_patch_0008_0008,1
18_patch_0008_0009,1
18_patch_0008_0010,2
18_patch_0008_0011,3
18_patch_0008_0012,1
18_patch_0008_0013,1
18_patch_0008_0014,4
18_patch_0008_0015,1
18_patch_0008_0016,2
18_patch_0008_0017,4
18_patch_0008_0018,4
18_patch_0008_0019,2
18_patch_0008_0020,2
18_patch_0008_0021,2
18_patch_0008_0022,3
18_patch_0008_0023,2
18_patch_0009_0000,4
18_patch_0009_0001,4
18_patch_0009_0002,0
18_patch_0009_0003,4
18_patch_0009_0004,3
18_patch_0009_0005,2
18_patch_0009_0006,1
18_patch_0009_0007,3
18_patch_0009_0008,1
18_patch_0009_0009,3
18_patch_0009_0010,1
18_patch_0009_0011,1
18_patch_0009_0012,2
18_patch_0009_0013,3
18_patch_0009_0014,0
18_patch_0009_0015,0
18_patch_0009_0016,0
18_patch_0009_0017,0
18_patch_0009_0018,3
18_patch_0009_0019,1
18_patch_0009_0020,3
18_patch_0009_0021,0
18_patch_0009_0022,0
18_patch_0009_0023,2
18_patch_0010_0000,4
18_patch_0010_0001,0
18_patch_0010_0002,3
18_patch_0010_0003,1
18_patch_0010_0004,3
18_patch_0010_0005,1
18_patch_0010_0006,2
18_patch_0010_0007,3
18_patch_0010_0008,2
18_patch_0010_0009,1
18_patch_0010_0010,2
18_patch_0010_0011,1
18_patch_0010_0012,2
18_patch_0010_0013,1
18_patch_0010_0014,4
18_patch_0010_0015,2
18_patch_0010_0016,0
18_patch_0010_0017,4
18_patch_0010_0018,-1
18_patch_0010_0019,3
18_patch_0010_0020,4
18_patch_0010_0021,4
18_patch_0010_0022,3
18_patch_0010_0023,0
18_patch_0011_0000,1
18_patch_0011_0001,4
18_patch_0011_0002,-1
18_patch_0011_0003,4
18_patch_0011_0004,4
18_patch_0011_0005,1
18_patch_0011_0006,1
18_patch_0011_0007,3
18_patch_0011_0008,3
18_patch_0011_0009,3
18_patch_0011_0010,1
18_patch_0011_0011,4
18_patch_0011_0012,2
18_patch_0011_0013,3
18_patch_0011_0014,-1
18_patch_0011_0015,4
18_patch_0011_0016,4
18_patch_0011_0017,1
18_patch_0011_0018,4
18_patch_0011_0019,-1
18_patch_0011_0020,-1
18_patch_0011_0021,2
18_patch_0011_0022,2
18_patch_0011_0023,-1
18_patch_0012_0000,3
18_patch_0012_0001,1
18_patch_0012_0002,1
18_patch_0012_0003,4
18_patch_0012_0004,4
18_patch_0012_0005,0
18_patch_0012_0006,1
18_patch_0012_0007,1
18_patch_0012_0008,3
18_patch_0012_0009,2
18_patch_0012_0010,1
18_patch_0012_0011,3
18_patch_0012_0012,4
18_patch_0012_0013,-1
18_patch_0012_0014,4
18_patch_0012_0015,4
18_patch_0012_0016,0
18_patch_0012_0017,-1
18_patch_0012_0018,0
18_patch_0012_0019,0
18_patch_0012_0020,2
18_patch_0012_0021,3
18_patch_0012_0022,2
18_patch_0012_0023,2
18_patch_0013_0000,0
18_patch_0013_0001,1
18_patch_0013_0002,-1
18_patch_0013_0003,3
18_patch_0013_0004,2
18_patch_0013_0005,3
18_patch_0013_0006,0
18_patch_0013_0007,2
18_patch_0013_0008,3
18_patch_0013_0009,4
18_patch_0013_0010,2
18_patch_0013_0011,0
18_patch_0013_0012,4
18_patch_0013_0013,4
18_patch_0013_0014,2
18_patch_0013_0015,2
18_patch_0013_0016,2
18_patch_0013_0017,-1
18_patch_0013_0018,3
18_patch_0013_0019,3
18_patch_0013_0020,1
18_patch_0013_0021,4
18_patch_0013_0022,0
18_patch_0013_0023,4
18_patch_0014_0000,2
18_patch_0014_0001,1
18_patch_0014_0002,-1
18_patch_0014_0003,0
18_patch_0014_0004,3
18_patch_0014_0005,4
18_patch_0014_0006,0
18_patch_0014_0007,-1
18_patch_0014_0008,-1
18_patch_0014_0009,1
18_patch_0014_0010,4
18_patch_0014_0011,1
18_patch_0014_0012,1
18_patch_0014_0013,2
18_patch_0014_0014,3
18_patch_0014_0015,0
18_patch_0014_0016,3
18_patch_0014_0017,1
18_patch_0014_0018,0
18_patch_0014_0019,4
18_patch_0014_0020,3
18_patch_0014_0021,4
18_patch_0014_0022,4
18_patch_0014_0023,3
18_patch_0015_0000,2
18_patch_0015_0001,3
18_patch_0015_0002,0
18_patch_0015_0003,4
18_patch_0015_0004,3
18_patch_0015_0005,4
18_patch_0015_0006,3
18_patch_0015_0007,0
18_patch_0015_0008,3
18_patch_0015_0009,0
18_patch_0015_0010,-1
18_patch_0015_0011,1
18_patch_0015_0012,3
18_patch_0015_0013,1
18_patch_0015_0014,3
18_patch_0015_0015,4
18_patch_0015_0016,0
18_patch_0015_0017,3
18_patch_0015_0018,3
18_patch_0015_0019,3
18_patch_0015_0020,2
18_patch_0015_0021,3
18_patch_0015_0022,-1
18_patch_0015_0023,2
18_patch_0016_0000,3
18_patch_0016_0001,4
18_patch_0016_0002,1
18_patch_0016_0003,1
18_patch_0016_0004,1
18_patch_0016_0005,1
18_patch_0016_0006,0
18_patch_0016_0007,4
18_patch_0016_0008,-1
18_patch_0016_0009,-1
18_patch_0016_0010,2
18_patch_0016_0011,0
18_patch_0016_0012,4
18_patch_0016_0013,4
18_patch_0016_0014,2
18_patch_0016_0015,4
18_patch_0016_0016,4
18_patch_0016_0017,1
18_patch_0016_0018,4
18_patch_0016_0019,0
18_patch_0016_0020,3
18_patch_0016_0021,3
18_patch_0016_0022,4
18_patch_0016_0023,2
18_patch_0017_0000,4
18_patch_0017_0001,0
18_patch_0017_0002,0
18_patch_0017_0003,1
18_patch_0017_0004,-1
18_patch_0017_0005,-1
18_patch_0017_0006,0
18_patch_0017_0007,4
18_patch_0017_0008,2
18_patch_0017_0009,1
18_patch_0017_0010,2
18_patch_0017_0011,4
18_patch_0017_0012,1
18_patch_0017_0013,0
18_patch_0017_0014,1
18_patch_0017_0015,2
18_patch_0017_0016,4
18_patch_0017_0017,4
18_patch_0017_0018,4
18_patch_0017_0019,0
18_patch_0017_0020,3
18_patch_0017_0021,4
18_patch_0017_0022,2
18_patch_0017_0023,1
18_patch_0018_0000,2
18_patch_0018_0001,0
18_patch_0018_0002,2
18_patch_0018_0003,-1
18_patch_0018_0004,4
18_patch_0018_0005,1
18_patch_0018_0006,3
18_patch_0018_0007,2
18_patch_0018_0008,4
18_patch_0018_0009,4
18_patch_0018_0010,3
18_patch_0018_0011,-1
18_patch_0018_0012,4
18_patch_0018_0013,1
18_patch_0018_0014,1
18_patch_0018_0015,3
18_patch_0018_0016,2
18_patch_0018_0017,-1
18_patch_0018_0018,1
18_patch_0018_0019,2
18_patch_0018_0020,3
18_patch_0018_0021,1
18_patch_0018_0022,1
18_patch_0018_0023,3
18_patch_0019_0000,4
18_patch_0019_0001,2
18_patch_0019_0002,-1
18_patch_0019_0003,4
18_patch_0019_0004,2
18_patch_0019_0005,1
18_patch_0019_0006,3
18_patch_0019_0007,2
18_patch_0019_0008,1
18_patch_0019_0009,0
18_patch_0019_0010,-1
18_patch_0019_0011,0
18_patch_0019_0012,4
18_patch_0019_0013,2
18_patch_0019_0014,-1
18_patch_0019_0015,1
18_patch_0019_0016,2
18_patch_0019_0017,4
18_patch_0019_0018,1
18_patch_0019_0019,2
18_patch_0019_0020,3
18_patch_0019_0021,4
18_patch_0019_0022,3
18_patch_0019_0023,3
18_patch_0020_0000,2
18_patch_0020_0001,2
18_patch_0020_0002,3
18_patch_0020_0003,-1
18_patch_0020_0004,3
18_patch_0020_0005,4
18_patch_0020_0006,2
18_patch_0020_0007,1
18_patch_0020_0008,1
18_patch_0020_0009,-1
18_patch_0020_0010,1
18_patch_0020_0011,4
18_patch_0020_0012,2
18_patch_0020_0013,1
18_patch_0020_0014,2
18_patch_0020_0015,1
18_patch_0020_0016,1
18_patch_0020_0017,4
18_patch_0020_0018,4
18_patch_0020_0019,1
18_patch_0020_0020,3
18_patch_0020_0021,2
18_patch_0020_0022,2
18_patch_0020_0023,1
19_patch_0000_0000,3
19_patch_0000_0001,0
19_patch_0000_0002,3
19_patch_0000_0003,2
19_patch_0000_0004,3
19_patch_0000_0005,2
19_patch_0000_0006,0
19_patch_0000_0007,1
19_patch_0000_0008,1
19_patch_0000_0009,3
19_patch_0000_0010,4
19_patch_0000_0011,0
19_patch_0000_0012,2
19_patch_0000_0013,4
19_patch_0000_0014,3
19_patch_0000_0015,4
19_patch_0000_0016,3
19_patch_0000_0017,3
19_patch_0000_0018,4
19_patch_0000_0019,2
19_patch_0000_0020,2
19_patch_0000_0021,3
19_patch_0000_0022,4
19_patch_0000_0023,4
19_patch_0000_0024,0
19_patch_0000_0025,2
19_patch_0000_0026,4
19_patch_0001_0000,-1
19_patch_0001_0001,2
19_patch_0001_0002,1
19_patch_0001_0003,3
19_patch_0001_0004,2
19_patch_0001_0005,2
19_patch_0001_0006,2
19_patch_0001_0007,4
19_patch_0001_0008,1
19_patch_0001_0009,2
19_patch_0001_0010,0
19_patch_0001_0011,3
19_patch_0001_0012,2
19_patch_0001_0013,1
19_patch_0001_0014,3
19_patch_0001_0015,4
19_patch_0001_0016,1
19_patch_0001_0017,4
19_patch_0001_0018,-1
19_patch_0001_0019,1
19_patch_0001_0020,4
19_patch_0001_0021,2
19_patch_0001_0022,3
19_patch_0001_0023,1
19_patch_0001_0024,0
19_patch_0001_0025,2
19_patch_0001_0026,2
19_patch_0002_0000,3
19_patch_0002_0001,4
19_patch_0002_0002,1
19_patch_0002_0003,2
19_patch_0002_0004,2
19_patch_0002_0005,3
19_patch_0002_0006,0
19_patch_0002_0007,-1
19_patch_0002_0008,4
19_patch_0002_0009,3
19_patch_0002_0010,4
19_patch_0002_0011,1
19_patch_0002_0012,4
19_patch_0002_0013,-1
19_patch_0002_0014,1
19_patch_0002_0015,1
19_patch_0002_0016,2
19_patch_0002_0017,2
19_patch_0002_0018,-1
19_patch_0002_0019,-1
19_patch_0002_0020,2
19_patch_0002_0021,3
19_patch_0002_0022,0
19_patch_0002_0023,2
19_patch_0002_0024,0
19_patch_0002_0025,-1
19_patch_0002_0026,-1
19_patch_0003_0000,1
19_patch_0003_0001,2
19_patch_0003_0002,2
19_patch_0003_0003,-1
19_patch_0003_0004,-1
19_patch_0003_0005,2
19_patch_0003_0006,2
19_patch_0003_0007,2
19_patch_0003_0008,0
19_patch_0003_0009,1
19_patch_0003_0010,3
19_patch_0003_0011,2
19_patch_0003_0012,1
19_patch_0003_0013,0
19_patch_0003_0014,4
19_patch_0003_0015,-1
19_patch_0003_0016,1
19_patch_0003_0017,4
19_patch_0003_0018,1
19_patch_0003_0019,0
19_patch_0003_0020,2
19_patch_0003_0021,3
19_patch_0003_0022,1
19_patch_0003_0023,2
19_patch_0003_0024,4
19_patch_0003_0025,4
19_patch_0003_0026,3
19_patch_0004_0000,-1
19_patch_0004_0001,0
19_patch_0004_0002,2
19_patch_0004_0003,4
19_patch_0004_0004,4
19_patch_0004_0005,-1
19_patch_0004_0006,1
19_patch_0004_0007,4
19_patch_0004_0008,1
19_patch_0004_0009,3
19_patch_0004_0010,2
19_patch_0004_0011,1
19_patch_0004_0012,3
19_patch_0004_0013,4
19_patch_0004_0014,1
19_patch_0004_0015,4
19_patch_0004_0016,1
19_patch_0004_0017,2
19_patch_0004_0018,2
19_patch_0004_0019,3
19_patch_0004_0020,2
19_patch_0004_0021,-1
19_patch_0004_0022,-1
19_patch_0004_0023,3
19_patch_0004_0024,4
19_patch_0004_0025,1
19_patch_0004_0026,4
19_patch_0005_0000,3
19_patch_0005_0001,4
19_patch_0005_0002,2
19_patch_0005_0003,3
19_patch_0005_0004,4
19_patch_0005_0005,4
19_patch_0005_0006,2
19_patch_0005_0007,-1
19_patch_0005_0008,-1
19_patch_0005_0009,3
19_patch_0005_0010,-1
19_patch_0005_0011,3
19_patch_0005_0012,3
19_patch_0005_0013,-1
19_patch_0005_0014,2
19_patch_0005_0015,0
19_patch_0005_0016,1
19_patch_0005_0017,1
19_patch_0005_0018,0
19_patch_0005_0019,4
19_patch_0005_0020,4
19_patch_0005_0021,1
19_patch_0005_0022,0
19_patch_0005_0023,1
19_patch_0005_0024,3
19_patch_0005_0025,2
19_patch_0005_0026,2
19_patch_0006_0000,3
19_patch_0006_0001,4
19_patch_0006_0002,3
19_patch_0006_0003,-1
19_patch_0006_0004,-1
19_patch_0006_0005,1
19_patch_0006_0006,4
19_patch_0006_0007,3
19_patch_0006_0008,1
19_patch_0006_0009,-1
19_patch_0006_0010,2
19_patch_0006_0011,1
19_patch_0006_0012,2
19_patch_0006_0013,2
19_patch_0006_0014,-1
19_patch_0006_0015,4
19_patch_0006_0016,0
19_patch_0006_0017,2
19_patch_0006_0018,1
19_patch_0006_0019,2
19_patch_0006_0020,4
19_patch_0006_0021,1
19_patch_0006_0022,2
19_patch_0006_0023,1
19_patch_0006_0024,4
19_patch_0006_0025,1
19_patch_0006_0026,2
19_patch_0007_0000,1
19_patch_0007_0001,1
19_patch_0007_0002,2
19_patch_0007_0003,2
19_patch_0007_0004,4
19_patch_0007_0005,4
19_patch_0007_0006,-1
19_patch_0007_0007,1
19_patch_0007_0008,3
19_patch_0007_0009,1
19_patch_0007_0010,2
19_patch_0007_0011,3
19_patch_0007_0012,3
19_patch_0007_0013,-1
19_patch_0007_0014,4
19_patch_0007_0015,2
19_patch_0007_0016,4
19_patch_0007_0017,2
19_patch_0007_0018,3
19_patch_0007_0019,1
19_patch_0007_0020,-1
19_patch_0007_0021,-1
19_patch_0007_0022,1
19_patch_0007_0023,3
19_patch_0007_0024,3
19_patch_0007_0025,1
19_patch_0007_0026,0
19_patch_0008_0000,-1
19_patch_0008_0001,0
19_patch_0008_0002,4
19_patch_0008_0003,2
19_patch_0008_0004,2
19_patch_0008_0005,3
19_patch_0008_0006,2
19_patch_0008_0007,0
19_patch_0008_0008,1
19_patch_0008_0009,-1
19_patch_0008_0010,3
19_patch_0008_0011,3
19_patch_0008_0012,3
19_patch_0008_0013,4
19_patch_0008_0014,-1
19_patch_0008_0015,2
19_patch_0008_0016,1
19_patch_0008_0017,-1
19_patch_0008_0018,2
19_patch_0008_0019,3
19_patch_0008_0020,4
19_patch_0008_0021,0
19_patch_0008_0022,3
19_patch_0008_0023,2
19_patch_0008_0024,0
19_patch_0008_0025,4
19_patch_0008_0026,4
19_patch_0009_0000,-1
19_patch_0009_0001,4
19_patch_0009_0002,2
19_patch_0009_0003,4
19_patch_0009_0004,3
19_patch_0009_0005,2
19_patch_0009_0006,4
19_patch_0009_0007,-1
19_patch_0009_0008,1
19_patch_0009_0009,4
19_patch_0009_0010,0
19_patch_0009_0011,3
19_patch_0009_0012,-1
19_patch_0009_0013,4
19_patch_0009_0014,2
19_patch_0009_0015,0
19_patch_0009_0016,2
19_patch_0009_0017,3
19_patch_0009_0018,4
19_patch_0009_0019,4
19_patch_0009_0020,2
19_patch_0009_0021,2
19_patch_0009_0022,1
19_patch_0009_0023,3
19_patch_0009_0024,4
19_patch_0009_0025,1
19_patch_0009_0026,-1
19_patch_0010_0000,0
19_patch_0010_0001,4
19_patch_0010_0002,0
19_patch_0010_0003,4
19_patch_0010_0004,2
19_patch_0010_0005,1
19_patch_0010_0006,2
19_patch_0010_0007,3
19_patch_0010_0008,3
19_patch_0010_0009,4
19_patch_0010_0010,2
19_patch_0010_0011,3
19_patch_0010_0012,1
19_patch_0010_0013,4
19_patch_0010_0014,4
19_patch_0010_0015,2
19_patch_0010_0016,-1
19_patch_0010_0017,4
19_patch_0010_0018,0
19_patch_0010_0019,4
19_patch_0010_0020,4
19_patch_0010_0021,0
19_patch_0010_0022,0
19_patch_0010_0023,-1
19_patch_0010_0024,-1
19_patch_0010_0025,2
19_patch_0010_0026,4
19_patch_0011_0000,0
19_patch_0011_0001,2
19_patch_0011_0002,2
19_patch_0011_0003,1
19_patch_0011_0004,3
19_patch_0011_0005,2
19_patch_0011_0006,4
19_patch_0011_0007,4
19_patch_0011_0008,1
19_patch_0011_0009,3
19_patch_0011_0010,1
19_patch_0011_0011,2
19_patch_0011_0012,-1
19_patch_0011_0013,1
19_patch_0011_0014,4
19_patch_0011_0015,1
19_patch_0011_0016,-1
19_patch_0011_0017,0
19_patch_0011_0018,-1
19_patch_0011_0019,4
19_patch_0011_0020,3
19_patch_0011_0021,1
19_patch_0011_0022,1
19_patch_0011_0023,2
19_patch_0011_0024,-1
19_patch_0011_0025,-1
19_patch_0011_0026,3
19_patch_0012_0000,4
19_patch_0012_0001,4
19_patch_0012_0002,0
19_patch_0012_0003,0
19_patch_0012_0004,1
19_patch_0012_0005,1
19_patch_0012_0006,4
19_patch_0012_0007,3
19_patch_0012_0008,2
19_patch_0012_0009,4
19_patch_0012_0010,0
19_patch_0012_0011,3
19_patch_0012_0012,3
19_patch_0012_0013,2
19_patch_0012_0014,3
19_patch_0012_0015,4
19_patch_0012_0016,3
19_patch_0012_0017,4
19_patch_0012_0018,1
19_patch_0012_0019,1
19_patch_0012_0020,2
19_patch_0012_0021,4
19_patch_0012_0022,4
19_patch_0012_0023,4
19_patch_0012_0024,1
19_patch_0012_0025,1
19_patch_0012_0026,2
19_patch_0013_0000,1
19_patch_0013_0001,2
19_patch_0013_0002,2
19_patch_0013_0003,4
19_patch_0013_0004,1
19_patch_0013_0005,3
19_patch_0013_0006,-1
19_patch_0013_0007,1
19_patch_0013_0008,2
19_patch_0013_0009,3
19_patch_0013_0010,1
19_patch_0013_0011,2
19_patch_0013_0012,2
19_patch_0013_0013,1
19_patch_0013_0014,4
19_patch_0013_0015,1
19_patch_0013_0016,3
19_patch_0013_0017,2
19_patch_0013_0018,3
19_patch_0013_0019,0
19_patch_0013_0020,3
19_patch_0013_0021,4
19_patch_0013_0022,3
19_patch_0013_0023,1
19_patch_0013_0024,2
19_patch_0013_0025,3
19_patch_0013_0026,2
19_patch_0014_0000,0
19_patch_0014_0001,-1
19_patch_0014_0002,2
19_patch_0014_0003,4
19_patch_0014_0004,1
19_patch_0014_0005,4
19_patch_0014_0006,3
19_patch_0014_0007,-1
19_patch_0014_0008,4
19_patch_0014_0009,3
19_patch_0014_0010,3
19_patch_0014_0011,0
19_patch_0014_0012,4
19_patch_0014_0013,1
19_patch_0014_0014,2
19_patch_0014_0015,0
19_patch_0014_0016,4
19_patch_0014_0017,4
19_patch_0014_0018,0
19_patch_0014_0019,0
19_patch_0014_0020,0
19_patch_0014_0021,-1
19_patch_0014_0022,3
19_patch_0014_0023,-1
19_patch_0014_0024,1
19_patch_0014_0025,0
19_patch_0014_0026,1
19_patch_0015_0000,3
19_patch_0015_0001,3
19_patch_0015_0002,-1
19_patch_0015_0003,1
19_patch_0015_0004,3
19_patch_0015_0005,2
19_patch_0015_0006,0
19_patch_0015_0007,-1
19_patch_0015_0008,4
19_patch_0015_0009,4
19_patch_0015_0010,0
19_patch_0015_0011,3
19_patch_0015_0012,3
19_patch_0015_0013,4
19_patch_0015_0014,1
19_patch_0015_0015,-1
19_patch_0015_0016,3
19_patch_0015_0017,2
19_patch_0015_0018,3
19_patch_0015_0019,4
19_patch_0015_0020,2
19_patch_0015_0021,2
19_patch_0015_0022,-1
19_patch_0015_0023,0
19_patch_0015_0024,4
19_patch_0015_0025,4
19_patch_0015_0026,2
19_patch_0016_0000,3
19_patch_0016_0001,3
19_patch_0016_0002,-1
19_patch_0016_0003,0
19_patch_0016_0004,1
19_patch_0016_0005,4
19_patch_0016_0006,1
19_patch_0016_0007,2
19_patch_0016_0008,3
19_patch_0016_0009,3
19_patch_0016_0010,1
19_patch_0016_0011,3
19_patch_0016_0012,1
19_patch_0016_0013,4
19_patch_0016_0014,0
19_patch_0016_0015,1
19_patch_0016_0016,4
19_patch_0016_0017,-1
19_patch_0016_0018,1
19_patch_0016_0019,4
19_patch_0016_0020,-1
19_patch_0016_0021,4
19_patch_0016_0022,2
19_patch_0016_0023,2
19_patch_0016_0024,3
19_patch_0016_0025,1
19_patch_0016_0026,2
19_patch_0017_0000,3
19_patch_0017_0001,0
19_patch_0017_0002,3
19_patch_0017_0003,1
19_patch_0017_0004,4
19_patch_0017_0005,1
19_patch_0017_0006,3
19_patch_0017_0007,1
19_patch_0017_0008,2
19_patch_0017_0009,0
19_patch_0017_0010,2
19_patch_0017_0011,2
19_patch_0017_0012,0
19_patch_0017_0013,-1
19_patch_0017_0014,1
19_patch_0017_0015,3
19_patch_0017_0016,1
19_patch_0017_0017,0
19_patch_0017_0018,2
19_patch_0017_0019,-1
19_patch_0017_0020,-1
19_patch_0017_0021,4
19_patch_0017_0022,4
19_patch_0017_0023,3
19_patch_0017_0024,4
19_patch_0017_0025,3
19_patch_0017_0026,2
1_patch_0000_0000,-1
1_patch_0000_0001,4
1_patch_0000_0002,-1
1_patch_0000_0003,-1
1_patch_0000_0004,2
1_patch_0000_0005,4
1_patch_0000_0006,1
1_patch_0000_0007,3
1_patch_0000_0008,4
1_patch_0000_0009,3
1_patch_0000_0010,4
1_patch_0000_0011,3
1_patch_0000_0012,2
1_patch_0000_0013,3
1_patch_0000_0014,-1
1_patch_0000_0015,3
1_patch_0000_0016,1
1_patch_0000_0017,4
1_patch_0000_0018,3
1_patch_0000_0019,1
1_patch_0000_0020,1
1_patch_0000_0021,2
1_patch_0000_0022,0
1_patch_0000_0023,2
1_patch_0000_0024,1
1_patch_0000_0025,3
1_patch_0000_0026,3
1_patch_0000_0027,-1
1_patch_0001_0000,3
1_patch_0001_0001,4
1_patch_0001_0002,3
1_patch_0001_0003,4
1_patch_0001_0004,4
1_patch_0001_0005,2
1_patch_0001_0006,2
1_patch_0001_0007,4
1_patch_0001_0008,2
1_patch_0001_0009,3
1_patch_0001_0010,4
1_patch_0001_0011,4
1_patch_0001_0012,1
1_patch_0001_0013,3
1_patch_0001_0014,1
1_patch_0001_0015,3
1_patch_0001_0016,1
1_patch_0001_0017,3
1_patch_0001_0018,2
1_patch_0001_0019,1
1_patch_0001_0020,1
1_patch_0001_0021,4
1_patch_0001_0022,3
1_patch_0001_0023,2
1_patch_0001_0024,2
1_patch_0001_0025,2
1_patch_0001_0026,0
1_patch_0001_0027,2
1_patch_0002_0000,4
1_patch_0002_0001,1
1_patch_0002_0002,-1
1_patch_0002_0003,4
1_patch_0002_0004,2
1_patch_0002_0005,2
1_patch_0002_0006,4
1_patch_0002_0007,0
1_patch_0002_0008,4
1_patch_0002_0009,-1
1_patch_0002_0010,1
1_patch_0002_0011,4
1_patch_0002_0012,3
1_patch_0002_0013,1
1_patch_0002_0014,0
1_patch_0002_0015,3
1_patch_0002_0016,1
1_patch_0002_0017,2
1_patch_0002_0018,4
1_patch_0002_0019,-1
1_patch_0002_0020,2
1_patch_0002_0021,2
1_patch_0002_0022,1
1_patch_0002_0023,3
1_patch_0002_0024,2
1_patch_0002_0025,-1
1_patch_0002_0026,3
1_patch_0002_0027,1
1_patch_0003_0000,4
1_patch_0003_0001,2
1_patch_0003_0002,3
1_patch_0003_0003,-1
1_patch_0003_0004,4
1_patch_0003_0005,2
1_patch_0003_0006,4
1_patch_0003_0007,2
1_patch_0003_0008,4
1_patch_0003_0009,4
1_patch_0003_0010,-1
1_patch_0003_0011,4
1_patch_0003_0012,1
1_patch_0003_0013,4
1_patch_0003_0014,4
1_patch_0003_0015,2
1_patch_0003_0016,4
1_patch_0003_0017,2
1_patch_0003_0018,1
1_patch_0003_0019,3
1_patch_0003_0020,1
1_patch_0003_0021,2
1_patch_0003_0022,4
1_patch_0003_0023,3
1_patch_0003_0024,0
1_patch_0003_0025,1
1_patch_0003_0026,3
1_patch_0003_0027,4
1_patch_0004_0000,4
1_patch_0004_0001,3
1_patch_0004_0002,3
1_patch_0004_0003,2
1_patch_0004_0004,2
1_patch_0004_0005,4
1_patch_0004_0006,4
1_patch_0004_0007,1
1_patch_0004_0008,-1
1_patch_0004_0009,3
1_patch_0004_0010,-1
1_patch_0004_0011,-1
1_patch_0004_0012,4
1_patch_0004_0013,-1
1_patch_0004_0014,1
1_patch_0004_0015,3
1_patch_0004_0016,4
1_patch_0004_0017,2
1_patch_0004_0018,4
1_patch_0004_0019,1
1_patch_0004_0020,2
1_patch_0004_0021,1
1_patch_0004_0022,2
1_patch_0004_0023,4
1_patch_0004_0024,2
1_patch_0004_0025,2
1_patch_0004_0026,1
1_patch_0004_0027,2
1_patch_0005_0000,3
1_patch_0005_0001,-1
1_patch_0005_0002,3
1_patch_0005_0003,1
1_patch_0005_0004,-1
1_patch_0005_0005,3
1_patch_0005_0006,1
1_patch_0005_0007,1
1_patch_0005_0008,3
1_patch_0005_0009,1
1_patch_0005_0010,4
1_patch_0005_0011,0
1_patch_0005_0012,3
1_patch_0005_0013,3
1_patch_0005_0014,1
1_patch_0005_0015,1
1_patch_0005_0016,2
1_patch_0005_0017,1
1_patch_0005_0018,-1
1_patch_0005_0019,1
1_patch_0005_0020,1
1_patch_0005_0021,2
1_patch_0005_0022,3
1_patch_0005_0023,3
1_patch_0005_0024,2
1_patch_0005_0025,0
1_patch_0005_0026,3
1_patch_0005_0027,4
1_patch_0006_0000,4
1_patch_0006_0001,3
1_patch_0006_0002,-1
1_patch_0006_0003,4
1_patch_0006_0004,4
1_patch_0006_0005,-1
1_patch_0006_0006,3
1_patch_0006_0007,2
1_patch_0006_0008,3
1_patch_0006_0009,2
1_patch_0006_0010,4
1_patch_0006_0011,-1
1_patch_0006_0012,2
1_patch_0006_0013,-1
1_patch_0006_0014,3
1_patch_0006_0015,2
1_patch_0006_0016,4
1_patch_0006_0017,3
1_patch_0006_0018,4
1_patch_0006_0019,4
1_patch_0006_0020,2
1_patch_0006_0021,2
1_patch_0006_0022,1
1_patch_0006_0023,3
1_patch_0006_0024,4
1_patch_0006_0025,4
1_patch_0006_0026,4
1_patch_0006_0027,3
1_patch_0007_0000,1
1_patch_0007_0001,4
1_patch_0007_0002,-1
1_patch_0007_0003,2
1_patch_0007_0004,2
1_patch_0007_0005,3
1_patch_0007_0006,3
1_patch_0007_0007,4
1_patch_0007_0008,2
1_patch_0007_0009,2
1_patch_0007_0010,2
1_patch_0007_0011,2
1_patch_0007_0012,4
1_patch_0007_0013,4
1_patch_0007_0014,-1
1_patch_0007_0015,0
1_patch_0007_0016,2
1_patch_0007_0017,3
1_patch_0007_0018,3
1_patch_0007_0019,4
1_patch_0007_0020,4
1_patch_0007_0021,0
1_patch_0007_0022,1
1_patch_0007_0023,4
1_patch_0007_0024,1
1_patch_0007_0025,4
1_patch_0007_0026,1
1_patch_0007_0027,2
1_patch_0008_0000,3
1_patch_0008_0001,2
1_patch_0008_0002,3
1_patch_0008_0003,3
1_patch_0008_0004,2
1_patch_0008_0005,4
1_patch_0008_0006,-1
1_patch_0008_0007,3
1_patch_0008_0008,3
1_patch_0008_0009,4
1_patch_0008_0010,3
1_patch_0008_0011,4
1_patch_0008_0012,-1
1_patch_0008_0013,2
1_patch_0008_0014,3
1_patch_0008_0015,3
1_patch_0008_0016,3
1_patch_0008_0017,4
1_patch_0008_0018,4
1_patch_0008_0019,2
1_patch_0008_0020,2
1_patch_0008_0021,4
1_patch_0008_0022,3
1_patch_0008_0023,1
1_patch_0008_0024,3
1_patch_0008_0025,0
1_patch_0008_0026,3
1_patch_0008_0027,3
1_patch_0009_0000,1
1_patch_0009_0001,2
1_patch_0009_0002,3
1_patch_0009_0003,4
1_patch_0009_0004,3
1_patch_0009_0005,2
1_patch_0009_0006,2
1_patch_0009_0007,3
1_patch_0009_0008,1
1_patch_0009_0009,3
1_patch_0009_0010,-1
1_patch_0009_0011,3
1_patch_0009_0012,4
1_patch_0009_0013,1
1_patch_0009_0014,4
1_patch_0009_0015,-1
1_patch_0009_0016,2
1_patch_0009_0017,1
1_patch_0009_0018,3
1_patch_0009_0019,4
1_patch_0009_0020,-1
1_patch_0009_0021,3
1_patch_0009_0022,0
1_patch_0009_0023,1
1_patch_0009_0024,3
1_patch_0009_0025,2
1_patch_0009_0026,3
1_patch_0009_0027,2
1_patch_0010_0000,4
1_patch_0010_0001,4
1_patch_0010_0002,1
1_patch_0010_0003,0
1_patch_0010_0004,1
1_patch_0010_0005,1
1_patch_0010_0006,4
1_patch_0010_0007,1
1_patch_0010_0008,4
1_patch_0010_0009,0
1_patch_0010_0010,4
1_patch_0010_0011,3
1_patch_0010_0012,-1
1_patch_0010_0013,1
1_patch_0010_0014,-1
1_patch_0010_0015,1
1_patch_0010_0016,-1
1_patch_0010_0017,1
1_patch_0010_0018,3
1_patch_0010_0019,4
1_patch_0010_0020,2
1_patch_0010_0021,3
1_patch_0010_0022,3
1_patch_0010_0023,1
1_patch_0010_0024,3
1_patch_0010_0025,1
1_patch_0010_0026,-1
1_patch_0010_0027,1
1_patch_0011_0000,2
1_patch_0011_0001,0
1_patch_0011_0002,1
1_patch_0011_0003,0
1_patch_0011_0004,4
1_patch_0011_0005,4
1_patch_0011_0006,3
1_patch_0011_0007,4
1_patch_0011_0008,1
1_patch_0011_0009,3
1_patch_0011_0010,4
1_patch_0011_0011,1
1_patch_0011_0012,2
1_patch_0011_0013,3
1_patch_0011_0014,3
1_patch_0011_0015,0
1_patch_0011_0016,3
1_patch_0011_0017,2
1_patch_0011_0018,4
1_patch_0011_0019,2
1_patch_0011_0020,2
1_patch_0011_0021,-1
1_patch_0011_0022,2
1_patch_0011_0023,2
1_patch_0011_0024,1
1_patch_0011_0025,3
1_patch_0011_0026,1
1_patch_0011_0027,3
1_patch_0012_0000,4
1_patch_0012_0001,3
1_patch_0012_0002,-1
1_patch_0012_0003,3
1_patch_0012_0004,0
1_patch_0012_0005,-1
1_patch_0012_0006,0
1_patch_0012_0007,4
1_patch_0012_0008,1
1_patch_0012_0009,4
1_patch_0012_0010,2
1_patch_0012_0011,2
1_patch_0012_0012,1
1_patch_0012_0013,2
1_patch_0012_0014,4
1_patch_0012_0015,0
1_patch_0012_0016,0
1_patch_0012_0017,1
1_patch_0012_0018,2
1_patch_0012_0019,-1
1_patch_0012_0020,2
1_patch_0012_0021,3
1_patch_0012_0022,3
1_patch_0012_0023,0
1_patch_0012_0024,3
1_patch_0012_0025,0
1_patch_0012_0026,0
1_patch_0012_0027,3
1_patch_0013_0000,1
1_patch_0013_0001,2
1_patch_0013_0002,4
1_patch_0013_0003,2
1_patch_0013_0004,3
1_patch_0013_0005,3
1_patch_0013_0006,3
1_patch_0013_0007,4
1_patch_0013_0008,4
1_patch_0013_0009,-1
1_patch_0013_0010,4
1_patch_0013_0011,1
1_patch_0013_0012,4
1_patch_0013_0013,2
1_patch_0013_0014,4
1_patch_0013_0015,3
1_patch_0013_0016,-1
1_patch_0013_0017,4
1_patch_0013_0018,4
1_patch_0013_0019,3
1_patch_0013_0020,3
1_patch_0013_0021,3
1_patch_0013_0022,1
1_patch_0013_0023,3
1_patch_0013_0024,0
1_patch_0013_0025,1
1_patch_0013_0026,2
1_patch_0013_0027,0
1_patch_0014_0000,2
1_patch_0014_0001,3
1_patch_0014_0002,0
1_patch_0014_0003,1
1_patch_0014_0004,2
1_patch_0014_0005,3
1_patch_0014_0006,4
1_patch_0014_0007,3
1_patch_0014_0008,4
1_patch_0014_0009,4
1_patch_0014_0010,3
1_patch_0014_0011,4
1_patch_0014_0012,4
1_patch_0014_0013,4
1_patch_0014_0014,4
1_patch_0014_0015,4
1_patch_0014_0016,-1
1_patch_0014_0017,2
1_patch_0014_0018,2
1_patch_0014_0019,-1
1_patch_0014_0020,1
1_patch_0014_0021,4
1_patch_0014_0022,3
1_patch_0014_0023,2
1_patch_0014_0024,4
1_patch_0014_0025,3
1_patch_0014_0026,2
1_patch_0014_0027,4
1_patch_0015_0000,1
1_patch_0015_0001,2
1_patch_0015_0002,3
1_patch_0015_0003,4
1_patch_0015_0004,-1
1_patch_0015_0005,2
1_patch_0015_0006,1
1_patch_0015_0007,0
1_patch_0015_0008,3
1_patch_0015_0009,0
1_patch_0015_0010,0
1_patch_0015_0011,4
1_patch_0015_0012,1
1_patch_0015_0013,1
1_patch_0015_0014,1
1_patch_0015_0015,-1
1_patch_0015_0016,1
1_patch_0015_0017,1
1_patch_0015_0018,4
1_patch_0015_0019,4
1_patch_0015_0020,1
1_patch_0015_0021,2
1_patch_0015_0022,0
1_patch_0015_0023,3
1_patch_0015_0024,4
1_patch_0015_0025,1
1_patch_0015_0026,3
1_patch_0015_0027,2
1_patch_0016_0000,4
1_patch_0016_0001,3
1_patch_0016_0002,2
1_patch_0016_0003,4
1_patch_0016_0004,2
1_patch_0016_0005,3
1_patch_0016_0006,0
1_patch_0016_0007,3
1_patch_0016_0008,4
1_patch_0016_0009,3
1_patch_0016_0010,3
1_patch_0016_0011,2
1_patch_0016_0012,2
1_patch_0016_0013,3
1_patch_0016_0014,1
1_patch_0016_0015,1
1_patch_0016_0016,3
1_patch_0016_0017,1
1_patch_0016_0018,-1
1_patch_0016_0019,4
1_patch_0016_0020,1
1_patch_0016_0021,2
1_patch_0016_0022,1
1_patch_0016_0023,2
1_patch_0016_0024,-1
1_patch_0016_0025,-1
1_patch_0016_0026,-1
1_patch_0016_0027,3
1_patch_0017_0000,1
1_patch_0017_0001,1
1_patch_0017_0002,1
1_patch_0017_0003,4
1_patch_0017_0004,1
1_patch_0017_0005,1
1_patch_0017_0006,2
1_patch_0017_0007,2
1_patch_0017_0008,-1
1_patch_0017_0009,4
1_patch_0017_0010,1
1_patch_0017_0011,4
1_patch_0017_0012,3
1_patch_0017_0013,1
1_patch_0017_0014,2
1_patch_0017_0015,3
1_patch_0017_0016,2
1_patch_0017_0017,0
1_patch_0017_0018,4
1_patch_0017_0019,4
1_patch_0017_0020,0
1_patch_0017_0021,0
1_patch_0017_0022,4
1_patch_0017_0023,2
1_patch_0017_0024,4
1_patch_0017_0025,3
1_patch_0017_0026,1
1_patch_0017_0027,0
1_patch_0018_0000,2
1_patch_0018_0001,4
1_patch_0018_0002,1
1_patch_0018_0003,2
1_patch_0018_0004,1
1_patch_0018_0005,4
1_patch_0018_0006,2
1_patch_0018_0007,4
1_patch_0018_0008,4
1_patch_0018_0009,4
1_patch_0018_0010,3
1_patch_0018_0011,4
1_patch_0018_0012,4
1_patch_0018_0013,1
1_patch_0018_0014,4
1_patch_0018_0015,4
1_patch_0018_0016,2
1_patch_0018_0017,4
1_patch_0018_0018,1
1_patch_0018_0019,1
1_patch_0018_0020,4
1_patch_0018_0021,1
1_patch_0018_0022,4
1_patch_0018_0023,0
1_patch_0018_0024,3
1_patch_0018_0025,0
1_patch_0018_0026,3
1_patch_0018_0027,1
1_patch_0019_0000,-1
1_patch_0019_0001,3
1_patch_0019_0002,-1
1_patch_0019_0003,4
1_patch_0019_0004,-1
1_patch_0019_0005,-1
1_patch_0019_0006,4
1_patch_0019_0007,3
1_patch_0019_0008,0
1_patch_0019_0009,3
1_patch_0019_0010,0
1_patch_0019_0011,2
1_patch_0019_0012,3
1_patch_0019_0013,1
1_patch_0019_0014,1
1_patch_0019_0015,0
1_patch_0019_0016,0
1_patch_0019_0017,4
1_patch_0019_0018,3
1_patch_0019_0019,0
1_patch_0019_0020,0
1_patch_0019_0021,1
1_patch_0019_0022,2
1_patch_0019_0023,3
1_patch_0019_0024,3
1_patch_0019_0025,3
1_patch_0019_0026,0
1_patch_0019_0027,2
1_patch_0020_0000,1
1_patch_0020_0001,4
1_patch_0020_0002,-1
1_patch_0020_0003,3
1_patch_0020_0004,-1
1_patch_0020_0005,4
1_patch_0020_0006,0
1_patch_0020_0007,2
1_patch_0020_0008,2
1_patch_0020_0009,4
1_patch_0020_0010,3
1_patch_0020_0011,1
1_patch_0020_0012,3
1_patch_0020_0013,4
1_patch_0020_0014,1
1_patch_0020_0015,4
1_patch_0020_0016,2
1_patch_0020_0017,3
1_patch_0020_0018,3
1_patch_0020_0019,1
1_patch_0020_0020,-1
1_patch_0020_0021,0
1_patch_0020_0022,3
1_patch_0020_0023,4
1_patch_0020_0024,-1
1_patch_0020_0025,3
1_patch_0020_0026,0
1_patch_0020_0027,3
1_patch_0021_0000,1
1_patch_0021_0001,0
1_patch_0021_0002,2
1_patch_0021_0003,3
1_patch_0021_0004,4
1_patch_0021_0005,2
1_patch_0021_0006,2
1_patch_0021_0007,4
1_patch_0021_0008,1
1_patch_0021_0009,1
1_patch_0021_0010,3
1_patch_0021_0011,3
1_patch_0021_0012,1
1_patch_0021_0013,2
1_patch_0021_0014,4
1_patch_0021_0015,2
1_patch_0021_0016,3
1_patch_0021_0017,3
1_patch_0021_0018,3
1_patch_0021_0019,0
1_patch_0021_0020,2
1_patch_0021_0021,0
1_patch_0021_0022,0
1_patch_0021_0023,2
1_patch_0021_0024,-1
1_patch_0021_0025,4
1_patch_0021_0026,2
1_patch_0021_0027,4
20_patch_0000_0000,1
20_patch_0000_0001,0
20_patch_0000_0002,1
20_patch_0000_0003,0
20_patch_0000_0004,4
20_patch_0000_0005,2
20_patch_0000_0006,1
20_patch_0000_0007,4
20_patch_0000_0008,3
20_patch_0000_0009,1
20_patch_0000_0010,3
20_patch_0000_0011,4
20_patch_0000_0012,2
20_patch_0000_0013,-1
20_patch_0000_0014,2
20_patch_0000_0015,3
20_patch_0000_0016,1
20_patch_0000_0017,-1
20_patch_0000_0018,2
20_patch_0000_0019,2
20_patch_0000_0020,1
20_patch_0000_0021,4
20_patch_0000_0022,-1
20_patch_0000_0023,3
20_patch_0000_0024,4
20_patch_0000_0025,-1
20_patch_0000_0026,3
20_patch_0000_0027,3
20_patch_0001_0000,1
20_patch_0001_0001,3
20_patch_0001_0002,1
20_patch_0001_0003,2
20_patch_0001_0004,-1
20_patch_0001_0005,3
20_patch_0001_0006,2
20_patch_0001_0007,1
20_patch_0001_0008,2
20_patch_0001_0009,3
20_patch_0001_0010,4
20_patch_0001_0011,2
20_patch_0001_0012,1
20_patch_0001_0013,3
20_patch_0001_0014,1
20_patch_0001_0015,2
20_patch_0001_0016,2
20_patch_0001_0017,-1
20_patch_0001_0018,3
20_patch_0001_0019,2
20_patch_0001_0020,4
20_patch_0001_0021,3
20_patch_0001_0022,1
20_patch_0001_0023,4
20_patch_0001_0024,2
20_patch_0001_0025,0
20_patch_0001_0026,3
20_patch_0001_0027,3
20_patch_0002_0000,2
20_patch_0002_0001,3
20_patch_0002_0002,4
20_patch_0002_0003,1
20_patch_0002_0004,-1
20_patch_0002_0005,4
20_patch_0002_0006,-1
20_patch_0002_0007,1
20_patch_0002_0008,4
20_patch_0002_0009,-1
20_patch_0002_0010,1
20_patch_0002_0011,4
20_patch_0002_0012,1
20_patch_0002_0013,1
20_patch_0002_0014,2
20_patch_0002_0015,1
20_patch_0002_0016,1
20_patch_0002_0017,3
20_patch_0002_0018,2
20_patch_0002_0019,2
20_patch_0002_0020,1
20_patch_0002_0021,-1
20_patch_0002_0022,1
20_patch_0002_0023,2
20_patch_0002_0024,2
20_patch_0002_0025,0
20_patch_0002_0026,3
20_patch_0002_0027,3
20_patch_0003_0000,1
20_patch_0003_0001,2
20_patch_0003_0002,4
20_patch_0003_0003,4
20_patch_0003_0004,-1
20_patch_0003_0005,3
20_patch_0003_0006,4
20_patch_0003_0007,2
20_patch_0003_0008,4
20_patch_0003_0009,3
20_patch_0003_0010,2
20_patch_0003_0011,4
20_patch_0003_0012,2
20_patch_0003_0013,2
20_patch_0003_0014,2
20_patch_0003_0015,3
20_patch_0003_0016,3
20_patch_0003_0017,-1
20_patch_0003_0018,2
20_patch_0003_0019,1
20_patch_0003_0020,-1
20_patch_0003_0021,2
20_patch_0003_0022,4
20_patch_0003_0023,1
20_patch_0003_0024,0
20_patch_0003_0025,2
20_patch_0003_0026,0
20_patch_0003_0027,4
20_patch_0004_0000,2
20_patch_0004_0001,0
20_patch_0004_0002,2
20_patch_0004_0003,4
20_patch_0004_0004,4
20_patch_0004_0005,0
20_patch_0004_0006,1
20_patch_0004_0007,3
20_patch_0004_0008,1
20_patch_0004_0009,-1
20_patch_0004_0010,4
20_patch_0004_0011,4
20_patch_0004_0012,2
20_patch_0004_0013,3
20_patch_0004_0014,0
20_patch_0004_0015,2
20_patch_0004_0016,3
20_patch_0004_0017,-1
20_patch_0004_0018,-1
20_patch_0004_0019,-1
20_patch_0004_0020,0
20_patch_0004_0021,3
20_patch_0004_0022,4
20_patch_0004_0023,1
20_patch_0004_0024,0
20_patch_0004_0025,2
20_patch_0004_0026,0
20_patch_0004_0027,1
20_patch_0005_0000,4
20_patch_0005_0001,1
20_patch_0005_0002,1
20_patch_0005_0003,1
20_patch_0005_0004,3
20_patch_0005_0005,3
20_patch_0005_0006,2
20_patch_0005_0007,2
20_patch_0005_0008,2
20_patch_0005_0009,1
20_patch_0005_0010,2
20_patch_0005_0011,1
20_patch_0005_0012,1
20_patch_0005_0013,0
20_patch_0005_0014,2
20_patch_0005_0015,2
20_patch_0005_0016,4
20_patch_0005_0017,-1
20_patch_0005_0018,2
20_patch_0005_0019,0
20_patch_0005_0020,1
20_patch_0005_0021,0
20_patch_0005_0022,3
20_patch_0005_0023,1
20_patch_0005_0024,2
20_patch_0005_0025,1
20_patch_0005_0026,4
20_patch_0005_0027,1
20_patch_0006_0000,4
20_patch_0006_0001,4
20_patch_0006_0002,4
20_patch_0006_0003,-1
20_patch_0006_0004,-1
20_patch_0006_0005,3
20_patch_0006_0006,3
20_patch_0006_0007,1
20_patch_0006_0008,2
20_patch_0006_0009,2
20_patch_0006_0010,3
20_patch_0006_0011,-1
20_patch_0006_0012,-1
20_patch_0006_0013,1
20_patch_0006_0014,3
20_patch_0006_0015,3
20_patch_0006_0016,1
20_patch_0006_0017,4
20_patch_0006_0018,0
20_patch_0006_0019,2
20_patch_0006_0020,2
20_patch_0006_0021,0
20_patch_0006_0022,0
20_patch_0006_0023,2
20_patch_0006_0024,3
20_patch_0006_0025,3
20_patch_0006_0026,3
20_patch_0006_0027,-1
20_patch_0007_0000,2
20_patch_0007_0001,2
20_patch_0007_0002,1
20_patch_0007_0003,1
20_patch_0007_0004,4
20_patch_0007_0005,3
20_patch_0007_0006,1
20_patch_0007_0007,3
20_patch_0007_0008,1
20_patch_0007_0009,3
20_patch_0007_0010,4
20_patch_0007_0011,2
20_patch_0007_0012,2
20_patch_0007_0013,0
20_patch_0007_0014,4
20_patch_0007_0015,4
20_patch_0007_0016,2
20_patch_0007_0017,3
20_patch_0007_0018,3
20_patch_0007_0019,0
20_patch_0007_0020,2
20_patch_0007_0021,4
20_patch_0007_0022,3
20_patch_0007_0023,0
20_patch_0007_0024,2
20_patch_0007_0025,2
20_patch_0007_0026,2
20_patch_0007_0027,4
20_patch_0008_0000,2
20_patch_0008_0001,3
20_patch_0008_0002,1
20_patch_0008_0003,-1
20_patch_0008_0004,-1
20_patch_0008_0005,3
20_patch_0008_0006,-1
20_patch_0008_0007,4
20_patch_0008_0008,2
20_patch_0008_0009,1
20_patch_0008_0010,-1
20_patch_0008_0011,2
20_patch_0008_0012,4
20_patch_0008_0013,2
20_patch_0008_0014,-1
20_patch_0008_0015,0
20_patch_0008_0016,0
20_patch_0008_0017,4
20_patch_0008_0018,4
20_patch_0008_0019,-1
20_patch_0008_0020,2
20_patch_0008_0021,2
20_patch_0008_0022,1
20_patch_0008_0023,4
20_patch_0008_0024,3
20_patch_0008_0025,2
20_patch_0008_0026,2
20_patch_0008_0027,4
20_patch_0009_0000,2
20_patch_0009_0001,3
20_patch_0009_0002,1
20_patch_0009_0003,4
20_patch_0009_0004,1
20_patch_0009_0005,4
20_patch_0009_0006,4
20_patch_0009_0007,0
20_patch_0009_0008,-1
20_patch_0009_0009,4
20_patch_0009_0010,3
20_patch_0009_0011,2
20_patch_0009_0012,2
20_patch_0009_0013,4
20_patch_0009_0014,0
20_patch_0009_0015,1
20_patch_0009_0016,-1
20_patch_0009_0017,4
20_patch_0009_0018,1
20_patch_0009_0019,3
20_patch_0009_0020,4
20_patch_0009_0021,2
20_patch_0009_0022,3
20_patch_0009_0023,1
20_patch_0009_0024,2
20_patch_0009_0025,1
20_patch_0009_0026,4
20_patch_0009_0027,4
20_patch_0010_0000,-1
20_patch_0010_0001,2
20_patch_0010_0002,-1
20_patch_0010_0003,-1
20_patch_0010_0004,2
20_patch_0010_0005,3
20_patch_0010_0006,4
20_patch_0010_0007,2
20_patch_0010_0008,4
20_patch_0010_0009,3
20_patch_0010_0010,3
20_patch_0010_0011,1
20_patch_0010_0012,1
20_patch_0010_0013,0
20_patch_0010_0014,2
20_patch_0010_0015,1
20_patch_0010_0016,2
20_patch_0010_0017,3
20_patch_0010_0018,2
20_patch_0010_0019,3
20_patch_0010_0020,1
20_patch_0010_0021,1
20_patch_0010_0022,3
20_patch_0010_0023,3
20_patch_0010_0024,1
20_patch_0010_0025,4
20_patch_0010_0026,1
20_patch_0010_0027,2
20_patch_0011_0000,2
20_patch_0011_0001,-1
20_patch_0011_0002,0
20_patch_0011_0003,3
20_patch_0011_0004,1
20_patch_0011_0005,1
20_patch_0011_0006,3
20_patch_0011_0007,1
20_patch_0011_0008,4
20_patch_0011_0009,3
20_patch_0011_0010,-1
20_patch_0011_0011,2
20_patch_0011_0012,3
20_patch_0011_0013,2
20_patch_0011_0014,2
20_patch_0011_0015,3
20_patch_0011_0016,4
20_patch_0011_0017,-1
20_patch_0011_0018,3
20_patch_0011_0019,0
20_patch_0011_0020,4
20_patch_0011_0021,2
20_patch_0011_0022,1
20_patch_0011_0023,4
20_patch_0011_0024,1
20_patch_0011_0025,3
20_patch_0011_0026,1
20_patch_0011_0027,3
20_patch_0012_0000,2
20_patch_0012_0001,2
20_patch_0012_0002,1
20_patch_0012_0003,1
20_patch_0012_0004,1
20_patch_0012_0005,4
20_patch_0012_0006,3
20_patch_0012_0007,-1
20_patch_0012_0008,3
20_patch_0012_0009,2
20_patch_0012_0010,3
20_patch_0012_0011,1
20_patch_0012_0012,2
20_patch_0012_0013,1
20_patch_0012_0014,4
20_patch_0012_0015,1
20_patch_0012_0016,3
20_patch_0012_0017,1
20_patch_0012_0018,0
20_patch_0012_0019,2
20_patch_0012_0020,2
20_patch_0012_0021,3
20_patch_0012_0022,1
20_patch_0012_0023,-1
20_patch_0012_0024,4
20_patch_0012_0025,1
20_patch_0012_0026,1
20_patch_0012_0027,0
20_patch_0013_0000,2
20_patch_0013_0001,1
20_patch_0013_0002,3
20_patch_0013_0003,1
20_patch_0013_0004,4
20_patch_0013_0005,1
20_patch_0013_0006,0
20_patch_0013_0007,4
20_patch_0013_0008,-1
20_patch_0013_0009,2
20_patch_0013_0010,4
20_patch_0013_0011,2
20_patch_0013_0012,2
20_patch_0013_0013,2
20_patch_0013_0014,1
20_patch_0013_0015,3
20_patch_0013_0016,0
20_patch_0013_0017,-1
20_patch_0013_0018,3
20_patch_0013_0019,-1
20_patch_0013_0020,0
20_patch_0013_0021,4
20_patch_0013_0022,2
20_patch_0013_0023,3
20_patch_0013_0024,3
20_patch_0013_0025,1
20_patch_0013_0026,2
20_patch_0013_0027,4
20_patch_0014_0000,-1
20_patch_0014_0001,-1
20_patch_0014_0002,0
20_patch_0014_0003,2
20_patch_0014_0004,4
20_patch_0014_0005,-1
20_patch_0014_0006,4
20_patch_0014_0007,1
20_patch_0014_0008,1
20_patch_0014_0009,4
20_patch_0014_0010,0
20_patch_0014_0011,0
20_patch_0014_0012,1
20_patch_0014_0013,2
20_patch_0014_0014,2
20_patch_0014_0015,3
20_patch_0014_0016,4
20_patch_0014_0017,4
20_patch_0014_0018,4
20_patch_0014_0019,4
20_patch_0014_0020,3
20_patch_0014_0021,4
20_patch_0014_0022,-1
20_patch_0014_0023,-1
20_patch_0014_0024,2
20_patch_0014_0025,1
20_patch_0014_0026,-1
20_patch_0014_0027,0
20_patch_0015_0000,4
20_patch_0015_0001,3
20_patch_0015_0002,2
20_patch_0015_0003,2
20_patch_0015_0004,2
20_patch_0015_0005,2
20_patch_0015_0006,1
20_patch_0015_0007,4
20_patch_0015_0008,-1
20_patch_0015_0009,1
20_patch_0015_0010,3
20_patch_0015_0011,3
20_patch_0015_0012,1
20_patch_0015_0013,3
20_patch_0015_0014,1
20_patch_0015_0015,-1
20_patch_0015_0016,4
20_patch_0015_0017,3
20_patch_0015_0018,2
20_patch_0015_0019,4
20_patch_0015_0020,3
20_patch_0015_0021,2
20_patch_0015_0022,4
20_patch_0015_0023,3
20_patch_0015_0024,3
20_patch_0015_0025,0
20_patch_0015_0026,-1
20_patch_0015_0027,3
20_patch_0016_0000,-1
20_patch_0016_0001,4
20_patch_0016_0002,0
20_patch_0016_0003,1
20_patch_0016_0004,0
20_patch_0016_0005,2
20_patch_0016_0006,1
20_patch_0016_0007,2
20_patch_0016_0008,0
20_patch_0016_0009,4
20_patch_0016_0010,0
20_patch_0016_0011,4
20_patch_0016_0012,1
20_patch_0016_0013,1
20_patch_0016_0014,3
20_patch_0016_0015,4
20_patch_0016_0016,1
20_patch_0016_0017,1
20_patch_0016_0018,2
20_patch_0016_0019,3
20_patch_0016_0020,0
20_patch_0016_0021,2
20_patch_0016_0022,1
20_patch_0016_0023,1
20_patch_0016_0024,3
20_patch_0016_0025,-1
20_patch_0016_0026,2
20_patch_0016_0027,1
20_patch_0017_0000,-1
20_patch_0017_0001,-1
20_patch_0017_0002,4
20_patch_0017_0003,1
20_patch_0017_0004,3
20_patch_0017_0005,4
20_patch_0017_0006,3
20_patch_0017_0007,1
20_patch_0017_0008,2
20_patch_0017_0009,-1
20_patch_0017_0010,4
20_patch_0017_0011,-1
20_patch_0017_0012,4
20_patch_0017_0013,3
20_patch_0017_0014,1
20_patch_0017_0015,-1
20_patch_0017_0016,2
20_patch_0017_0017,3
20_patch_0017_0018,1
20_patch_0017_0019,3
20_patch_0017_0020,2
20_patch_0017_0021,-1
20_patch_0017_0022,0
20_patch_0017_0023,3
20_patch_0017_0024,1
20_patch_0017_0025,1
20_patch_0017_0026,4
20_patch_0017_0027,0
20_patch_0018_0000,3
20_patch_0018_0001,2
20_patch_0018_0002,0
20_patch_0018_0003,0
20_patch_0018_0004,0
20_patch_0018_0005,0
20_patch_0018_0006,0
20_patch_0018_0007,4
20_patch_0018_0008,4
20_patch_0018_0009,4
20_patch_0018_0010,1
20_patch_0018_0011,-1
20_patch_0018_0012,4
20_patch_0018_0013,4
20_patch_0018_0014,0
20_patch_0018_0015,-1
20_patch_0018_0016,3
20_patch_0018_0017,-1
20_patch_0018_0018,3
20_patch_0018_0019,1
20_patch_0018_0020,4
20_patch_0018_0021,2
20_patch_0018_0022,3
20_patch_0018_0023,4
20_patch_0018_0024,0
20_patch_0018_0025,-1
20_patch_0018_0026,1
20_patch_0018_0027,4
21_patch_0000_0000,4
21_patch_0000_0001,4
21_patch_0000_0002,3
21_patch_0000_0003,4
21_patch_0000_0004,3
21_patch_0000_0005,2
21_patch_0000_0006,2
21_patch_0000_0007,0
21_patch_0000_0008,4
21_patch_0000_0009,3
21_patch_0000_0010,0
21_patch_0000_0011,3
21_patch_0000_0012,-1
21_patch_0000_0013,0
21_patch_0000_0014,2
21_patch_0000_0015,4
21_patch_0000_0016,3
21_patch_0000_0017,2
21_patch_0000_0018,4
21_patch_0000_0019,4
21_patch_0000_0020,2
21_patch_0001_0000,3
21_patch_0001_0001,2
21_patch_0001_0002,-1
21_patch_0001_0003,1
21_patch_0001_0004,4
21_patch_0001_0005,1
21_patch_0001_0006,4
21_patch_0001_0007,2
21_patch_0001_0008,0
21_patch_0001_0009,0
21_patch_0001_0010,3
21_patch_0001_0011,4
21_patch_0001_0012,4
21_patch_0001_0013,0
21_patch_0001_0014,4
21_patch_0001_0015,2
21_patch_0001_0016,1
21_patch_0001_0017,3
21_patch_0001_0018,2
21_patch_0001_0019,2
21_patch_0001_0020,-1
21_patch_0002_0000,3
21_patch_0002_0001,2
21_patch_0002_0002,2
21_patch_0002_0003,2
21_patch_0002_0004,2
21_patch_0002_0005,2
21_patch_0002_0006,0
21_patch_0002_0007,1
21_patch_0002_0008,1
21_patch_0002_0009,1
21_patch_0002_0010,3
21_patch_0002_0011,2
21_patch_0002_0012,1
21_patch_0002_0013,1
21_patch_0002_0014,-1
21_patch_0002_0015,4
21_patch_0002_0016,1
21_patch_0002_0017,1
21_patch_0002_0018,3
21_patch_0002_0019,-1
21_patch_0002_0020,4
21_patch_0003_0000,3
21_patch_0003_0001,4
21_patch_0003_0002,-1
21_patch_0003_0003,4
21_patch_0003_0004,2
21_patch_0003_0005,-1
21_patch_0003_0006,0
21_patch_0003_0007,0
21_patch_0003_0008,0
21_patch_0003_0009,4
21_patch_0003_0010,0
21_patch_0003_0011,1
21_patch_0003_0012,4
21_patch_0003_0013,3
21_patch_0003_0014,1
21_patch_0003_0015,3
21_patch_0003_0016,0
21_patch_0003_0017,2
21_patch_0003_0018,1
21_patch_0003_0019,3
21_patch_0003_0020,2
21_patch_0004_0000,2
21_patch_0004_0001,2
21_patch_0004_0002,0
21_patch_0004_0003,3
21_patch_0004_0004,1
21_patch_0004_0005,4
21_patch_0004_0006,3
21_patch_0004_0007,1
21_patch_0004_0008,4
21_patch_0004_0009,1
21_patch_0004_0010,1
21_patch_0004_0011,0
21_patch_0004_0012,0
21_patch_0004_0013,3
21_patch_0004_0014,4
21_patch_0004_0015,3
21_patch_0004_0016,4
21_patch_0004_0017,4
21_patch_0004_0018,1
21_patch_0004_0019,3
21_patch_0004_0020,1
21_patch_0005_0000,3
21_patch_0005_0001,4
21_patch_0005_0002,2
21_patch_0005_0003,4
21_patch_0005_0004,-1
21_patch_0005_0005,-1
21_patch_0005_0006,1
21_patch_0005_0007,4
21_patch_0005_0008,2
21_patch_0005_0009,1
21_patch_0005_0010,0
21_patch_0005_0011,4
21_patch_0005_0012,3
21_patch_0005_0013,-1
21_patch_0005_0014,0
21_patch_0005_0015,4
21_patch_0005_0016,4
21_patch_0005_0017,2
21_patch_0005_0018,0
21_patch_0005_0019,2
21_patch_0005_0020,0
21_patch_0006_0000,3
21_patch_0006_0001,0
21_patch_0006_0002,2
21_patch_0006_0003,1
21_patch_0006_0004,3
21_patch_0006_0005,4
21_patch_0006_0006,2
21_patch_0006_0007,1
21_patch_0006_0008,1
21_patch_0006_0009,4
21_patch_0006_0010,4
21_patch_0006_0011,3
21_patch_0006_0012,-1
21_patch_0006_0013,1
21_patch_0006_0014,3
21_patch_0006_0015,1
21_patch_0006_0016,4
21_patch_0006_0017,2
21_patch_0006_0018,0
21_patch_0006_0019,4
21_patch_0006_0020,1
21_patch_0007_0000,4
21_patch_0007_0001,3
21_patch_0007_0002,2
21_patch_0007_0003,1
21_patch_0007_0004,2
21_patch_0007_0005,1
21_patch_0007_0006,0
21_patch_0007_0007,4
21_patch_0007_0008,3
21_patch_0007_0009,3
21_patch_0007_0010,2
21_patch_0007_0011,4
21_patch_0007_0012,-1
21_patch_0007_0013,0
21_patch_0007_0014,2
21_patch_0007_0015,1
21_patch_0007_0016,1
21_patch_0007_0017,1
21_patch_0007_0018,1
21_patch_0007_0019,2
21_patch_0007_0020,-1
21_patch_0008_0000,2
21_patch_0008_0001,3
21_patch_0008_0002,2
21_patch_0008_0003,2
21_patch_0008_0004,3
21_patch_0008_0005,-1
21_patch_0008_0006,4
21_patch_0008_0007,2
21_patch_0008_0008,3
21_patch_0008_0009,2
21_patch_0008_0010,3
21_patch_0008_0011,0
21_patch_0008_0012,3
21_patch_0008_0013,3
21_patch_0008_0014,1
21_patch_0008_0015,4
21_patch_0008_0016,2
21_patch_0008_0017,0
21_patch_0008_0018,1
21_patch_0008_0019,0
21_patch_0008_0020,3
21_patch_0009_0000,4
21_patch_0009_0001,3
21_patch_0009_0002,-1
21_patch_0009_0003,4
21_patch_0009_0004,2
21_patch_0009_0005,3
21_patch_0009_0006,4
21_patch_0009_0007,4
21_patch_0009_0008,1
21_patch_0009_0009,2
21_patch_0009_0010,2
21_patch_0009_0011,4
21_patch_0009_0012,2
21_patch_0009_0013,-1
21_patch_0009_0014,1
21_patch_0009_0015,3
21_patch_0009_0016,2
21_patch_0009_0017,3
21_patch_0009_0018,3
21_patch_0009_0019,1
21_patch_0009_0020,0
21_patch_0010_0000,4
21_patch_0010_0001,-1
21_patch_0010_0002,2
21_patch_0010_0003,3
21_patch_0010_0004,1
21_patch_0010_0005,2
21_patch_0010_0006,3
21_patch_0010_0007,0
21_patch_0010_0008,-1
21_patch_0010_0009,2
21_patch_0010_0010,2
21_patch_0010_0011,-1
21_patch_0010_0012,2
21_patch_0010_0013,3
21_patch_0010_0014,4
21_patch_0010_0015,4
21_patch_0010_0016,0
21_patch_0010_0017,3
21_patch_0010_0018,2
21_patch_0010_0019,1
21_patch_0010_0020,2
21_patch_0011_0000,-1
21_patch_0011_0001,0
21_patch_0011_0002,4
21_patch_0011_0003,2
21_patch_0011_0004,1
21_patch_0011_0005,4
21_patch_0011_0006,1
21_patch_0011_0007,4
21_patch_0011_0008,-1
21_patch_0011_0009,0
21_patch_0011_0010,0
21_patch_0011_0011,3
21_patch_0011_0012,1
21_patch_0011_0013,3
21_patch_0011_0014,0
21_patch_0011_0015,2
21_patch_0011_0016,3
21_patch_0011_0017,4
21_patch_0011_0018,4
21_patch_0011_0019,0
21_patch_0011_0020,4
21_patch_0012_0000,4
21_patch_0012_0001,4
21_patch_0012_0002,0
21_patch_0012_0003,3
21_patch_0012_0004,2
21_patch_0012_0005,3
21_patch_0012_0006,1
21_patch_0012_0007,1
21_patch_0012_0008,3
21_patch_0012_0009,4
21_patch_0012_0010,2
21_patch_0012_0011,-1
21_patch_0012_0012,3
21_patch_0012_0013,1
21_patch_0012_0014,2
21_patch_0012_0015,2
21_patch_0012_0016,1
21_patch_0012_0017,1
21_patch_0012_0018,3
21_patch_0012_0019,1
21_patch_0012_0020,1
21_patch_0013_0000,0
21_patch_0013_0001,4
21_patch_0013_0002,-1
21_patch_0013_0003,-1
21_patch_0013_0004,1
21_patch_0013_0005,4
21_patch_0013_0006,0
21_patch_0013_0007,4
21_patch_0013_0008,3
21_patch_0013_0009,1
21_patch_0013_0010,4
21_patch_0013_0011,0
21_patch_0013_0012,4
21_patch_0013_0013,1
21_patch_0013_0014,-1
21_patch_0013_0015,0
21_patch_0013_0016,4
21_patch_0013_0017,3
21_patch_0013_0018,0
21_patch_0013_0019,2
21_patch_0013_0020,3
21_patch_0014_0000,0
21_patch_0014_0001,1
21_patch_0014_0002,3
21_patch_0014_0003,4
21_patch_0014_0004,2
21_patch_0014_0005,0
21_patch_0014_0006,4
21_patch_0014_0007,1
21_patch_0014_0008,0
21_patch_0014_0009,1
21_patch_0014_0010,1
21_patch_0014_0011,4
21_patch_0014_0012,3
21_patch_0014_0013,3
21_patch_0014_0014,3
21_patch_0014_0015,2
21_patch_0014_0016,2
21_patch_0014_0017,3
21_patch_0014_0018,0
21_patch_0014_0019,3
21_patch_0014_0020,3
21_patch_0015_0000,2
21_patch_0015_0001,3
21_patch_0015_0002,1
21_patch_0015_0003,4
21_patch_0015_0004,0
21_patch_0015_0005,2
21_patch_0015_0006,0
21_patch_0015_0007,1
21_patch_0015_0008,4
21_patch_0015_0009,-1
21_patch_0015_0010,2
21_patch_0015_0011,0
21_patch_0015_0012,4
21_patch_0015_0013,1
21_patch_0015_0014,3
21_patch_0015_0015,1
21_patch_0015_0016,1
21_patch_0015_0017,-1
21_patch_0015_0018,-1
21_patch_0015_0019,4
21_patch_0015_0020,1
21_patch_0016_0000,1
21_patch_0016_0001,1
21_patch_0016_0002,4
21_patch_0016_0003,4
21_patch_0016_0004,-1
21_patch_0016_0005,0
21_patch_0016_0006,1
21_patch_0016_0007,4
21_patch_0016_0008,2
21_patch_0016_0009,2
21_patch_0016_0010,-1
21_patch_0016_0011,2
21_patch_0016_0012,-1
21_patch_0016_0013,4
21_patch_0016_0014,4
21_patch_0016_0015,3
21_patch_0016_0016,2
21_patch_0016_0017,4
21_patch_0016_0018,3
21_patch_0016_0019,3
21_patch_0016_0020,4
22_patch_0000_0000,4
22_patch_0000_0001,2
22_patch_0000_0002,4
22_patch_0000_0003,1
22_patch_0000_0004,0
22_patch_0000_0005,0
22_patch_0000_0006,4
22_patch_0000_0007,4
22_patch_0000_0008,2
22_patch_0000_0009,4
22_patch_0000_0010,1
22_patch_0000_0011,1
22_patch_0000_0012,4
22_patch_0000_0013,3
22_patch_0000_0014,1
22_patch_0000_0015,2
22_patch_0000_0016,-1
22_patch_0000_0017,0
22_patch_0000_0018,2
22_patch_0000_0019,1
22_patch_0000_0020,-1
22_patch_0000_0021,1
22_patch_0000_0022,0
22_patch_0000_0023,1
22_patch_0000_0024,-1
22_patch_0000_0025,0
22_patch_0000_0026,4
22_patch_0000_0027,3
22_patch_0001_0000,1
22_patch_0001_0001,1
22_patch_0001_0002,1
22_patch_0001_0003,4
22_patch_0001_0004,2
22_patch_0001_0005,3
22_patch_0001_0006,2
22_patch_0001_0007,4
22_patch_0001_0008,4
22_patch_0001_0009,0
22_patch_0001_0010,4
22_patch_0001_0011,4
22_patch_0001_0012,2
22_patch_0001_0013,3
22_patch_0001_0014,3
22_patch_0001_0015,0
22_patch_0001_0016,1
22_patch_0001_0017,1
22_patch_0001_0018,3
22_patch_0001_0019,0
22_patch_0001_0020,0
22_patch_0001_0021,3
22_patch_0001_0022,4
22_patch_0001_0023,1
22_patch_0001_0024,3
22_patch_0001_0025,1
22_patch_0001_0026,-1
22_patch_0001_0027,4
22_patch_0002_0000,2
22_patch_0002_0001,0
22_patch_0002_0002,4
22_patch_0002_0003,0
22_patch_0002_0004,2
22_patch_0002_0005,4
22_patch_0002_0006,2
22_patch_0002_0007,1
22_patch_0002_0008,1
22_patch_0002_0009,1
22_patch_0002_0010,2
22_patch_0002_0011,3
22_patch_0002_0012,-1
22_patch_0002_0013,1
22_patch_0002_0014,3
22_patch_0002_0015,2
22_patch_0002_0016,0
22_patch_0002_0017,2
22_patch_0002_0018,2
22_patch_0002_0019,3
22_patch_0002_0020,3
22_patch_0002_0021,0
22_patch_0002_0022,3
22_patch_0002_0023,2
22_patch_0002_0024,1
22_patch_0002_0025,1
22_patch_0002_0026,1
22_patch_0002_0027,2
22_patch_0003_0000,4
22_patch_0003_0001,3
22_patch_0003_0002,1
22_patch_0003_0003,4
22_patch_0003_0004,2
22_patch_0003_0005,1
22_patch_0003_0006,2
22_patch_0003_0007,4
22_patch_0003_0008,1
22_patch_0003_0009,2
22_patch_0003_0010,2
22_patch_0003_0011,1
22_patch_0003_0012,4
22_patch_0003_0013,2
22_patch_0003_0014,2
22_patch_0003_0015,2
22_patch_0003_0016,3
22_patch_0003_0017,4
22_patch_0003_0018,2
22_patch_0003_0019,1
22_patch_0003_0020,3
22_patch_0003_0021,0
22_patch_0003_0022,1
22_patch_0003_0023,1
22_patch_0003_0024,2
22_patch_0003_0025,2
22_patch_0003_0026,4
22_patch_0003_0027,-1
22_patch_0004_0000,3
22_patch_0004_0001,1
22_patch_0004_0002,4
22_patch_0004_0003,4
22_patch_0004_0004,0
22_patch_0004_0005,2
22_patch_0004_0006,4
22_patch_0004_0007,1
22_patch_0004_0008,3
22_patch_0004_0009,0
22_patch_0004_0010,3
22_patch_0004_0011,1
22_patch_0004_0012,3
22_patch_0004_0013,4
22_patch_0004_0014,2
22_patch_0004_0015,3
22_patch_0004_0016,4
22_patch_0004_0017,0
22_patch_0004_0018,1
22_patch_0004_0019,3
22_patch_0004_0020,4
22_patch_0004_0021,1
22_patch_0004_0022,2
22_patch_0004_0023,4
22_patch_0004_0024,2
22_patch_0004_0025,-1
22_patch_0004_0026,2
22_patch_0004_0027,4
22_patch_0005_0000,4
22_patch_0005_0001,4
22_patch_0005_0002,0
22_patch_0005_0003,3
22_patch_0005_0004,2
22_patch_0005_0005,1
22_patch_0005_0006,-1
22_patch_0005_0007,4
22_patch_0005_0008,3
22_patch_0005_0009,4
22_patch_0005_0010,3
22_patch_0005_0011,-1
22_patch_0005_0012,2
22_patch_0005_0013,0
22_patch_0005_0014,3
22_patch_0005_0015,-1
22_patch_0005_0016,1
22_patch_0005_0017,1
22_patch_0005_0018,2
22_patch_0005_0019,3
22_patch_0005_0020,3
22_patch_0005_0021,0
22_patch_0005_0022,0
22_patch_0005_0023,1
22_patch_0005_0024,1
22_patch_0005_0025,0
22_patch_0005_0026,2
22_patch_0005_0027,1
22_patch_0006_0000,3
22_patch_0006_0001,2
22_patch_0006_0002,4
22_patch_0006_0003,2
22_patch_0006_0004,3
22_patch_0006_0005,4
22_patch_0006_0006,4
22_patch_0006_0007,3
22_patch_0006_0008,-1
22_patch_0006_0009,2
22_patch_0006_0010,4
22_patch_0006_0011,1
22_patch_0006_0012,4
22_patch_0006_0013,1
22_patch_0006_0014,3
22_patch_0006_0015,2
22_patch_0006_0016,4
22_patch_0006_0017,2
22_patch_0006_0018,0
22_patch_0006_0019,4
22_patch_0006_0020,4
22_patch_0006_0021,-1
22_patch_0006_0022,3
22_patch_0006_0023,1
22_patch_0006_0024,0
22_patch_0006_0025,3
22_patch_0006_0026,1
22_patch_0006_0027,4
22_patch_0007_0000,1
22_patch_0007_0001,0
22_patch_0007_0002,-1
22_patch_0007_0003,-1
22_patch_0007_0004,1
22_patch_0007_0005,4
22_patch_0007_0006,1
22_patch_0007_0007,2
22_patch_0007_0008,0
22_patch_0007_0009,1
22_patch_0007_0010,2
22_patch_0007_0011,2
22_patch_0007_0012,2
22_patch_0007_0013,0
22_patch_0007_0014,4
22_patch_0007_0015,4
22_patch_0007_0016,3
22_patch_0007_0017,2
22_patch_0007_0018,3
22_patch_0007_0019,2
22_patch_0007_0020,3
22_patch_0007_0021,-1
22_patch_0007_0022,2
22_patch_0007_0023,1
22_patch_0007_0024,1
22_patch_0007_0025,0
22_patch_0007_0026,3
22_patch_0007_0027,2
22_patch_0008_0000,2
22_patch_0008_0001,1
22_patch_0008_0002,0
22_patch_0008_0003,0
22_patch_0008_0004,1
22_patch_0008_0005,2
22_patch_0008_0006,1
22_patch_0008_0007,3
22_patch_0008_0008,3
22_patch_0008_0009,4
22_patch_0008_0010,1
22_patch_0008_0011,-1
22_patch_0008_0012,-1
22_patch_0008_0013,4
22_patch_0008_0014,3
22_patch_0008_0015,0
22_patch_0008_0016,-1
22_patch_0008_0017,2
22_patch_0008_0018,3
22_patch_0008_0019,2
22_patch_0008_0020,3
22_patch_0008_0021,0
22_patch_0008_0022,1
22_patch_0008_0023,3
22_patch_0008_0024,2
22_patch_0008_0025,3
22_patch_0008_0026,4
22_patch_0008_0027,1
22_patch_0009_0000,2
22_patch_0009_0001,4
22_patch_0009_0002,0
22_patch_0009_0003,2
22_patch_0009_0004,2
22_patch_0009_0005,3
22_patch_0009_0006,2
22_patch_0009_0007,4
22_patch_0009_0008,0
22_patch_0009_0009,2
22_patch_0009_0010,1
22_patch_0009_0011,0
22_patch_0009_0012,4
22_patch_0009_0013,0
22_patch_0009_0014,1
22_patch_0009_0015,1
22_patch_0009_0016,0
22_patch_0009_0017,2
22_patch_0009_0018,4
22_patch_0009_0019,2
22_patch_0009_0020,0
22_patch_0009_0021,2
22_patch_0009_0022,1
22_patch_0009_0023,1
22_patch_0009_0024,2
22_patch_0009_0025,1
22_patch_0009_0026,-1
22_patch_0009_0027,-1
22_patch_0010_0000,0
22_patch_0010_0001,2
22_patch_0010_0002,4
22_patch_0010_0003,3
22_patch_0010_0004,4
22_patch_0010_0005,3
22_patch_0010_0006,3
22_patch_0010_0007,0
22_patch_0010_0008,2
22_patch_0010_0009,2
22_patch_0010_0010,2
22_patch_0010_0011,3
22_patch_0010_0012,4
22_patch_0010_0013,4
22_patch_0010_0014,1
22_patch_0010_0015,-1
22_patch_0010_0016,2
22_patch_0010_0017,3
22_patch_0010_0018,3
22_patch_0010_0019,2
22_patch_0010_0020,2
22_patch_0010_0021,2
22_patch_0010_0022,0
22_patch_0010_0023,2
22_patch_0010_0024,4
22_patch_0010_0025,-1
22_patch_0010_0026,2
22_patch_0010_0027,4
22_patch_0011_0000,2
22_patch_0011_0001,3
22_patch_0011_0002,2
22_patch_0011_0003,1
22_patch_0011_0004,0
22_patch_0011_0005,0
22_patch_0011_0006,0
22_patch_0011_0007,1
22_patch_0011_0008,-1
22_patch_0011_0009,2
22_patch_0011_0010,4
22_patch_0011_0011,2
22_patch_0011_0012,2
22_patch_0011_0013,-1
22_patch_0011_0014,0
22_patch_0011_0015,1
22_patch_0011_0016,-1
22_patch_0011_0017,2
22_patch_0011_0018,4
22_patch_0011_0019,-1
22_patch_0011_0020,0
22_patch_0011_0021,4
22_patch_0011_0022,1
22_patch_0011_0023,2
22_patch_0011_0024,4
22_patch_0011_0025,3
22_patch_0011_0026,1
22_patch_0011_0027,2
22_patch_0012_0000,4
22_patch_0012_0001,3
22_patch_0012_0002,3
22_patch_0012_0003,3
22_patch_0012_0004,2
22_patch_0012_0005,2
22_patch_0012_0006,3
22_patch_0012_0007,3
22_patch_0012_0008,0
22_patch_0012_0009,2
22_patch_0012_0010,4
22_patch_0012_0011,2
22_patch_0012_0012,2
22_patch_0012_0013,4
22_patch_0012_0014,1
22_patch_0012_0015,2
22_patch_0012_0016,3
22_patch_0012_0017,2
22_patch_0012_0018,2
22_patch_0012_0019,3
22_patch_0012_0020,2
22_patch_0012_0021,2
22_patch_0012_0022,3
22_patch_0012_0023,3
22_patch_0012_0024,1
22_patch_0012_0025,4
22_patch_0012_0026,-1
22_patch_0012_0027,1
22_patch_0013_0000,4
22_patch_0013_0001,3
22_patch_0013_0002,4
22_patch_0013_0003,0
22_patch_0013_0004,2
22_patch_0013_0005,4
22_patch_0013_0006,4
22_patch_0013_0007,1
22_patch_0013_0008,-1
22_patch_0013_0009,3
22_patch_0013_0010,4
22_patch_0013_0011,3
22_patch_0013_0012,2
22_patch_0013_0013,2
22_patch_0013_0014,1
22_patch_0013_0015,1
22_patch_0013_0016,3
22_patch_0013_0017,3
22_patch_0013_0018,-1
22_patch_0013_0019,2
22_patch_0013_0020,2
22_patch_0013_0021,2
22_patch_0013_0022,3
22_patch_0013_0023,4
22_patch_0013_0024,2
22_patch_0013_0025,1
22_patch_0013_0026,1
22_patch_0013_0027,3
22_patch_0014_0000,3
22_patch_0014_0001,4
22_patch_0014_0002,3
22_patch_0014_0003,3
22_patch_0014_0004,2
22_patch_0014_0005,-1
22_patch_0014_0006,4
22_patch_0014_0007,3
22_patch_0014_0008,4
22_patch_0014_0009,3
22_patch_0014_0010,-1
22_patch_0014_0011,1
22_patch_0014_0012,3
22_patch_0014_0013,3
22_patch_0014_0014,4
22_patch_0014_0015,3
22_patch_0014_0016,4
22_patch_0014_0017,4
22_patch_0014_0018,-1
22_patch_0014_0019,3
22_patch_0014_0020,4
22_patch_0014_0021,3
22_patch_0014_0022,4
22_patch_0014_0023,4
22_patch_0014_0024,1
22_patch_0014_0025,4
22_patch_0014_0026,3
22_patch_0014_0027,-1
22_patch_0015_0000,2
22_patch_0015_0001,1
22_patch_0015_0002,-1
22_patch_0015_0003,2
22_patch_0015_0004,4
22_patch_0015_0005,1
22_patch_0015_0006,4
22_patch_0015_0007,1
22_patch_0015_0008,2
22_patch_0015_0009,-1
22_patch_0015_0010,-1
22_patch_0015_0011,1
22_patch_0015_0012,3
22_patch_0015_0013,3
22_patch_0015_0014,4
22_patch_0015_0015,3
22_patch_0015_0016,4
22_patch_0015_0017,1
22_patch_0015_0018,3
22_patch_0015_0019,1
22_patch_0015_0020,2
22_patch_0015_0021,3
22_patch_0015_0022,1
22_patch_0015_0023,3
22_patch_0015_0024,2
22_patch_0015_0025,1
22_patch_0015_0026,1
22_patch_0015_0027,4
22_patch_0016_0000,3
22_patch_0016_0001,3
22_patch_0016_0002,3
22_patch_0016_0003,2
22_patch_0016_0004,1
22_patch_0016_0005,4
22_patch_0016_0006,1
22_patch_0016_0007,1
22_patch_0016_0008,1
22_patch_0016_0009,4
22_patch_0016_0010,1
22_patch_0016_0011,4
22_patch_0016_0012,1
22_patch_0016_0013,4
22_patch_0016_0014,1
22_patch_0016_0015,-1
22_patch_0016_0016,4
22_patch_0016_0017,4
22_patch_0016_0018,4
22_patch_0016_0019,4
22_patch_0016_0020,4
22_patch_0016_0021,2
22_patch_0016_0022,0
22_patch_0016_0023,1
22_patch_0016_0024,0
22_patch_0016_0025,1
22_patch_0016_0026,3
22_patch_0016_0027,1
22_patch_0017_0000,1
22_patch_0017_0001,2
22_patch_0017_0002,1
22_patch_0017_0003,1
22_patch_0017_0004,0
22_patch_0017_0005,1
22_patch_0017_0006,1
22_patch_0017_0007,2
22_patch_0017_0008,1
22_patch_0017_0009,4
22_patch_0017_0010,0
22_patch_0017_0011,2
22_patch_0017_0012,4
22_patch_0017_0013,4
22_patch_0017_0014,4
22_patch_0017_0015,4
22_patch_0017_0016,4
22_patch_0017_0017,4
22_patch_0017_0018,0
22_patch_0017_0019,1
22_patch_0017_0020,2
22_patch_0017_0021,1
22_patch_0017_0022,3
22_patch_0017_0023,4
22_patch_0017_0024,2
22_patch_0017_0025,-1
22_patch_0017_0026,4
22_patch_0017_0027,2
22_patch_0018_0000,3
22_patch_0018_0001,3
22_patch_0018_0002,3
22_patch_0018_0003,3
22_patch_0018_0004,3
22_patch_0018_0005,-1
22_patch_0018_0006,-1
22_patch_0018_0007,0
22_patch_0018_0008,3
22_patch_0018_0009,4
22_patch_0018_0010,1
22_patch_0018_0011,4
22_patch_0018_0012,2
22_patch_0018_0013,1
22_patch_0018_0014,1
22_patch_0018_0015,0
22_patch_0018_0016,1
22_patch_0018_0017,1
22_patch_0018_0018,4
22_patch_0018_0019,4
22_patch_0018_0020,3
22_patch_0018_0021,1
22_patch_0018_0022,2
22_patch_0018_0023,3
22_patch_0018_0024,3
22_patch_0018_0025,3
22_patch_0018_0026,0
22_patch_0018_0027,0
23_patch_0000_0000,2
23_patch_0000_0001,0
23_patch_0000_0002,1
23_patch_0000_0003,3
23_patch_0000_0004,3
23_patch_0000_0005,1
23_patch_0000_0006,3
23_patch_0000_0007,4
23_patch_0000_0008,4
23_patch_0000_0009,2
23_patch_0000_0010,0
23_patch_0000_0011,2
23_patch_0000_0012,3
23_patch_0000_0013,2
23_patch_0000_0014,4
23_patch_0000_0015,1
23_patch_0000_0016,1
23_patch_0000_0017,-1
23_patch_0000_0018,3
23_patch_0000_0019,1
23_patch_0000_0020,4
23_patch_0000_0021,3
23_patch_0000_0022,1
23_patch_0000_0023,4
23_patch_0000_0024,3
23_patch_0000_0025,0
23_patch_0000_0026,4
23_patch_0000_0027,1
23_patch_0000_0028,4
23_patch_0000_0029,3
23_patch_0000_0030,-1
23_patch_0000_0031,4
23_patch_0000_0032,2
23_patch_0000_0033,4
23_patch_0001_0000,4
23_patch_0001_0001,4
23_patch_0001_0002,4
23_patch_0001_0003,2
23_patch_0001_0004,-1
23_patch_0001_0005,-1
23_patch_0001_0006,-1
23_patch_0001_0007,-1
23_patch_0001_0008,1
23_patch_0001_0009,3
23_patch_0001_0010,0
23_patch_0001_0011,3
23_patch_0001_0012,1
23_patch_0001_0013,4
23_patch_0001_0014,1
23_patch_0001_0015,3
23_patch_0001_0016,0
23_patch_0001_0017,1
23_patch_0001_0018,1
23_patch_0001_0019,3
23_patch_0001_0020,-1
23_patch_0001_0021,4
23_patch_0001_0022,2
23_patch_0001_0023,3
23_patch_0001_0024,1
23_patch_0001_0025,3
23_patch_0001_0026,-1
23_patch_0001_0027,4
23_patch_0001_0028,4
23_patch_0001_0029,4
23_patch_0001_0030,1
23_patch_0001_0031,0
23_patch_0001_0032,3
23_patch_0001_0033,0
23_patch_0002_0000,1
23_patch_0002_0001,1
23_patch_0002_0002,4
23_patch_0002_0003,2
23_patch_0002_0004,-1
23_patch_0002_0005,1
23_patch_0002_0006,3
23_patch_0002_0007,4
23_patch_0002_0008,1
23_patch_0002_0009,1
23_patch_0002_0010,4
23_patch_0002_0011,1
23_patch_0002_0012,2
23_patch_0002_0013,4
23_patch_0002_0014,1
23_patch_0002_0015,4
23_patch_0002_0016,4
23_patch_0002_0017,0
23_patch_0002_0018,0
23_patch_0002_0019,-1
23_patch_0002_0020,-1
23_patch_0002_0021,2
23_patch_0002_0022,3
23_patch_0002_0023,2
23_patch_0002_0024,4
23_patch_0002_0025,2
23_patch_0002_0026,2
23_patch_0002_0027,3
23_patch_0002_0028,2
23_patch_0002_0029,-1
23_patch_0002_0030,4
23_patch_0002_0031,3
23_patch_0002_0032,2
23_patch_0002_0033,0
23_patch_0003_0000,4
23_patch_0003_0001,1
23_patch_0003_0002,0
23_patch_0003_0003,4
23_patch_0003_0004,2
23_patch_0003_0005,2
23_patch_0003_0006,-1
23_patch_0003_0007,2
23_patch_0003_0008,0
23_patch_0003_0009,-1
23_patch_0003_0010,1
23_patch_0003_0011,3
23_patch_0003_0012,-1
23_patch_0003_0013,3
23_patch_0003_0014,4
23_patch_0003_0015,1
23_patch_0003_0016,1
23_patch_0003_0017,-1
23_patch_0003_0018,3
23_patch_0003_0019,2
23_patch_0003_0020,0
23_patch_0003_0021,3
23_patch_0003_0022,-1
23_patch_0003_0023,3
23_patch_0003_0024,-1
23_patch_0003_0025,1
23_patch_0003_0026,4
23_patch_0003_0027,3
23_patch_0003_0028,3
23_patch_0003_0029,3
23_patch_0003_0030,0
23_patch_0003_0031,1
23_patch_0003_0032,0
23_patch_0003_0033,-1
23_patch_0004_0000,0
23_patch_0004_0001,4
23_patch_0004_0002,2
23_patch_0004_0003,1
23_patch_0004_0004,1
23_patch_0004_0005,3
23_patch_0004_0006,4
23_patch_0004_0007,3
23_patch_0004_0008,3
23_patch_0004_0009,2
23_patch_0004_0010,3
23_patch_0004_0011,1
23_patch_0004_0012,4
23_patch_0004_0013,4
23_patch_0004_0014,-1
23_patch_0004_0015,2
23_patch_0004_0016,2
23_patch_0004_0017,0
23_patch_0004_0018,-1
23_patch_0004_0019,2
23_patch_0004_0020,0
23_patch_0004_0021,4
23_patch_0004_0022,3
23_patch_0004_0023,3
23_patch_0004_0024,3
23_patch_0004_0025,-1
23_patch_0004_0026,2
23_patch_0004_0027,-1
23_patch_0004_0028,1
23_patch_0004_0029,0
23_patch_0004_0030,1
23_patch_0004_0031,4
23_patch_0004_0032,0
23_patch_0004_0033,2
23_patch_0005_0000,3
23_patch_0005_0001,2
23_patch_0005_0002,-1
23_patch_0005_0003,3
23_patch_0005_0004,1
23_patch_0005_0005,0
23_patch_0005_0006,3
23_patch_0005_0007,1
23_patch_0005_0008,3
23_patch_0005_0009,1
23_patch_0005_0010,4
23_patch_0005_0011,1
23_patch_0005_0012,2
23_patch_0005_0013,1
23_patch_0005_0014,3
23_patch_0005_0015,-1
23_patch_0005_0016,4
23_patch_0005_0017,2
23_patch_0005_0018,1
23_patch_0005_0019,1
23_patch_0005_0020,4
23_patch_0005_0021,3
23_patch_0005_0022,1
23_patch_0005_0023,2
23_patch_0005_0024,4
23_patch_0005_0025,4
23_patch_0005_0026,4
23_patch_0005_0027,0
23_patch_0005_0028,4
23_patch_0005_0029,1
23_patch_0005_0030,3
23_patch_0005_0031,1
23_patch_0005_0032,0
23_patch_0005_0033,4
23_patch_0006_0000,2
23_patch_0006_0001,0
23_patch_0006_0002,1
23_patch_0006_0003,2
23_patch_0006_0004,2
23_patch_0006_0005,2
23_patch_0006_0006,1
23_patch_0006_0007,-1
23_patch_0006_0008,3
23_patch_0006_0009,4
23_patch_0006_0010,3
23_patch_0006_0011,0
23_patch_0006_0012,1
23_patch_0006_0013,2
23_patch_0006_0014,4
23_patch_0006_0015,4
23_patch_0006_0016,3
23_patch_0006_0017,2
23_patch_0006_0018,2
23_patch_0006_0019,1
23_patch_0006_0020,4
23_patch_0006_0021,3
23_patch_0006_0022,3
23_patch_0006_0023,-1
23_patch_0006_0024,3
23_patch_0006_0025,1
23_patch_0006_0026,4
23_patch_0006_0027,2
23_patch_0006_0028,3
23_patch_0006_0029,-1
23_patch_0006_0030,1
23_patch_0006_0031,1
23_patch_0006_0032,2
23_patch_0006_0033,-1
23_patch_0007_0000,2
23_patch_0007_0001,0
23_patch_0007_0002,-1
23_patch_0007_0003,4
23_patch_0007_0004,1
23_patch_0007_0005,-1
23_patch_0007_0006,-1
23_patch_0007_0007,2
23_patch_0007_0008,4
23_patch_0007_0009,4
23_patch_0007_0010,2
23_patch_0007_0011,1
23_patch_0007_0012,4
23_patch_0007_0013,1
23_patch_0007_0014,0
23_patch_0007_0015,3
23_patch_0007_0016,3
23_patch_0007_0017,3
23_patch_0007_0018,0
23_patch_0007_0019,3
23_patch_0007_0020,1
23_patch_0007_0021,1
23_patch_0007_0022,4
23_patch_0007_0023,4
23_patch_0007_0024,4
23_patch_0007_0025,4
23_patch_0007_0026,1
23_patch_0007_0027,3
23_patch_0007_0028,2
23_patch_0007_0029,2
23_patch_0007_0030,4
23_patch_0007_0031,4
23_patch_0007_0032,2
23_patch_0007_0033,1
23_patch_0008_0000,1
23_patch_0008_0001,2
23_patch_0008_0002,4
23_patch_0008_0003,2
23_patch_0008_0004,4
23_patch_0008_0005,4
23_patch_0008_0006,2
23_patch_0008_0007,0
23_patch_0008_0008,2
23_patch_0008_0009,2
23_patch_0008_0010,3
23_patch_0008_0011,4
23_patch_0008_0012,1
23_patch_0008_0013,1
23_patch_0008_0014,3
23_patch_0008_0015,3
23_patch_0008_0016,1
23_patch_0008_0017,2
23_patch_0008_0018,4
23_patch_0008_0019,4
23_patch_0008_0020,4
23_patch_0008_0021,4
23_patch_0008_0022,-1
23_patch_0008_0023,3
23_patch_0008_0024,-1
23_patch_0008_0025,4
23_patch_0008_0026,1
23_patch_0008_0027,2
23_patch_0008_0028,3
23_patch_0008_0029,3
23_patch_0008_0030,2
23_patch_0008_0031,4
23_patch_0008_0032,4
23_patch_0008_0033,-1
23_patch_0009_0000,0
23_patch_0009_0001,2
23_patch_0009_0002,4
23_patch_0009_0003,3
23_patch_0009_0004,-1
23_patch_0009_0005,-1
23_patch_0009_0006,1
23_patch_0009_0007,4
23_patch_0009_0008,0
23_patch_0009_0009,3
23_patch_0009_0010,3
23_patch_0009_0011,2
23_patch_0009_0012,0
23_patch_0009_0013,2
23_patch_0009_0014,3
23_patch_0009_0015,4
23_patch_0009_0016,3
23_patch_0009_0017,0
23_patch_0009_0018,4
23_patch_0009_0019,-1
23_patch_0009_0020,3
23_patch_0009_0021,2
23_patch_0009_0022,4
23_patch_0009_0023,3
23_patch_0009_0024,1
23_patch_0009_0025,1
23_patch_0009_0026,1
23_patch_0009_0027,4
23_patch_0009_0028,2
23_patch_0009_0029,-1
23_patch_0009_0030,3
23_patch_0009_0031,3
23_patch_0009_0032,2
23_patch_0009_0033,2
23_patch_0010_0000,0
23_patch_0010_0001,2
23_patch_0010_0002,4
23_patch_0010_0003,0
23_patch_0010_0004,2
23_patch_0010_0005,2
23_patch_0010_0006,1
23_patch_0010_0007,1
23_patch_0010_0008,2
23_patch_0010_0009,2
23_patch_0010_0010,1
23_patch_0010_0011,-1
23_patch_0010_0012,-1
23_patch_0010_0013,1
23_patch_0010_0014,2
23_patch_0010_0015,3
23_patch_0010_0016,2
23_patch_0010_0017,2
23_patch_0010_0018,2
23_patch_0010_0019,1
23_patch_0010_0020,3
23_patch_0010_0021,1
23_patch_0010_0022,1
23_patch_0010_0023,2
23_patch_0010_0024,3
23_patch_0010_0025,3
23_patch_0010_0026,-1
23_patch_0010_0027,2
23_patch_0010_0028,3
23_patch_0010_0029,3
23_patch_0010_0030,4
23_patch_0010_0031,-1
23_patch_0010_0032,3
23_patch_0010_0033,2
23_patch_0011_0000,1
23_patch_0011_0001,3
23_patch_0011_0002,4
23_patch_0011_0003,3
23_patch_0011_0004,-1
23_patch_0011_0005,1
23_patch_0011_0006,-1
23_patch_0011_0007,4
23_patch_0011_0008,4
23_patch_0011_0009,2
23_patch_0011_0010,4
23_patch_0011_0011,0
23_patch_0011_0012,0
23_patch_0011_0013,2
23_patch_0011_0014,1
23_patch_0011_0015,3
23_patch_0011_0016,4
23_patch_0011_0017,-1
23_patch_0011_0018,3
23_patch_0011_0019,1
23_patch_0011_0020,0
23_patch_0011_0021,2
23_patch_0011_0022,4
23_patch_0011_0023,1
23_patch_0011_0024,-1
23_patch_0011_0025,-1
23_patch_0011_0026,2
23_patch_0011_0027,2
23_patch_0011_0028,3
23_patch_0011_0029,1
23_patch_0011_0030,1
23_patch_0011_0031,3
23_patch_0011_0032,4
23_patch_0011_0033,1
23_patch_0012_0000,4
23_patch_0012_0001,2
23_patch_0012_0002,1
23_patch_0012_0003,3
23_patch_0012_0004,-1
23_patch_0012_0005,1
23_patch_0012_0006,-1
23_patch_0012_0007,0
23_patch_0012_0008,1
23_patch_0012_0009,1
23_patch_0012_0010,3
23_patch_0012_0011,4
23_patch_0012_0012,3
23_patch_0012_0013,4
23_patch_0012_0014,2
23_patch_0012_0015,0
23_patch_0012_0016,3
23_patch_0012_0017,2
23_patch_0012_0018,3
23_patch_0012_0019,1
23_patch_0012_0020,4
23_patch_0012_0021,0
23_patch_0012_0022,4
23_patch_0012_0023,2
23_patch_0012_0024,3
23_patch_0012_0025,3
23_patch_0012_0026,1
23_patch_0012_0027,3
23_patch_0012_0028,1
23_patch_0012_0029,1
23_patch_0012_0030,1
23_patch_0012_0031,4
23_patch_0012_0032,0
23_patch_0012_0033,1
23_patch_0013_0000,1
23_patch_0013_0001,0
23_patch_0013_0002,2
23_patch_0013_0003,1
23_patch_0013_0004,4
23_patch_0013_0005,1
23_patch_0013_0006,1
23_patch_0013_0007,-1
23_patch_0013_0008,4
23_patch_0013_0009,3
23_patch_0013_0010,3
23_patch_0013_0011,3
23_patch_0013_0012,2
23_patch_0013_0013,3
23_patch_0013_0014,0
23_patch_0013_0015,-1
23_patch_0013_0016,-1
23_patch_0013_0017,3
23_patch_0013_0018,-1
23_patch_0013_0019,-1
23_patch_0013_0020,3
23_patch_0013_0021,2
23_patch_0013_0022,3
23_patch_0013_0023,4
23_patch_0013_0024,3
23_patch_0013_0025,1
23_patch_0013_0026,3
23_patch_0013_0027,1
23_patch_0013_0028,-1
23_patch_0013_0029,0
23_patch_0013_0030,1
23_patch_0013_0031,-1
23_patch_0013_0032,3
23_patch_0013_0033,4
23_patch_0014_0000,1
23_patch_0014_0001,3
23_patch_0014_0002,0
23_patch_0014_0003,4
23_patch_0014_0004,-1
23_patch_0014_0005,3
23_patch_0014_0006,2
23_patch_0014_0007,1
23_patch_0014_0008,-1
23_patch_0014_0009,0
23_patch_0014_0010,2
23_patch_0014_0011,4
23_patch_0014_0012,3
23_patch_0014_0013,1
23_patch_0014_0014,1
23_patch_0014_0015,2
23_patch_0014_0016,4
23_patch_0014_0017,0
23_patch_0014_0018,-1
23_patch_0014_0019,-1
23_patch_0014_0020,4
23_patch_0014_0021,4
23_patch_0014_0022,4
23_patch_0014_0023,4
23_patch_0014_0024,2
23_patch_0014_0025,1
23_patch_0014_0026,3
23_patch_0014_0027,2
23_patch_0014_0028,4
23_patch_0014_0029,3
23_patch_0014_0030,4
23_patch_0014_0031,1
23_patch_0014_0032,3
23_patch_0014_0033,4
23_patch_0015_0000,2
23_patch_0015_0001,1
23_patch_0015_0002,2
23_patch_0015_0003,2
23_patch_0015_0004,2
23_patch_0015_0005,3
23_patch_0015_0006,1
23_patch_0015_0007,1
23_patch_0015_0008,3
23_patch_0015_0009,1
23_patch_0015_0010,-1
23_patch_0015_0011,-1
23_patch_0015_0012,4
23_patch_0015_0013,3
23_patch_0015_0014,3
23_patch_0015_0015,4
23_patch_0015_0016,0
23_patch_0015_0017,-1
23_patch_0015_0018,3
23_patch_0015_0019,1
23_patch_0015_0020,3
23_patch_0015_0021,4
23_patch_0015_0022,4
23_patch_0015_0023,1
23_patch_0015_0024,4
23_patch_0015_0025,1
23_patch_0015_0026,2
23_patch_0015_0027,2
23_patch_0015_0028,2
23_patch_0015_0029,3
23_patch_0015_0030,1
23_patch_0015_0031,0
23_patch_0015_0032,3
23_patch_0015_0033,4
23_patch_0016_0000,4
23_patch_0016_0001,4
23_patch_0016_0002,0
23_patch_0016_0003,1
23_patch_0016_0004,3
23_patch_0016_0005,1
23_patch_0016_0006,1
23_patch_0016_0007,1
23_patch_0016_0008,2
23_patch_0016_0009,0
23_patch_0016_0010,3
23_patch_0016_0011,4
23_patch_0016_0012,2
23_patch_0016_0013,1
23_patch_0016_0014,-1
23_patch_0016_0015,3
23_patch_0016_0016,4
23_patch_0016_0017,3
23_patch_0016_0018,2
23_patch_0016_0019,4
23_patch_0016_0020,2
23_patch_0016_0021,2
23_patch_0016_0022,2
23_patch_0016_0023,4
23_patch_0016_0024,0
23_patch_0016_0025,-1
23_patch_0016_0026,2
23_patch_0016_0027,1
23_patch_0016_0028,1
23_patch_0016_0029,0
23_patch_0016_0030,4
23_patch_0016_0031,4
23_patch_0016_0032,1
23_patch_0016_0033,-1
23_patch_0017_0000,3
23_patch_0017_0001,1
23_patch_0017_0002,4
23_patch_0017_0003,1
23_patch_0017_0004,1
23_patch_0017_0005,4
23_patch_0017_0006,1
23_patch_0017_0007,-1
23_patch_0017_0008,1
23_patch_0017_0009,2
23_patch_0017_0010,4
23_patch_0017_0011,1
23_patch_0017_0012,-1
23_patch_0017_0013,-1
23_patch_0017_0014,1
23_patch_0017_0015,1
23_patch_0017_0016,3
23_patch_0017_0017,4
23_patch_0017_0018,2
23_patch_0017_0019,3
23_patch_0017_0020,0
23_patch_0017_0021,3
23_patch_0017_0022,3
23_patch_0017_0023,-1
23_patch_0017_0024,4
23_patch_0017_0025,4
23_patch_0017_0026,4
23_patch_0017_0027,3
23_patch_0017_0028,3
23_patch_0017_0029,3
23_patch_0017_0030,2
23_patch_0017_0031,-1
23_patch_0017_0032,1
23_patch_0017_0033,3
23_patch_0018_0000,3
23_patch_0018_0001,2
23_patch_0018_0002,-1
23_patch_0018_0003,1
23_patch_0018_0004,1
23_patch_0018_0005,4
23_patch_0018_0006,2
23_patch_0018_0007,-1
23_patch_0018_0008,2
23_patch_0018_0009,-1
23_patch_0018_0010,3
23_patch_0018_0011,2
23_patch_0018_0012,2
23_patch_0018_0013,3
23_patch_0018_0014,4
23_patch_0018_0015,4
23_patch_0018_0016,1
23_patch_0018_0017,2
23_patch_0018_0018,-1
23_patch_0018_0019,-1
23_patch_0018_0020,4
23_patch_0018_0021,4
23_patch_0018_0022,1
23_patch_0018_0023,1
23_patch_0018_0024,1
23_patch_0018_0025,2
23_patch_0018_0026,3
23_patch_0018_0027,4
23_patch_0018_0028,4
23_patch_0018_0029,2
23_patch_0018_0030,4
23_patch_0018_0031,4
23_patch_0018_0032,0
23_patch_0018_0033,3
23_patch_0019_0000,-1
23_patch_0019_0001,1
23_patch_0019_0002,4
23_patch_0019_0003,0
23_patch_0019_0004,1
23_patch_0019_0005,2
23_patch_0019_0006,0
23_patch_0019_0007,1
23_patch_0019_0008,4
23_patch_0019_0009,1
23_patch_0019_0010,3
23_patch_0019_0011,0
23_patch_0019_0012,2
23_patch_0019_0013,3
23_patch_0019_0014,1
23_patch_0019_0015,3
23_patch_0019_0016,2
23_patch_0019_0017,0
23_patch_0019_0018,0
23_patch_0019_0019,4
23_patch_0019_0020,3
23_patch_0019_0021,1
23_patch_0019_0022,4
23_patch_0019_0023,1
23_patch_0019_0024,1
23_patch_0019_0025,1
23_patch_0019_0026,-1
23_patch_0019_0027,1
23_patch_0019_0028,4
23_patch_0019_0029,1
23_patch_0019_0030,-1
23_patch_0019_0031,0
23_patch_0019_0032,2
23_patch_0019_0033,0
23_patch_0020_0000,0
23_patch_0020_0001,3
23_patch_0020_0002,3
23_patch_0020_0003,4
23_patch_0020_0004,3
23_patch_0020_0005,2
23_patch_0020_0006,3
23_patch_0020_0007,3
23_patch_0020_0008,4
23_patch_0020_0009,2
23_patch_0020_0010,2
23_patch_0020_0011,-1
23_patch_0020_0012,0
23_patch_0020_0013,1
23_patch_0020_0014,3
23_patch_0020_0015,3
23_patch_0020_0016,4
23_patch_0020_0017,4
23_patch_0020_0018,2
23_patch_0020_0019,0
23_patch_0020_0020,3
23_patch_0020_0021,4
23_patch_0020_0022,1
23_patch_0020_0023,4
23_patch_0020_0024,-1
23_patch_0020_0025,2
23_patch_0020_0026,4
23_patch_0020_0027,1
23_patch_0020_0028,2
23_patch_0020_0029,-1
23_patch_0020_0030,1
23_patch_0020_0031,3
23_patch_0020_0032,3
23_patch_0020_0033,4
23_patch_0021_0000,1
23_patch_0021_0001,1
23_patch_0021_0002,-1
23_patch_0021_0003,0
23_patch_0021_0004,1
23_patch_0021_0005,-1
23_patch_0021_0006,1
23_patch_0021_0007,-1
23_patch_0021_0008,4
23_patch_0021_0009,-1
23_patch_0021_0010,1
23_patch_0021_0011,3
23_patch_0021_0012,4
23_patch_0021_0013,2
23_patch_0021_0014,4
23_patch_0021_0015,-1
23_patch_0021_0016,-1
23_patch_0021_0017,0
23_patch_0021_0018,1
23_patch_0021_0019,-1
23_patch_0021_0020,2
23_patch_0021_0021,3
23_patch_0021_0022,1
23_patch_0021_0023,3
23_patch_0021_0024,0
23_patch_0021_0025,2
23_patch_0021_0026,2
23_patch_0021_0027,0
23_patch_0021_0028,1
23_patch_0021_0029,3
23_patch_0021_0030,1
23_patch_0021_0031,4
23_patch_0021_0032,3
23_patch_0021_0033,1
23_patch_0022_0000,3
23_patch_0022_0001,1
23_patch_0022_0002,1
23_patch_0022_0003,2
23_patch_0022_0004,-1
23_patch_0022_0005,3
23_patch_0022_0006,4
23_patch_0022_0007,3
23_patch_0022_0008,0
23_patch_0022_0009,4
23_patch_0022_0010,4
23_patch_0022_0011,1
23_patch_0022_0012,-1
23_patch_0022_0013,1
23_patch_0022_0014,3
23_patch_0022_0015,3
23_patch_0022_0016,2
23_patch_0022_0017,0
23_patch_0022_0018,2
23_patch_0022_0019,1
23_patch_0022_0020,3
23_patch_0022_0021,3
23_patch_0022_0022,0
23_patch_0022_0023,4
23_patch_0022_0024,-1
23_patch_0022_0025,3
23_patch_0022_0026,3
23_patch_0022_0027,3
23_patch_0022_0028,0
23_patch_0022_0029,0
23_patch_0022_0030,2
23_patch_0022_0031,4
23_patch_0022_0032,4
23_patch_0022_0033,1
24_patch_0000_0000,1
24_patch_0000_0001,1
24_patch_0000_0002,2
24_patch_0000_0003,1
24_patch_0000_0004,2
24_patch_0000_0005,1
24_patch_0000_0006,0
24_patch_0000_0007,1
24_patch_0000_0008,2
24_patch_0000_0009,2
24_patch_0000_0010,1
24_patch_0000_0011,2
24_patch_0000_0012,1
24_patch_0000_0013,3
24_patch_0000_0014,1
24_patch_0000_0015,-1
24_patch_0000_0016,4
24_patch_0000_0017,3
24_patch_0000_0018,1
24_patch_0000_0019,3
24_patch_0000_0020,1
24_patch_0000_0021,4
24_patch_0000_0022,1
24_patch_0000_0023,2
24_patch_0000_0024,1
24_patch_0000_0025,0
24_patch_0001_0000,3
24_patch_0001_0001,1
24_patch_0001_0002,1
24_patch_0001_0003,3
24_patch_0001_0004,3
24_patch_0001_0005,0
24_patch_0001_0006,-1
24_patch_0001_0007,0
24_patch_0001_0008,3
24_patch_0001_0009,4
24_patch_0001_0010,0
24_patch_0001_0011,-1
24_patch_0001_0012,4
24_patch_0001_0013,3
24_patch_0001_0014,0
24_patch_0001_0015,2
24_patch_0001_0016,2
24_patch_0001_0017,3
24_patch_0001_0018,4
24_patch_0001_0019,0
24_patch_0001_0020,-1
24_patch_0001_0021,3
24_patch_0001_0022,0
24_patch_0001_0023,2
24_patch_0001_0024,0
24_patch_0001_0025,1
24_patch_0002_0000,1
24_patch_0002_0001,0
24_patch_0002_0002,2
24_patch_0002_0003,2
24_patch_0002_0004,2
24_patch_0002_0005,4
24_patch_0002_0006,2
24_patch_0002_0007,0
24_patch_0002_0008,1
24_patch_0002_0009,4
24_patch_0002_0010,4
24_patch_0002_0011,0
24_patch_0002_0012,-1
24_patch_0002_0013,0
24_patch_0002_0014,0
24_patch_0002_0015,1
24_patch_0002_0016,-1
24_patch_0002_0017,-1
24_patch_0002_0018,0
24_patch_0002_0019,2
24_patch_0002_0020,-1
24_patch_0002_0021,4
24_patch_0002_0022,4
24_patch_0002_0023,-1
24_patch_0002_0024,3
24_patch_0002_0025,4
24_patch_0003_0000,2
24_patch_0003_0001,0
24_patch_0003_0002,3
24_patch_0003_0003,2
24_patch_0003_0004,1
24_patch_0003_0005,2
24_patch_0003_0006,4
24_patch_0003_0007,3
24_patch_0003_0008,4
24_patch_0003_0009,1
24_patch_0003_0010,0
24_patch_0003_0011,3
24_patch_0003_0012,4
24_patch_0003_0013,2
24_patch_0003_0014,2
24_patch_0003_0015,1
24_patch_0003_0016,4
24_patch_0003_0017,3
24_patch_0003_0018,4
24_patch_0003_0019,4
24_patch_0003_0020,1
24_patch_0003_0021,2
24_patch_0003_0022,1
24_patch_0003_0023,4
24_patch_0003_0024,4
24_patch_0003_0025,0
24_patch_0004_0000,2
24_patch_0004_0001,4
24_patch_0004_0002,1
24_patch_0004_0003,-1
24_patch_0004_0004,2
24_patch_0004_0005,-1
24_patch_0004_0006,2
24_patch_0004_0007,2
24_patch_0004_0008,3
24_patch_0004_0009,3
24_patch_0004_0010,2
24_patch_0004_0011,2
24_patch_0004_0012,2
24_patch_0004_0013,2
24_patch_0004_0014,4
24_patch_0004_0015,4
24_patch_0004_0016,1
24_patch_0004_0017,2
24_patch_0004_0018,4
24_patch_0004_0019,1
24_patch_0004_0020,4
24_patch_0004_0021,3
24_patch_0004_0022,4
24_patch_0004_0023,-1
24_patch_0004_0024,2
24_patch_0004_0025,2
24_patch_0005_0000,4
24_patch_0005_0001,2
24_patch_0005_0002,3
24_patch_0005_0003,4
24_patch_0005_0004,4
24_patch_0005_0005,1
24_patch_0005_0006,1
24_patch_0005_0007,0
24_patch_0005_0008,4
24_patch_0005_0009,1
24_patch_0005_0010,1
24_patch_0005_0011,-1
24_patch_0005_0012,3
24_patch_0005_0013,1
24_patch_0005_0014,-1
24_patch_0005_0015,3
24_patch_0005_0016,4
24_patch_0005_0017,3
24_patch_0005_0018,1
24_patch_0005_0019,4
24_patch_0005_0020,1
24_patch_0005_0021,-1
24_patch_0005_0022,1
24_patch_0005_0023,2
24_patch_0005_0024,4
24_patch_0005_0025,4
24_patch_0006_0000,1
24_patch_0006_0001,3
24_patch_0006_0002,1
24_patch_0006_0003,0
24_patch_0006_0004,4
24_patch_0006_0005,1
24_patch_0006_0006,4
24_patch_0006_0007,1
24_patch_0006_0008,2
24_patch_0006_0009,2
24_patch_0006_0010,3
24_patch_0006_0011,-1
24_patch_0006_0012,2
24_patch_0006_0013,0
24_patch_0006_0014,3
24_patch_0006_0015,2
24_patch_0006_0016,2
24_patch_0006_0017,4
24_patch_0006_0018,3
24_patch_0006_0019,4
24_patch_0006_0020,3
24_patch_0006_0021,4
24_patch_0006_0022,0
24_patch_0006_0023,3
24_patch_0006_0024,-1
24_patch_0006_0025,0
24_patch_0007_0000,4
24_patch_0007_0001,2
24_patch_0007_0002,3
24_patch_0007_0003,0
24_patch_0007_0004,1
24_patch_0007_0005,1
24_patch_0007_0006,-1
24_patch_0007_0007,2
24_patch_0007_0008,0
24_patch_0007_0009,1
24_patch_0007_0010,2
24_patch_0007_0011,3
24_patch_0007_0012,3
24_patch_0007_0013,2
24_patch_0007_0014,-1
24_patch_0007_0015,4
24_patch_0007_0016,3
24_patch_0007_0017,2
24_patch_0007_0018,-1
24_patch_0007_0019,3
24_patch_0007_0020,2
24_patch_0007_0021,3
24_patch_0007_0022,1
24_patch_0007_0023,4
24_patch_0007_0024,1
24_patch_0007_0025,2
24_patch_0008_0000,2
24_patch_0008_0001,2
24_patch_0008_0002,1
24_patch_0008_0003,3
24_patch_0008_0004,1
24_patch_0008_0005,2
24_patch_0008_0006,1
24_patch_0008_0007,-1
24_patch_0008_0008,-1
24_patch_0008_0009,2
24_patch_0008_0010,3
24_patch_0008_0011,1
24_patch_0008_0012,2
24_patch_0008_0013,1
24_patch_0008_0014,2
24_patch_0008_0015,3
24_patch_0008_0016,1
24_patch_0008_0017,3
24_patch_0008_0018,4
24_patch_0008_0019,3
24_patch_0008_0020,1
24_patch_0008_0021,1
24_patch_0008_0022,2
24_patch_0008_0023,3
24_patch_0008_0024,2
24_patch_0008_0025,4
24_patch_0009_0000,3
24_patch_0009_0001,3
24_patch_0009_0002,2
24_patch_0009_0003,2
24_patch_0009_0004,2
24_patch_0009_0005,-1
24_patch_0009_0006,2
24_patch_0009_0007,4
24_patch_0009_0008,-1
24_patch_0009_0009,4
24_patch_0009_0010,0
24_patch_0009_0011,0
24_patch_0009_0012,4
24_patch_0009_0013,4
24_patch_0009_0014,3
24_patch_0009_0015,2
24_patch_0009_0016,0
24_patch_0009_0017,0
24_patch_0009_0018,1
24_patch_0009_0019,0
24_patch_0009_0020,3
24_patch_0009_0021,-1
24_patch_0009_0022,4
24_patch_0009_0023,3
24_patch_0009_0024,3
24_patch_0009_0025,3
24_patch_0010_0000,-1
24_patch_0010_0001,0
24_patch_0010_0002,4
24_patch_0010_0003,4
24_patch_0010_0004,-1
24_patch_0010_0005,2
24_patch_0010_0006,4
24_patch_0010_0007,-1
24_patch_0010_0008,2
24_patch_0010_0009,3
24_patch_0010_0010,-1
24_patch_0010_0011,3
24_patch_0010_0012,3
24_patch_0010_0013,4
24_patch_0010_0014,3
24_patch_0010_0015,-1
24_patch_0010_0016,3
24_patch_0010_0017,3
24_patch_0010_0018,2
24_patch_0010_0019,2
24_patch_0010_0020,1
24_patch_0010_0021,1
24_patch_0010_0022,-1
24_patch_0010_0023,2
24_patch_0010_0024,3
24_patch_0010_0025,1
24_patch_0011_0000,4
24_patch_0011_0001,-1
24_patch_0011_0002,0
24_patch_0011_0003,0
24_patch_0011_0004,3
24_patch_0011_0005,2
24_patch_0011_0006,1
24_patch_0011_0007,3
24_patch_0011_0008,2
24_patch_0011_0009,-1
24_patch_0011_0010,1
24_patch_0011_0011,2
24_patch_0011_0012,2
24_patch_0011_0013,4
24_patch_0011_0014,4
24_patch_0011_0015,3
24_patch_0011_0016,4
24_patch_0011_0017,3
24_patch_0011_0018,2
24_patch_0011_0019,4
24_patch_0011_0020,3
24_patch_0011_0021,-1
24_patch_0011_0022,1
24_patch_0011_0023,3
24_patch_0011_0024,4
24_patch_0011_0025,3
24_patch_0012_0000,2
24_patch_0012_0001,2
24_patch_0012_0002,1
24_patch_0012_0003,2
24_patch_0012_0004,0
24_patch_0012_0005,3
24_patch_0012_0006,4
24_patch_0012_0007,1
24_patch_0012_0008,3
24_patch_0012_0009,3
24_patch_0012_0010,3
24_patch_0012_0011,3
24_patch_0012_0012,1
24_patch_0012_0013,3
24_patch_0012_0014,3
24_patch_0012_0015,2
24_patch_0012_0016,4
24_patch_0012_0017,4
24_patch_0012_0018,2
24_patch_0012_0019,2
24_patch_0012_0020,-1
24_patch_0012_0021,2
24_patch_0012_0022,-1
24_patch_0012_0023,3
24_patch_0012_0024,3
24_patch_0012_0025,2
24_patch_0013_0000,2
24_patch_0013_0001,4
24_patch_0013_0002,4
24_patch_0013_0003,2
24_patch_0013_0004,2
24_patch_0013_0005,4
24_patch_0013_0006,0
24_patch_0013_0007,3
24_patch_0013_0008,4
24_patch_0013_0009,1
24_patch_0013_0010,2
24_patch_0013_0011,2
24_patch_0013_0012,1
24_patch_0013_0013,3
24_patch_0013_0014,2
24_patch_0013_0015,4
24_patch_0013_0016,0
24_patch_0013_0017,1
24_patch_0013_0018,4
24_patch_0013_0019,0
24_patch_0013_0020,4
24_patch_0013_0021,3
24_patch_0013_0022,3
24_patch_0013_0023,0
24_patch_0013_0024,1
24_patch_0013_0025,1
24_patch_0014_0000,0
24_patch_0014_0001,2
24_patch_0014_0002,3
24_patch_0014_0003,1
24_patch_0014_0004,4
24_patch_0014_0005,2
24_patch_0014_0006,1
24_patch_0014_0007,2
24_patch_0014_0008,2
24_patch_0014_0009,2
24_patch_0014_0010,3
24_patch_0014_0011,0
24_patch_0014_0012,2
24_patch_0014_0013,1
24_patch_0014_0014,4
24_patch_0014_0015,1
24_patch_0014_0016,2
24_patch_0014_0017,2
24_patch_0014_0018,1
24_patch_0014_0019,2
24_patch_0014_0020,1
24_patch_0014_0021,3
24_patch_0014_0022,4
24_patch_0014_0023,4
24_patch_0014_0024,2
24_patch_0014_0025,4
24_patch_0015_0000,4
24_patch_0015_0001,1
24_patch_0015_0002,4
24_patch_0015_0003,0
24_patch_0015_0004,1
24_patch_0015_0005,3
24_patch_0015_0006,2
24_patch_0015_0007,-1
24_patch_0015_0008,-1
24_patch_0015_0009,3
24_patch_0015_0010,-1
24_patch_0015_0011,1
24_patch_0015_0012,3
24_patch_0015_0013,2
24_patch_0015_0014,2
24_patch_0015_0015,4
24_patch_0015_0016,-1
24_patch_0015_0017,4
24_patch_0015_0018,-1
24_patch_0015_0019,3
24_patch_0015_0020,1
24_patch_0015_0021,1
24_patch_0015_0022,-1
24_patch_0015_0023,1
24_patch_0015_0024,4
24_patch_0015_0025,3
24_patch_0016_0000,1
24_patch_0016_0001,2
24_patch_0016_0002,0
24_patch_0016_0003,1
24_patch_0016_0004,1
24_patch_0016_0005,3
24_patch_0016_0006,4
24_patch_0016_0007,1
24_patch_0016_0008,-1
24_patch_0016_0009,3
24_patch_0016_0010,1
24_patch_0016_0011,3
24_patch_0016_0012,1
24_patch_0016_0013,-1
24_patch_0016_0014,0
24_patch_0016_0015,3
24_patch_0016_0016,-1
24_patch_0016_0017,-1
24_patch_0016_0018,2
24_patch_0016_0019,3
24_patch_0016_0020,3
24_patch_0016_0021,1
24_patch_0016_0022,-1
24_patch_0016_0023,2
24_patch_0016_0024,2
24_patch_0016_0025,0
24_patch_0017_0000,2
24_patch_0017_0001,4
24_patch_0017_0002,2
24_patch_0017_0003,1
24_patch_0017_0004,4
24_patch_0017_0005,3
24_patch_0017_0006,4
24_patch_0017_0007,2
24_patch_0017_0008,4
24_patch_0017_0009,3
24_patch_0017_0010,2
24_patch_0017_0011,3
24_patch_0017_0012,3
24_patch_0017_0013,-1
24_patch_0017_0014,2
24_patch_0017_0015,3
24_patch_0017_0016,2
24_patch_0017_0017,2
24_patch_0017_0018,-1
24_patch_0017_0019,3
24_patch_0017_0020,2
24_patch_0017_0021,-1
24_patch_0017_0022,2
24_patch_0017_0023,1
24_patch_0017_0024,3
24_patch_0017_0025,3
24_patch_0018_0000,3
24_patch_0018_0001,0
24_patch_0018_0002,2
24_patch_0018_0003,1
24_patch_0018_0004,2
24_patch_0018_0005,4
24_patch_0018_0006,2
24_patch_0018_0007,1
24_patch_0018_0008,-1
24_patch_0018_0009,4
24_patch_0018_0010,-1
24_patch_0018_0011,2
24_patch_0018_0012,3
24_patch_0018_0013,4
24_patch_0018_0014,-1
24_patch_0018_0015,4
24_patch_0018_0016,4
24_patch_0018_0017,4
24_patch_0018_0018,-1
24_patch_0018_0019,0
24_patch_0018_0020,1
24_patch_0018_0021,1
24_patch_0018_0022,0
24_patch_0018_0023,4
24_patch_0018_0024,4
24_patch_0018_0025,2
24_patch_0019_0000,0
24_patch_0019_0001,2
24_patch_0019_0002,0
24_patch_0019_0003,3
24_patch_0019_0004,1
24_patch_0019_0005,3
24_patch_0019_0006,2
24_patch_0019_0007,4
24_patch_0019_0008,1
24_patch_0019_0009,1
24_patch_0019_0010,2
24_patch_0019_0011,2
24_patch_0019_0012,1
24_patch_0019_0013,4
24_patch_0019_0014,2
24_patch_0019_0015,1
24_patch_0019_0016,2
24_patch_0019_0017,4
24_patch_0019_0018,3
24_patch_0019_0019,3
24_patch_0019_0020,3
24_patch_0019_0021,4
24_patch_0019_0022,4
24_patch_0019_0023,2
24_patch_0019_0024,3
24_patch_0019_0025,-1
24_patch_0020_0000,1
24_patch_0020_0001,-1
24_patch_0020_0002,1
24_patch_0020_0003,1
24_patch_0020_0004,0
24_patch_0020_0005,-1
24_patch_0020_0006,0
24_patch_0020_0007,0
24_patch_0020_0008,0
24_patch_0020_0009,4
24_patch_0020_0010,1
24_patch_0020_0011,4
24_patch_0020_0012,-1
24_patch_0020_0013,2
24_patch_0020_0014,2
24_patch_0020_0015,4
24_patch_0020_0016,2
24_patch_0020_0017,4
24_patch_0020_0018,3
24_patch_0020_0019,4
24_patch_0020_0020,1
24_patch_0020_0021,-1
24_patch_0020_0022,1
24_patch_0020_0023,4
24_patch_0020_0024,1
24_patch_0020_0025,2
24_patch_0021_0000,4
24_patch_0021_0001,3
24_patch_0021_0002,2
24_patch_0021_0003,4
24_patch_0021_0004,4
24_patch_0021_0005,-1
24_patch_0021_0006,2
24_patch_0021_0007,2
24_patch_0021_0008,0
24_patch_0021_0009,4
24_patch_0021_0010,2
24_patch_0021_0011,4
24_patch_0021_0012,-1
24_patch_0021_0013,-1
24_patch_0021_0014,1
24_patch_0021_0015,0
24_patch_0021_0016,4
24_patch_0021_0017,2
24_patch_0021_0018,2
24_patch_0021_0019,2
24_patch_0021_0020,4
24_patch_0021_0021,-1
24_patch_0021_0022,3
24_patch_0021_0023,4
24_patch_0021_0024,4
24_patch_0021_0025,-1
25_patch_0000_0000,3
25_patch_0000_0001,2
25_patch_0000_0002,3
25_patch_0000_0003,2
25_patch_0000_0004,3
25_patch_0000_0005,3
25_patch_0000_0006,3
25_patch_0000_0007,1
25_patch_0000_0008,4
25_patch_0000_0009,3
25_patch_0000_0010,1
25_patch_0000_0011,0
25_patch_0000_0012,3
25_patch_0000_0013,3
25_patch_0000_0014,3
25_patch_0000_0015,-1
25_patch_0000_0016,4
25_patch_0000_0017,4
25_patch_0000_0018,1
25_patch_0000_0019,0
25_patch_0000_0020,3
25_patch_0000_0021,4
25_patch_0000_0022,3
25_patch_0001_0000,4
25_patch_0001_0001,3
25_patch_0001_0002,0
25_patch_0001_0003,3
25_patch_0001_0004,4
25_patch_0001_0005,3
25_patch_0001_0006,0
25_patch_0001_0007,3
25_patch_0001_0008,-1
25_patch_0001_0009,0
25_patch_0001_0010,4
25_patch_0001_0011,2
25_patch_0001_0012,4
25_patch_0001_0013,0
25_patch_0001_0014,1
25_patch_0001_0015,4
25_patch_0001_0016,-1
25_patch_0001_0017,1
25_patch_0001_0018,4
25_patch_0001_0019,0
25_patch_0001_0020,0
25_patch_0001_0021,0
25_patch_0001_0022,1
25_patch_0002_0000,-1
25_patch_0002_0001,-1
25_patch_0002_0002,1
25_patch_0002_0003,2
25_patch_0002_0004,0
25_patch_0002_0005,3
25_patch_0002_0006,1
25_patch_0002_0007,3
25_patch_0002_0008,3
25_patch_0002_0009,1
25_patch_0002_0010,2
25_patch_0002_0011,1
25_patch_0002_0012,1
25_patch_0002_0013,4
25_patch_0002_0014,-1
25_patch_0002_0015,-1
25_patch_0002_0016,4
25_patch_0002_0017,-1
25_patch_0002_0018,4
25_patch_0002_0019,2
25_patch_0002_0020,0
25_patch_0002_0021,1
25_patch_0002_0022,2
25_patch_0003_0000,4
25_patch_0003_0001,2
25_patch_0003_0002,3
25_patch_0003_0003,3
25_patch_0003_0004,4
25_patch_0003_0005,-1
25_patch_0003_0006,1
25_patch_0003_0007,3
25_patch_0003_0008,4
25_patch_0003_0009,1
25_patch_0003_0010,2
25_patch_0003_0011,1
25_patch_0003_0012,-1
25_patch_0003_0013,1
25_patch_0003_0014,0
25_patch_0003_0015,0
25_patch_0003_0016,0
25_patch_0003_0017,-1
25_patch_0003_0018,2
25_patch_0003_0019,0
25_patch_0003_0020,3
25_patch_0003_0021,2
25_patch_0003_0022,4
25_patch_0004_0000,2
25_patch_0004_0001,2
25_patch_0004_0002,4
25_patch_0004_0003,2
25_patch_0004_0004,0
25_patch_0004_0005,0
25_patch_0004_0006,-1
25_patch_0004_0007,3
25_patch_0004_0008,-1
25_patch_0004_0009,3
25_patch_0004_0010,4
25_patch_0004_0011,4
25_patch_0004_0012,-1
25_patch_0004_0013,1
25_patch_0004_0014,1
25_patch_0004_0015,2
25_patch_0004_0016,2
25_patch_0004_0017,3
25_patch_0004_0018,4
25_patch_0004_0019,3
25_patch_0004_0020,1
25_patch_0004_0021,1
25_patch_0004_0022,1
25_patch_0005_0000,-1
25_patch_0005_0001,0
25_patch_0005_0002,1
25_patch_0005_0003,2
25_patch_0005_0004,0
25_patch_0005_0005,3
25_patch_0005_0006,2
25_patch_0005_0007,1
25_patch_0005_0008,2
25_patch_0005_0009,1
25_patch_0005_0010,0
25_patch_0005_0011,4
25_patch_0005_0012,-1
25_patch_0005_0013,1
25_patch_0005_0014,4
25_patch_0005_0015,2
25_patch_0005_0016,2
25_patch_0005_0017,2
25_patch_0005_0018,1
25_patch_0005_0019,2
25_patch_0005_0020,4
25_patch_0005_0021,-1
25_patch_0005_0022,-1
25_patch_0006_0000,4
25_patch_0006_0001,3
25_patch_0006_0002,-1
25_patch_0006_0003,4
25_patch_0006_0004,4
25_patch_0006_0005,3
25_patch_0006_0006,3
25_patch_0006_0007,0
25_patch_0006_0008,-1
25_patch_0006_0009,-1
25_patch_0006_0010,2
25_patch_0006_0011,3
25_patch_0006_0012,1
25_patch_0006_0013,1
25_patch_0006_0014,3
25_patch_0006_0015,-1
25_patch_0006_0016,-1
25_patch_0006_0017,0
25_patch_0006_0018,4
25_patch_0006_0019,2
25_patch_0006_0020,1
25_patch_0006_0021,2
25_patch_0006_0022,2
25_patch_0007_0000,3
25_patch_0007_0001,1
25_patch_0007_0002,4
25_patch_0007_0003,4
25_patch_0007_0004,2
25_patch_0007_0005,4
25_patch_0007_0006,1
25_patch_0007_0007,4
25_patch_0007_0008,0
25_patch_0007_0009,2
25_patch_0007_0010,3
25_patch_0007_0011,2
25_patch_0007_0012,4
25_patch_0007_0013,3
25_patch_0007_0014,3
25_patch_0007_0015,0
25_patch_0007_0016,1
25_patch_0007_0017,-1
25_patch_0007_0018,1
25_patch_0007_0019,2
25_patch_0007_0020,2
25_patch_0007_0021,3
25_patch_0007_0022,-1
25_patch_0008_0000,4
25_patch_0008_0001,4
25_patch_0008_0002,4
25_patch_0008_0003,1
25_patch_0008_0004,1
25_patch_0008_0005,-1
25_patch_0008_0006,-1
25_patch_0008_0007,1
25_patch_0008_0008,1
25_patch_0008_0009,2
25_patch_0008_0010,0
25_patch_0008_0011,0
25_patch_0008_0012,3
25_patch_0008_0013,3
25_patch_0008_0014,-1
25_patch_0008_0015,2
25_patch_0008_0016,1
25_patch_0008_0017,0
25_patch_0008_0018,2
25_patch_0008_0019,0
25_patch_0008_0020,0
25_patch_0008_0021,0
25_patch_0008_0022,2
25_patch_0009_0000,1
25_patch_0009_0001,2
25_patch_0009_0002,3
25_patch_0009_0003,1
25_patch_0009_0004,0
25_patch_0009_0005,2
25_patch_0009_0006,1
25_patch_0009_0007,4
25_patch_0009_0008,4
25_patch_0009_0009,3
25_patch_0009_0010,1
25_patch_0009_0011,2
25_patch_0009_0012,1
25_patch_0009_0013,0
25_patch_0009_0014,1
25_patch_0009_0015,3
25_patch_0009_0016,4
25_patch_0009_0017,0
25_patch_0009_0018,4
25_patch_0009_0019,4
25_patch_0009_0020,4
25_patch_0009_0021,1
25_patch_0009_0022,2
25_patch_0010_0000,1
25_patch_0010_0001,3
25_patch_0010_0002,4
25_patch_0010_0003,2
25_patch_0010_0004,1
25_patch_0010_0005,4
25_patch_0010_0006,4
25_patch_0010_0007,3
25_patch_0010_0008,-1
25_patch_0010_0009,3
25_patch_0010_0010,-1
25_patch_0010_0011,3
25_patch_0010_0012,4
25_patch_0010_0013,2
25_patch_0010_0014,0
25_patch_0010_0015,4
25_patch_0010_0016,3
25_patch_0010_0017,1
25_patch_0010_0018,3
25_patch_0010_0019,3
25_patch_0010_0020,1
25_patch_0010_0021,1
25_patch_0010_0022,1
25_patch_0011_0000,3
25_patch_0011_0001,0
25_patch_0011_0002,3
25_patch_0011_0003,3
25_patch_0011_0004,1
25_patch_0011_0005,-1
25_patch_0011_0006,2
25_patch_0011_0007,4
25_patch_0011_0008,-1
25_patch_0011_0009,3
25_patch_0011_0010,3
25_patch_0011_0011,2
25_patch_0011_0012,1
25_patch_0011_0013,-1
25_patch_0011_0014,4
25_patch_0011_0015,2
25_patch_0011_0016,4
25_patch_0011_0017,1
25_patch_0011_0018,3
25_patch_0011_0019,1
25_patch_0011_0020,2
25_patch_0011_0021,3
25_patch_0011_0022,4
25_patch_0012_0000,4
25_patch_0012_0001,-1
25_patch_0012_0002,4
25_patch_0012_0003,-1
25_patch_0012_0004,4
25_patch_0012_0005,4
25_patch_0012_0006,4
25_patch_0012_0007,0
25_patch_0012_0008,2
25_patch_0012_0009,3
25_patch_0012_0010,2
25_patch_0012_0011,2
25_patch_0012_0012,4
25_patch_0012_0013,3
25_patch_0012_0014,3
25_patch_0012_0015,1
25_patch_0012_0016,1
25_patch_0012_0017,2
25_patch_0012_0018,1
25_patch_0012_0019,2
25_patch_0012_0020,3
25_patch_0012_0021,3
25_patch_0012_0022,2
25_patch_0013_0000,4
25_patch_0013_0001,4
25_patch_0013_0002,2
25_patch_0013_0003,-1
25_patch_0013_0004,0
25_patch_0013_0005,2
25_patch_0013_0006,0
25_patch_0013_0007,0
25_patch_0013_0008,0
25_patch_0013_0009,3
25_patch_0013_0010,4
25_patch_0013_0011,-1
25_patch_0013_0012,3
25_patch_0013_0013,0
25_patch_0013_0014,3
25_patch_0013_0015,1
25_patch_0013_0016,1
25_patch_0013_0017,1
25_patch_0013_0018,3
25_patch_0013_0019,1
25_patch_0013_0020,1
25_patch_0013_0021,2
25_patch_0013_0022,2
25_patch_0014_0000,2
25_patch_0014_0001,4
25_patch_0014_0002,2
25_patch_0014_0003,0
25_patch_0014_0004,4
25_patch_0014_0005,0
25_patch_0014_0006,4
25_patch_0014_0007,1
25_patch_0014_0008,-1
25_patch_0014_0009,4
25_patch_0014_0010,4
25_patch_0014_0011,1
25_patch_0014_0012,2
25_patch_0014_0013,2
25_patch_0014_0014,4
25_patch_0014_0015,-1
25_patch_0014_0016,0
25_patch_0014_0017,2
25_patch_0014_0018,3
25_patch_0014_0019,3
25_patch_0014_0020,0
25_patch_0014_0021,-1
25_patch_0014_0022,4
25_patch_0015_0000,0
25_patch_0015_0001,2
25_patch_0015_0002,3
25_patch_0015_0003,4
25_patch_0015_0004,1
25_patch_0015_0005,4
25_patch_0015_0006,3
25_patch_0015_0007,4
25_patch_0015_0008,2
25_patch_0015_0009,1
25_patch_0015_0010,4
25_patch_0015_0011,2
25_patch_0015_0012,2
25_patch_0015_0013,4
25_patch_0015_0014,3
25_patch_0015_0015,1
25_patch_0015_0016,2
25_patch_0015_0017,4
25_patch_0015_0018,1
25_patch_0015_0019,1
25_patch_0015_0020,1
25_patch_0015_0021,4
25_patch_0015_0022,-1
25_patch_0016_0000,1
25_patch_0016_0001,2
25_patch_0016_0002,-1
25_patch_0016_0003,3
25_patch_0016_0004,3
25_patch_0016_0005,2
25_patch_0016_0006,0
25_patch_0016_0007,2
25_patch_0016_0008,2
25_patch_0016_0009,0
25_patch_0016_0010,3
25_patch_0016_0011,4
25_patch_0016_0012,4
25_patch_0016_0013,-1
25_patch_0016_0014,3
25_patch_0016_0015,3
25_patch_0016_0016,2
25_patch_0016_0017,4
25_patch_0016_0018,2
25_patch_0016_0019,1
25_patch_0016_0020,2
25_patch_0016_0021,3
25_patch_0016_0022,4
25_patch_0017_0000,1
25_patch_0017_0001,3
25_patch_0017_0002,3
25_patch_0017_0003,4
25_patch_0017_0004,4
25_patch_0017_0005,2
25_patch_0017_0006,1
25_patch_0017_0007,1
25_patch_0017_0008,4
25_patch_0017_0009,3
25_patch_0017_0010,-1
25_patch_0017_0011,2
25_patch_0017_0012,4
25_patch_0017_0013,1
25_patch_0017_0014,3
25_patch_0017_0015,3
25_patch_0017_0016,1
25_patch_0017_0017,1
25_patch_0017_0018,3
25_patch_0017_0019,4
25_patch_0017_0020,2
25_patch_0017_0021,4
25_patch_0017_0022,0
25_patch_0018_0000,1
25_patch_0018_0001,-1
25_patch_0018_0002,1
25_patch_0018_0003,2
25_patch_0018_0004,1
25_patch_0018_0005,3
25_patch_0018_0006,2
25_patch_0018_0007,1
25_patch_0018_0008,4
25_patch_0018_0009,3
25_patch_0018_0010,0
25_patch_0018_0011,4
25_patch_0018_0012,4
25_patch_0018_0013,-1
25_patch_0018_0014,1
25_patch_0018_0015,2
25_patch_0018_0016,3
25_patch_0018_0017,-1
25_patch_0018_0018,2
25_patch_0018_0019,3
25_patch_0018_0020,3
25_patch_0018_0021,1
25_patch_0018_0022,3
25_patch_0019_0000,3
25_patch_0019_0001,4
25_patch_0019_0002,1
25_patch_0019_0003,1
25_patch_0019_0004,4
25_patch_0019_0005,1
25_patch_0019_0006,0
25_patch_0019_0007,1
25_patch_0019_0008,3
25_patch_0019_0009,2
25_patch_0019_0010,1
25_patch_0019_0011,2
25_patch_0019_0012,2
25_patch_0019_0013,2
25_patch_0019_0014,2
25_patch_0019_0015,2
25_patch_0019_0016,2
25_patch_0019_0017,2
25_patch_0019_0018,-1
25_patch_0019_0019,2
25_patch_0019_0020,2
25_patch_0019_0021,3
25_patch_0019_0022,4
26_patch_0000_0000,-1
26_patch_0000_0001,3
26_patch_0000_0002,3
26_patch_0000_0003,2
26_patch_0000_0004,2
26_patch_0000_0005,2
26_patch_0000_0006,1
26_patch_0000_0007,4
26_patch_0000_0008,-1
26_patch_0000_0009,2
26_patch_0000_0010,4
26_patch_0000_0011,4
26_patch_0000_0012,-1
26_patch_0000_0013,3
26_patch_0000_0014,2
26_patch_0000_0015,2
26_patch_0000_0016,3
26_patch_0000_0017,1
26_patch_0000_0018,2
26_patch_0000_0019,2
26_patch_0000_0020,3
26_patch_0000_0021,-1
26_patch_0001_0000,4
26_patch_0001_0001,2
26_patch_0001_0002,1
26_patch_0001_0003,4
26_patch_0001_0004,4
26_patch_0001_0005,1
26_patch_0001_0006,3
26_patch_0001_0007,4
26_patch_0001_0008,0
26_patch_0001_0009,0
26_patch_0001_0010,4
26_patch_0001_0011,4
26_patch_0001_0012,-1
26_patch_0001_0013,1
26_patch_0001_0014,0
26_patch_0001_0015,-1
26_patch_0001_0016,4
26_patch_0001_0017,2
26_patch_0001_0018,4
26_patch_0001_0019,1
26_patch_0001_0020,3
26_patch_0001_0021,1
26_patch_0002_0000,1
26_patch_0002_0001,1
26_patch_0002_0002,1
26_patch_0002_0003,0
26_patch_0002_0004,3
26_patch_0002_0005,4
26_patch_0002_0006,0
26_patch_0002_0007,3
26_patch_0002_0008,3
26_patch_0002_0009,2
26_patch_0002_0010,-1
26_patch_0002_0011,4
26_patch_0002_0012,1
26_patch_0002_0013,-1
26_patch_0002_0014,1
26_patch_0002_0015,2
26_patch_0002_0016,3
26_patch_0002_0017,-1
26_patch_0002_0018,1
26_patch_0002_0019,4
26_patch_0002_0020,4
26_patch_0002_0021,2
26_patch_0003_0000,4
26_patch_0003_0001,1
26_patch_0003_0002,0
26_patch_0003_0003,4
26_patch_0003_0004,2
26_patch_0003_0005,3
26_patch_0003_0006,0
26_patch_0003_0007,4
26_patch_0003_0008,3
26_patch_0003_0009,3
26_patch_0003_0010,4
26_patch_0003_0011,2
26_patch_0003_0012,-1
26_patch_0003_0013,0
26_patch_0003_0014,-1
26_patch_0003_0015,4
26_patch_0003_0016,3
26_patch_0003_0017,2
26_patch_0003_0018,2
26_patch_0003_0019,3
26_patch_0003_0020,0
26_patch_0003_0021,3
26_patch_0004_0000,3
26_patch_0004_0001,-1
26_patch_0004_0002,3
26_patch_0004_0003,4
26_patch_0004_0004,-1
26_patch_0004_0005,3
26_patch_0004_0006,2
26_patch_0004_0007,3
26_patch_0004_0008,-1
26_patch_0004_0009,2
26_patch_0004_0010,2
26_patch_0004_0011,1
26_patch_0004_0012,4
26_patch_0004_0013,1
26_patch_0004_0014,1
26_patch_0004_0015,4
26_patch_0004_0016,4
26_patch_0004_0017,4
26_patch_0004_0018,1
26_patch_0004_0019,-1
26_patch_0004_0020,3
26_patch_0004_0021,3
26_patch_0005_0000,4
26_patch_0005_0001,2
26_patch_0005_0002,4
26_patch_0005_0003,4
26_patch_0005_0004,-1
26_patch_0005_0005,3
26_patch_0005_0006,-1
26_patch_0005_0007,1
26_patch_0005_0008,4
26_patch_0005_0009,0
26_patch_0005_0010,3
26_patch_0005_0011,3
26_patch_0005_0012,4
26_patch_0005_0013,1
26_patch_0005_0014,3
26_patch_0005_0015,3
26_patch_0005_0016,1
26_patch_0005_0017,2
26_patch_0005_0018,4
26_patch_0005_0019,1
26_patch_0005_0020,3
26_patch_0005_0021,-1
26_patch_0006_0000,1
26_patch_0006_0001,4
26_patch_0006_0002,1
26_patch_0006_0003,4
26_patch_0006_0004,2
26_patch_0006_0005,4
26_patch_0006_0006,-1
26_patch_0006_0007,2
26_patch_0006_0008,1
26_patch_0006_0009,0
26_patch_0006_0010,-1
26_patch_0006_0011,2
26_patch_0006_0012,3
26_patch_0006_0013,4
26_patch_0006_0014,1
26_patch_0006_0015,1
26_patch_0006_0016,2
26_patch_0006_0017,2
26_patch_0006_0018,2
26_patch_0006_0019,3
26_patch_0006_0020,3
26_patch_0006_0021,1
26_patch_0007_0000,2
26_patch_0007_0001,-1
26_patch_0007_0002,1
26_patch_0007_0003,0
26_patch_0007_0004,4
26_patch_0007_0005,1
26_patch_0007_0006,-1
26_patch_0007_0007,1
26_patch_0007_0008,3
26_patch_0007_0009,4
26_patch_0007_0010,-1
26_patch_0007_0011,0
26_patch_0007_0012,3
26_patch_0007_0013,-1
26_patch_0007_0014,1
26_patch_0007_0015,2
26_patch_0007_0016,3
26_patch_0007_0017,1
26_patch_0007_0018,1
26_patch_0007_0019,1
26_patch_0007_0020,3
26_patch_0007_0021,3
26_patch_0008_0000,4
26_patch_0008_0001,3
26_patch_0008_0002,0
26_patch_0008_0003,-1
26_patch_0008_0004,2
26_patch_0008_0005,-1
26_patch_0008_0006,0
26_patch_0008_0007,1
26_patch_0008_0008,2
26_patch_0008_0009,-1
26_patch_0008_0010,3
26_patch_0008_0011,1
26_patch_0008_0012,4
26_patch_0008_0013,3
26_patch_0008_0014,1
26_patch_0008_0015,3
26_patch_0008_0016,1
26_patch_0008_0017,2
26_patch_0008_0018,1
26_patch_0008_0019,4
26_patch_0008_0020,3
26_patch_0008_0021,0
26_patch_0009_0000,2
26_patch_0009_0001,3
26_patch_0009_0002,-1
26_patch_0009_0003,4
26_patch_0009_0004,3
26_patch_0009_0005,3
26_patch_0009_0006,2
26_patch_0009_0007,4
26_patch_0009_0008,0
26_patch_0009_0009,4
26_patch_0009_0010,4
26_patch_0009_0011,1
26_patch_0009_0012,1
26_patch_0009_0013,4
26_patch_0009_0014,2
26_patch_0009_0015,1
26_patch_0009_0016,1
26_patch_0009_0017,0
26_patch_0009_0018,1
26_patch_0009_0019,4
26_patch_0009_0020,4
26_patch_0009_0021,0
26_patch_0010_0000,4
26_patch_0010_0001,3
26_patch_0010_0002,-1
26_patch_0010_0003,3
26_patch_0010_0004,2
26_patch_0010_0005,2
26_patch_0010_0006,4
26_patch_0010_0007,3
26_patch_0010_0008,3
26_patch_0010_0009,1
26_patch_0010_0010,2
26_patch_0010_0011,4
26_patch_0010_0012,4
26_patch_0010_0013,1
26_patch_0010_0014,2
26_patch_0010_0015,-1
26_patch_0010_0016,-1
26_patch_0010_0017,2
26_patch_0010_0018,-1
26_patch_0010_0019,4
26_patch_0010_0020,0
26_patch_0010_0021,2
26_patch_0011_0000,3
26_patch_0011_0001,2
26_patch_0011_0002,2
26_patch_0011_0003,2
26_patch_0011_0004,4
26_patch_0011_0005,3
26_patch_0011_0006,2
26_patch_0011_0007,1
26_patch_0011_0008,3
26_patch_0011_0009,0
26_patch_0011_0010,2
26_patch_0011_0011,1
26_patch_0011_0012,2
26_patch_0011_0013,1
26_patch_0011_0014,0
26_patch_0011_0015,3
26_patch_0011_0016,-1
26_patch_0011_0017,1
26_patch_0011_0018,4
26_patch_0011_0019,4
26_patch_0011_0020,-1
26_patch_0011_0021,4
26_patch_0012_0000,4
26_patch_0012_0001,2
26_patch_0012_0002,1
26_patch_0012_0003,1
26_patch_0012_0004,4
26_patch_0012_0005,3
26_patch_0012_0006,3
26_patch_0012_0007,1
26_patch_0012_0008,3
26_patch_0012_0009,1
26_patch_0012_0010,2
26_patch_0012_0011,1
26_patch_0012_0012,4
26_patch_0012_0013,1
26_patch_0012_0014,2
26_patch_0012_0015,1
26_patch_0012_0016,4
26_patch_0012_0017,1
26_patch_0012_0018,2
26_patch_0012_0019,4
26_patch_0012_0020,1
26_patch_0012_0021,-1
26_patch_0013_0000,2
26_patch_0013_0001,-1
26_patch_0013_0002,-1
26_patch_0013_0003,1
26_patch_0013_0004,-1
26_patch_0013_0005,2
26_patch_0013_0006,-1
26_patch_0013_0007,2
26_patch_0013_0008,2
26_patch_0013_0009,2
26_patch_0013_0010,1
26_patch_0013_0011,4
26_patch_0013_0012,1
26_patch_0013_0013,-1
26_patch_0013_0014,3
26_patch_0013_0015,0
26_patch_0013_0016,3
26_patch_0013_0017,3
26_patch_0013_0018,3
26_patch_0013_0019,3
26_patch_0013_0020,1
26_patch_0013_0021,3
26_patch_0014_0000,3
26_patch_0014_0001,4
26_patch_0014_0002,4
26_patch_0014_0003,3
26_patch_0014_0004,2
26_patch_0014_0005,4
26_patch_0014_0006,3
26_patch_0014_0007,3
26_patch_0014_0008,0
26_patch_0014_0009,2
26_patch_0014_0010,0
26_patch_0014_0011,-1
26_patch_0014_0012,1
26_patch_0014_0013,3
26_patch_0014_0014,2
26_patch_0014_0015,3
26_patch_0014_0016,0
26_patch_0014_0017,-1
26_patch_0014_0018,-1
26_patch_0014_0019,1
26_patch_0014_0020,2
26_patch_0014_0021,-1
26_patch_0015_0000,2
26_patch_0015_0001,1
26_patch_0015_0002,2
26_patch_0015_0003,-1
26_patch_0015_0004,0
26_patch_0015_0005,-1
26_patch_0015_0006,3
26_patch_0015_0007,0
26_patch_0015_0008,1
26_patch_0015_0009,2
26_patch_0015_0010,2
26_patch_0015_0011,2
26_patch_0015_0012,3
26_patch_0015_0013,3
26_patch_0015_0014,1
26_patch_0015_0015,2
26_patch_0015_0016,1
26_patch_0015_0017,4
26_patch_0015_0018,2
26_patch_0015_0019,1
26_patch_0015_0020,2
26_patch_0015_0021,0
26_patch_0016_0000,-1
26_patch_0016_0001,2
26_patch_0016_0002,1
26_patch_0016_0003,2
26_patch_0016_0004,2
26_patch_0016_0005,3
26_patch_0016_0006,0
26_patch_0016_0007,2
26_patch_0016_0008,1
26_patch_0016_0009,1
26_patch_0016_0010,2
26_patch_0016_0011,4
26_patch_0016_0012,3
26_patch_0016_0013,-1
26_patch_0016_0014,2
26_patch_0016_0015,4
26_patch_0016_0016,3
26_patch_0016_0017,2
26_patch_0016_0018,0
26_patch_0016_0019,2
26_patch_0016_0020,4
26_patch_0016_0021,3
26_patch_0017_0000,3
26_patch_0017_0001,0
26_patch_0017_0002,1
26_patch_0017_0003,1
26_patch_0017_0004,-1
26_patch_0017_0005,2
26_patch_0017_0006,4
26_patch_0017_0007,-1
26_patch_0017_0008,1
26_patch_0017_0009,0
26_patch_0017_0010,4
26_patch_0017_0011,4
26_patch_0017_0012,3
26_patch_0017_0013,3
26_patch_0017_0014,0
26_patch_0017_0015,4
26_patch_0017_0016,3
26_patch_0017_0017,4
26_patch_0017_0018,0
26_patch_0017_0019,3
26_patch_0017_0020,3
26_patch_0017_0021,1
26_patch_0018_0000,2
26_patch_0018_0001,0
26_patch_0018_0002,3
26_patch_0018_0003,0
26_patch_0018_0004,4
26_patch_0018_0005,2
26_patch_0018_0006,-1
26_patch_0018_0007,-1
26_patch_0018_0008,4
26_patch_0018_0009,4
26_patch_0018_0010,4
26_patch_0018_0011,2
26_patch_0018_0012,1
26_patch_0018_0013,1
26_patch_0018_0014,2
26_patch_0018_0015,-1
26_patch_0018_0016,3
26_patch_0018_0017,1
26_patch_0018_0018,3
26_patch_0018_0019,4
26_patch_0018_0020,-1
26_patch_0018_0021,4
26_patch_0019_0000,1
26_patch_0019_0001,2
26_patch_0019_0002,3
26_patch_0019_0003,4
26_patch_0019_0004,2
26_patch_0019_0005,1
26_patch_0019_0006,2
26_patch_0019_0007,4
26_patch_0019_0008,4
26_patch_0019_0009,2
26_patch_0019_0010,2
26_patch_0019_0011,2
26_patch_0019_0012,4
26_patch_0019_0013,2
26_patch_0019_0014,1
26_patch_0019_0015,3
26_patch_0019_0016,4
26_patch_0019_0017,4
26_patch_0019_0018,1
26_patch_0019_0019,1
26_patch_0019_0020,3
26_patch_0019_0021,1
26_patch_0020_0000,4
26_patch_0020_0001,0
26_patch_0020_0002,-1
26_patch_0020_0003,-1
26_patch_0020_0004,2
26_patch_0020_0005,3
26_patch_0020_0006,2
26_patch_0020_0007,4
26_patch_0020_0008,1
26_patch_0020_0009,3
26_patch_0020_0010,1
26_patch_0020_0011,-1
26_patch_0020_0012,2
26_patch_0020_0013,1
26_patch_0020_0014,4
26_patch_0020_0015,2
26_patch_0020_0016,3
26_patch_0020_0017,2
26_patch_0020_0018,1
26_patch_0020_0019,2
26_patch_0020_0020,2
26_patch_0020_0021,1
26_patch_0021_0000,4
26_patch_0021_0001,2
26_patch_0021_0002,3
26_patch_0021_0003,2
26_patch_0021_0004,4
26_patch_0021_0005,4
26_patch_0021_0006,2
26_patch_0021_0007,2
26_patch_0021_0008,3
26_patch_0021_0009,1
26_patch_0021_0010,4
26_patch_0021_0011,4
26_patch_0021_0012,2
26_patch_0021_0013,0
26_patch_0021_0014,3
26_patch_0021_0015,1
26_patch_0021_0016,-1
26_patch_0021_0017,4
26_patch_0021_0018,-1
26_patch_0021_0019,4
26_patch_0021_0020,-1
26_patch_0021_0021,4
26_patch_0022_0000,1
26_patch_0022_0001,0
26_patch_0022_0002,4
26_patch_0022_0003,2
26_patch_0022_0004,4
26_patch_0022_0005,4
26_patch_0022_0006,0
26_patch_0022_0007,-1
26_patch_0022_0008,3
26_patch_0022_0009,4
26_patch_0022_0010,2
26_patch_0022_0011,4
26_patch_0022_0012,4
26_patch_0022_0013,2
26_patch_0022_0014,2
26_patch_0022_0015,3
26_patch_0022_0016,3
26_patch_0022_0017,4
26_patch_0022_0018,2
26_patch_0022_0019,3
26_patch_0022_0020,4
26_patch_0022_0021,2
27_patch_0000_0000,2
27_patch_0000_0001,4
27_patch_0000_0002,4
27_patch_0000_0003,2
27_patch_0000_0004,3
27_patch_0000_0005,-1
27_patch_0000_0006,0
27_patch_0000_0007,-1
27_patch_0000_0008,2
27_patch_0000_0009,2
27_patch_0000_0010,4
27_patch_0000_0011,3
27_patch_0000_0012,3
27_patch_0000_0013,3
27_patch_0000_0014,2
27_patch_0000_0015,1
27_patch_0000_0016,2
27_patch_0000_0017,0
27_patch_0000_0018,4
27_patch_0000_0019,3
27_patch_0000_0020,2
27_patch_0000_0021,4
27_patch_0000_0022,4
27_patch_0000_0023,2
27_patch_0000_0024,1
27_patch_0000_0025,3
27_patch_0000_0026,3
27_patch_0000_0027,1
27_patch_0000_0028,0
27_patch_0000_0029,2
27_patch_0000_0030,3
27_patch_0000_0031,0
27_patch_0001_0000,3
27_patch_0001_0001,3
27_patch_0001_0002,3
27_patch_0001_0003,0
27_patch_0001_0004,1
27_patch_0001_0005,4
27_patch_0001_0006,2
27_patch_0001_0007,1
27_patch_0001_0008,4
27_patch_0001_0009,2
27_patch_0001_0010,3
27_patch_0001_0011,4
27_patch_0001_0012,4
27_patch_0001_0013,0
27_patch_0001_0014,2
27_patch_0001_0015,3
27_patch_0001_0016,4
27_patch_0001_0017,2
27_patch_0001_0018,4
27_patch_0001_0019,1
27_patch_0001_0020,4
27_patch_0001_0021,3
27_patch_0001_0022,0
27_patch_0001_0023,1
27_patch_0001_0024,-1
27_patch_0001_0025,0
27_patch_0001_0026,3
27_patch_0001_0027,2
27_patch_0001_0028,4
27_patch_0001_0029,1
27_patch_0001_0030,4
27_patch_0001_0031,-1
27_patch_0002_0000,3
27_patch_0002_0001,3
27_patch_0002_0002,2
27_patch_0002_0003,4
27_patch_0002_0004,2
27_patch_0002_0005,2
27_patch_0002_0006,1
27_patch_0002_0007,2
27_patch_0002_0008,3
27_patch_0002_0009,4
27_patch_0002_0010,-1
27_patch_0002_0011,3
27_patch_0002_0012,3
27_patch_0002_0013,0
27_patch_0002_0014,1
27_patch_0002_0015,1
27_patch_0002_0016,0
27_patch_0002_0017,2
27_patch_0002_0018,2
27_patch_0002_0019,-1
27_patch_0002_0020,1
27_patch_0002_0021,2
27_patch_0002_0022,2
27_patch_0002_0023,2
27_patch_0002_0024,2
27_patch_0002_0025,3
27_patch_0002_0026,4
27_patch_0002_0027,4
27_patch_0002_0028,2
27_patch_0002_0029,0
27_patch_0002_0030,3
27_patch_0002_0031,1
27_patch_0003_0000,0
27_patch_0003_0001,4
27_patch_0003_0002,4
27_patch_0003_0003,0
27_patch_0003_0004,3
27_patch_0003_0005,4
27_patch_0003_0006,1
27_patch_0003_0007,1
27_patch_0003_0008,2
27_patch_0003_0009,0
27_patch_0003_0010,2
27_patch_0003_0011,0
27_patch_0003_0012,4
27_patch_0003_0013,1
27_patch_0003_0014,1
27_patch_0003_0015,0
27_patch_0003_0016,0
27_patch_0003_0017,-1
27_patch_0003_0018,4
27_patch_0003_0019,4
27_patch_0003_0020,3
27_patch_0003_0021,0
27_patch_0003_0022,1
27_patch_0003_0023,3
27_patch_0003_0024,3
27_patch_0003_0025,4
27_patch_0003_0026,1
27_patch_0003_0027,1
27_patch_0003_0028,2
27_patch_0003_0029,2
27_patch_0003_0030,3
27_patch_0003_0031,4
27_patch_0004_0000,4
27_patch_0004_0001,2
27_patch_0004_0002,1
27_patch_0004_0003,0
27_patch_0004_0004,3
27_patch_0004_0005,3
27_patch_0004_0006,4
27_patch_0004_0007,2
27_patch_0004_0008,0
27_patch_0004_0009,1
27_patch_0004_0010,4
27_patch_0004_0011,2
27_patch_0004_0012,4
27_patch_0004_0013,3
27_patch_0004_0014,4
27_patch_0004_0015,3
27_patch_0004_0016,4
27_patch_0004_0017,-1
27_patch_0004_0018,3
27_patch_0004_0019,2
27_patch_0004_0020,2
27_patch_0004_0021,-1
27_patch_0004_0022,3
27_patch_0004_0023,4
27_patch_0004_0024,2
27_patch_0004_0025,1
27_patch_0004_0026,2
27_patch_0004_0027,1
27_patch_0004_0028,3
27_patch_0004_0029,3
27_patch_0004_0030,1
27_patch_0004_0031,4
27_patch_0005_0000,3
27_patch_0005_0001,3
27_patch_0005_0002,2
27_patch_0005_0003,3
27_patch_0005_0004,4
27_patch_0005_0005,2
27_patch_0005_0006,1
27_patch_0005_0007,4
27_patch_0005_0008,0
27_patch_0005_0009,1
27_patch_0005_0010,2
27_patch_0005_0011,1
27_patch_0005_0012,4
27_patch_0005_0013,3
27_patch_0005_0014,-1
27_patch_0005_0015,3
27_patch_0005_0016,0
27_patch_0005_0017,1
27_patch_0005_0018,-1
27_patch_0005_0019,0
27_patch_0005_0020,2
27_patch_0005_0021,1
27_patch_0005_0022,0
27_patch_0005_0023,-1
27_patch_0005_0024,0
27_patch_0005_0025,1
27_patch_0005_0026,4
27_patch_0005_0027,1
27_patch_0005_0028,-1
27_patch_0005_0029,3
27_patch_0005_0030,1
27_patch_0005_0031,3
27_patch_0006_0000,4
27_patch_0006_0001,4
27_patch_0006_0002,1
27_patch_0006_0003,4
27_patch_0006_0004,1
27_patch_0006_0005,0
27_patch_0006_0006,2
27_patch_0006_0007,3
27_patch_0006_0008,2
27_patch_0006_0009,2
27_patch_0006_0010,4
27_patch_0006_0011,1
27_patch_0006_0012,2
27_patch_0006_0013,1
27_patch_0006_0014,2
27_patch_0006_0015,0
27_patch_0006_0016,2
27_patch_0006_0017,2
27_patch_0006_0018,-1
27_patch_0006_0019,1
27_patch_0006_0020,4
27_patch_0006_0021,-1
27_patch_0006_0022,0
27_patch_0006_0023,3
27_patch_0006_0024,1
27_patch_0006_0025,0
27_patch_0006_0026,4
27_patch_0006_0027,3
27_patch_0006_0028,1
27_patch_0006_0029,0
27_patch_0006_0030,-1
27_patch_0006_0031,2
27_patch_0007_0000,4
27_patch_0007_0001,4
27_patch_0007_0002,3
27_patch_0007_0003,3
27_patch_0007_0004,-1
27_patch_0007_0005,3
27_patch_0007_0006,3
27_patch_0007_0007,2
27_patch_0007_0008,3
27_patch_0007_0009,1
27_patch_0007_0010,1
27_patch_0007_0011,1
27_patch_0007_0012,3
27_patch_0007_0013,0
27_patch_0007_0014,1
27_patch_0007_0015,2
27_patch_0007_0016,3
27_patch_0007_0017,2
27_patch_0007_0018,4
27_patch_0007_0019,4
27_patch_0007_0020,4
27_patch_0007_0021,3
27_patch_0007_0022,-1
27_patch_0007_0023,2
27_patch_0007_0024,4
27_patch_0007_0025,-1
27_patch_0007_0026,1
27_patch_0007_0027,4
27_patch_0007_0028,2
27_patch_0007_0029,3
27_patch_0007_0030,0
27_patch_0007_0031,2
27_patch_0008_0000,4
27_patch_0008_0001,4
27_patch_0008_0002,4
27_patch_0008_0003,-1
27_patch_0008_0004,-1
27_patch_0008_0005,3
27_patch_0008_0006,3
27_patch_0008_0007,1
27_patch_0008_0008,2
27_patch_0008_0009,1
27_patch_0008_0010,0
27_patch_0008_0011,0
27_patch_0008_0012,-1
27_patch_0008_0013,1
27_patch_0008_0014,2
27_patch_0008_0015,2
27_patch_0008_0016,2
27_patch_0008_0017,-1
27_patch_0008_0018,1
27_patch_0008_0019,3
27_patch_0008_0020,2
27_patch_0008_0021,4
27_patch_0008_0022,1
27_patch_0008_0023,3
27_patch_0008_0024,2
27_patch_0008_0025,-1
27_patch_0008_0026,2
27_patch_0008_0027,4
27_patch_0008_0028,3
27_patch_0008_0029,1
27_patch_0008_0030,-1
27_patch_0008_0031,-1
27_patch_0009_0000,4
27_patch_0009_0001,-1
27_patch_0009_0002,2
27_patch_0009_0003,0
27_patch_0009_0004,2
27_patch_0009_0005,3
27_patch_0009_0006,0
27_patch_0009_0007,4
27_patch_0009_0008,2
27_patch_0009_0009,-1
27_patch_0009_0010,3
27_patch_0009_0011,1
27_patch_0009_0012,3
27_patch_0009_0013,0
27_patch_0009_0014,2
27_patch_0009_0015,1
27_patch_0009_0016,-1
27_patch_0009_0017,1
27_patch_0009_0018,1
27_patch_0009_0019,2
27_patch_0009_0020,-1
27_patch_0009_0021,3
27_patch_0009_0022,2
27_patch_0009_0023,2
27_patch_0009_0024,4
27_patch_0009_0025,-1
27_patch_0009_0026,-1
27_patch_0009_0027,2
27_patch_0009_0028,1
27_patch_0009_0029,2
27_patch_0009_0030,0
27_patch_0009_0031,4
27_patch_0010_0000,1
27_patch_0010_0001,1
27_patch_0010_0002,4
27_patch_0010_0003,-1
27_patch_0010_0004,2
27_patch_0010_0005,1
27_patch_0010_0006,4
27_patch_0010_0007,1
27_patch_0010_0008,4
27_patch_0010_0009,3
27_patch_0010_0010,4
27_patch_0010_0011,1
27_patch_0010_0012,2
27_patch_0010_0013,1
27_patch_0010_0014,1
27_patch_0010_0015,2
27_patch_0010_0016,0
27_patch_0010_0017,3
27_patch_0010_0018,2
27_patch_0010_0019,1
27_patch_0010_0020,4
27_patch_0010_0021,1
27_patch_0010_0022,3
27_patch_0010_0023,-1
27_patch_0010_0024,-1
27_patch_0010_0025,2
27_patch_0010_0026,-1
27_patch_0010_0027,4
27_patch_0010_0028,3
27_patch_0010_0029,3
27_patch_0010_0030,2
27_patch_0010_0031,4
27_patch_0011_0000,4
27_patch_0011_0001,1
27_patch_0011_0002,3
27_patch_0011_0003,3
27_patch_0011_0004,4
27_patch_0011_0005,-1
27_patch_0011_0006,4
27_patch_0011_0007,4
27_patch_0011_0008,0
27_patch_0011_0009,4
27_patch_0011_0010,2
27_patch_0011_0011,2
27_patch_0011_0012,2
27_patch_0011_0013,4
27_patch_0011_0014,2
27_patch_0011_0015,3
27_patch_0011_0016,1
27_patch_0011_0017,0
27_patch_0011_0018,4
27_patch_0011_0019,4
27_patch_0011_0020,4
27_patch_0011_0021,1
27_patch_0011_0022,3
27_patch_0011_0023,2
27_patch_0011_0024,1
27_patch_0011_0025,1
27_patch_0011_0026,2
27_patch_0011_0027,4
27_patch_0011_0028,0
27_patch_0011_0029,3
27_patch_0011_0030,1
27_patch_0011_0031,1
27_patch_0012_0000,2
27_patch_0012_0001,3
27_patch_0012_0002,-1
27_patch_0012_0003,4
27_patch_0012_0004,1
27_patch_0012_0005,2
27_patch_0012_0006,-1
27_patch_0012_0007,0
27_patch_0012_0008,-1
27_patch_0012_0009,3
27_patch_0012_0010,4
27_patch_0012_0011,3
27_patch_0012_0012,1
27_patch_0012_0013,3
27_patch_0012_0014,3
27_patch_0012_0015,1
27_patch_0012_0016,2
27_patch_0012_0017,0
27_patch_0012_0018,4
27_patch_0012_0019,3
27_patch_0012_0020,1
27_patch_0012_0021,1
27_patch_0012_0022,3
27_patch_0012_0023,2
27_patch_0012_0024,1
27_patch_0012_0025,1
27_patch_0012_0026,2
27_patch_0012_0027,1
27_patch_0012_0028,3
27_patch_0012_0029,3
27_patch_0012_0030,2
27_patch_0012_0031,-1
27_patch_0013_0000,2
27_patch_0013_0001,0
27_patch_0013_0002,2
27_patch_0013_0003,2
27_patch_0013_0004,1
27_patch_0013_0005,2
27_patch_0013_0006,3
27_patch_0013_0007,4
27_patch_0013_0008,2
27_patch_0013_0009,0
27_patch_0013_0010,1
27_patch_0013_0011,2
27_patch_0013_0012,4
27_patch_0013_0013,2
27_patch_0013_0014,0
27_patch_0013_0015,0
27_patch_0013_0016,3
27_patch_0013_0017,3
27_patch_0013_0018,-1
27_patch_0013_0019,4
27_patch_0013_0020,2
27_patch_0013_0021,4
27_patch_0013_0022,-1
27_patch_0013_0023,2
27_patch_0013_0024,0
27_patch_0013_0025,1
27_patch_0013_0026,0
27_patch_0013_0027,4
27_patch_0013_0028,4
27_patch_0013_0029,-1
27_patch_0013_0030,4
27_patch_0013_0031,3
27_patch_0014_0000,3
27_patch_0014_0001,1
27_patch_0014_0002,3
27_patch_0014_0003,-1
27_patch_0014_0004,3
27_patch_0014_0005,4
27_patch_0014_0006,3
27_patch_0014_0007,1
27_patch_0014_0008,4
27_patch_0014_0009,-1
27_patch_0014_0010,1
27_patch_0014_0011,2
27_patch_0014_0012,1
27_patch_0014_0013,4
27_patch_0014_0014,1
27_patch_0014_0015,4
27_patch_0014_0016,0
27_patch_0014_0017,1
27_patch_0014_0018,2
27_patch_0014_0019,3
27_patch_0014_0020,4
27_patch_0014_0021,1
27_patch_0014_0022,4
27_patch_0014_0023,3
27_patch_0014_0024,2
27_patch_0014_0025,-1
27_patch_0014_0026,2
27_patch_0014_0027,3
27_patch_0014_0028,3
27_patch_0014_0029,4
27_patch_0014_0030,3
27_patch_0014_0031,4
27_patch_0015_0000,3
27_patch_0015_0001,1
27_patch_0015_0002,4
27_patch_0015_0003,-1
27_patch_0015_0004,4
27_patch_0015_0005,2
27_patch_0015_0006,4
27_patch_0015_0007,3
27_patch_0015_0008,2
27_patch_0015_0009,4
27_patch_0015_0010,1
27_patch_0015_0011,4
27_patch_0015_0012,2
27_patch_0015_0013,-1
27_patch_0015_0014,2
27_patch_0015_0015,4
27_patch_0015_0016,4
27_patch_0015_0017,3
27_patch_0015_0018,-1
27_patch_0015_0019,4
27_patch_0015_0020,4
27_patch_0015_0021,1
27_patch_0015_0022,1
27_patch_0015_0023,4
27_patch_0015_0024,2
27_patch_0015_0025,4
27_patch_0015_0026,2
27_patch_0015_0027,2
27_patch_0015_0028,1
27_patch_0015_0029,3
27_patch_0015_0030,3
27_patch_0015_0031,3
27_patch_0016_0000,1
27_patch_0016_0001,2
27_patch_0016_0002,4
27_patch_0016_0003,2
27_patch_0016_0004,2
27_patch_0016_0005,3
27_patch_0016_0006,4
27_patch_0016_0007,1
27_patch_0016_0008,3
27_patch_0016_0009,-1
27_patch_0016_0010,1
27_patch_0016_0011,1
27_patch_0016_0012,1
27_patch_0016_0013,2
27_patch_0016_0014,0
27_patch_0016_0015,2
27_patch_0016_0016,1
27_patch_0016_0017,-1
27_patch_0016_0018,4
27_patch_0016_0019,2
27_patch_0016_0020,4
27_patch_0016_0021,1
27_patch_0016_0022,3
27_patch_0016_0023,4
27_patch_0016_0024,1
27_patch_0016_0025,-1
27_patch_0016_0026,2
27_patch_0016_0027,2
27_patch_0016_0028,2
27_patch_0016_0029,0
27_patch_0016_0030,-1
27_patch_0016_0031,1
27_patch_0017_0000,3
27_patch_0017_0001,1
27_patch_0017_0002,1
27_patch_0017_0003,4
27_patch_0017_0004,-1
27_patch_0017_0005,4
27_patch_0017_0006,2
27_patch_0017_0007,4
27_patch_0017_0008,-1
27_patch_0017_0009,4
27_patch_0017_0010,4
27_patch_0017_0011,4
27_patch_0017_0012,4
27_patch_0017_0013,-1
27_patch_0017_0014,3
27_patch_0017_0015,3
27_patch_0017_0016,3
27_patch_0017_0017,1
27_patch_0017_0018,3
27_patch_0017_0019,4
27_patch_0017_0020,-1
27_patch_0017_0021,1
27_patch_0017_0022,4
27_patch_0017_0023,1
27_patch_0017_0024,2
27_patch_0017_0025,4
27_patch_0017_0026,4
27_patch_0017_0027,3
27_patch_0017_0028,0
27_patch_0017_0029,4
27_patch_0017_0030,2
27_patch_0017_0031,1
27_patch_0018_0000,4
27_patch_0018_0001,-1
27_patch_0018_0002,1
27_patch_0018_0003,1
27_patch_0018_0004,1
27_patch_0018_0005,2
27_patch_0018_0006,3
27_patch_0018_0007,2
27_patch_0018_0008,3
27_patch_0018_0009,3
27_patch_0018_0010,2
27_patch_0018_0011,4
27_patch_0018_0012,3
27_patch_0018_0013,4
27_patch_0018_0014,2
27_patch_0018_0015,1
27_patch_0018_0016,1
27_patch_0018_0017,4
27_patch_0018_0018,3
27_patch_0018_0019,4
27_patch_0018_0020,2
27_patch_0018_0021,2
27_patch_0018_0022,3
27_patch_0018_0023,-1
27_patch_0018_0024,0
27_patch_0018_0025,3
27_patch_0018_0026,3
27_patch_0018_0027,-1
27_patch_0018_0028,2
27_patch_0018_0029,3
27_patch_0018_0030,-1
27_patch_0018_0031,3
27_patch_0019_0000,3
27_patch_0019_0001,4
27_patch_0019_0002,2
27_patch_0019_0003,1
27_patch_0019_0004,4
27_patch_0019_0005,3
27_patch_0019_0006,3
27_patch_0019_0007,0
27_patch_0019_0008,0
27_patch_0019_0009,-1
27_patch_0019_0010,-1
27_patch_0019_0011,4
27_patch_0019_0012,2
27_patch_0019_0013,-1
27_patch_0019_0014,3
27_patch_0019_0015,2
27_patch_0019_0016,4
27_patch_0019_0017,1
27_patch_0019_0018,3
27_patch_0019_0019,1
27_patch_0019_0020,2
27_patch_0019_0021,2
27_patch_0019_0022,-1
27_patch_0019_0023,0
27_patch_0019_0024,1
27_patch_0019_0025,1
27_patch_0019_0026,1
27_patch_0019_0027,1
27_patch_0019_0028,4
27_patch_0019_0029,-1
27_patch_0019_0030,1
27_patch_0019_0031,0
27_patch_0020_0000,2
27_patch_0020_0001,3
27_patch_0020_0002,3
27_patch_0020_0003,3
27_patch_0020_0004,3
27_patch_0020_0005,3
27_patch_0020_0006,4
27_patch_0020_0007,4
27_patch_0020_0008,4
27_patch_0020_0009,0
27_patch_0020_0010,-1
27_patch_0020_0011,0
27_patch_0020_0012,2
27_patch_0020_0013,0
27_patch_0020_0014,4
27_patch_0020_0015,0
27_patch_0020_0016,3
27_patch_0020_0017,4
27_patch_0020_0018,4
27_patch_0020_0019,0
27_patch_0020_0020,4
27_patch_0020_0021,1
27_patch_0020_0022,2
27_patch_0020_0023,2
27_patch_0020_0024,2
27_patch_0020_0025,-1
27_patch_0020_0026,4
27_patch_0020_0027,4
27_patch_0020_0028,0
27_patch_0020_0029,0
27_patch_0020_0030,3
27_patch_0020_0031,4
27_patch_0021_0000,1
27_patch_0021_0001,1
27_patch_0021_0002,4
27_patch_0021_0003,4
27_patch_0021_0004,2
27_patch_0021_0005,4
27_patch_0021_0006,2
27_patch_0021_0007,-1
27_patch_0021_0008,-1
27_patch_0021_0009,-1
27_patch_0021_0010,-1
27_patch_0021_0011,2
27_patch_0021_0012,3
27_patch_0021_0013,4
27_patch_0021_0014,3
27_patch_0021_0015,0
27_patch_0021_0016,3
27_patch_0021_0017,2
27_patch_0021_0018,-1
27_patch_0021_0019,2
27_patch_0021_0020,4
27_patch_0021_0021,2
27_patch_0021_0022,3
27_patch_0021_0023,1
27_patch_0021_0024,-1
27_patch_0021_0025,1
27_patch_0021_0026,3
27_patch_0021_0027,4
27_patch_0021_0028,1
27_patch_0021_0029,1
27_patch_0021_0030,2
27_patch_0021_0031,1
27_patch_0022_0000,4
27_patch_0022_0001,1
27_patch_0022_0002,2
27_patch_0022_0003,0
27_patch_0022_0004,2
27_patch_0022_0005,0
27_patch_0022_0006,3
27_patch_0022_0007,3
27_patch_0022_0008,2
27_patch_0022_0009,-1
27_patch_0022_0010,2
27_patch_0022_0011,2
27_patch_0022_0012,2
27_patch_0022_0013,3
27_patch_0022_0014,1
27_patch_0022_0015,3
27_patch_0022_0016,3
27_patch_0022_0017,-1
27_patch_0022_0018,1
27_patch_0022_0019,4
27_patch_0022_0020,2
27_patch_0022_0021,1
27_patch_0022_0022,1
27_patch_0022_0023,-1
27_patch_0022_0024,3
27_patch_0022_0025,2
27_patch_0022_0026,3
27_patch_0022_0027,2
27_patch_0022_0028,4
27_patch_0022_0029,3
27_patch_0022_0030,2
27_patch_0022_0031,3
28_patch_0000_0000,2
28_patch_0000_0001,4
28_patch_0000_0002,3
28_patch_0000_0003,1
28_patch_0000_0004,1
28_patch_0000_0005,4
28_patch_0000_0006,1
28_patch_0000_0007,1
28_patch_0000_0008,3
28_patch_0000_0009,2
28_patch_0000_0010,2
28_patch_0000_0011,-1
28_patch_0000_0012,3
28_patch_0000_0013,3
28_patch_0000_0014,2
28_patch_0000_0015,1
28_patch_0000_0016,0
28_patch_0000_0017,-1
28_patch_0000_0018,3
28_patch_0000_0019,1
28_patch_0000_0020,4
28_patch_0000_0021,-1
28_patch_0000_0022,1
28_patch_0000_0023,0
28_patch_0000_0024,1
28_patch_0000_0025,2
28_patch_0000_0026,1
28_patch_0001_0000,2
28_patch_0001_0001,3
28_patch_0001_0002,-1
28_patch_0001_0003,2
28_patch_0001_0004,1
28_patch_0001_0005,1
28_patch_0001_0006,2
28_patch_0001_0007,3
28_patch_0001_0008,2
28_patch_0001_0009,-1
28_patch_0001_0010,3
28_patch_0001_0011,4
28_patch_0001_0012,4
28_patch_0001_0013,3
28_patch_0001_0014,3
28_patch_0001_0015,2
28_patch_0001_0016,2
28_patch_0001_0017,4
28_patch_0001_0018,3
28_patch_0001_0019,2
28_patch_0001_0020,2
28_patch_0001_0021,3
28_patch_0001_0022,2
28_patch_0001_0023,4
28_patch_0001_0024,2
28_patch_0001_0025,2
28_patch_0001_0026,2
28_patch_0002_0000,4
28_patch_0002_0001,4
28_patch_0002_0002,2
28_patch_0002_0003,2
28_patch_0002_0004,2
28_patch_0002_0005,2
28_patch_0002_0006,3
28_patch_0002_0007,0
28_patch_0002_0008,3
28_patch_0002_0009,2
28_patch_0002_0010,2
28_patch_0002_0011,0
28_patch_0002_0012,3
28_patch_0002_0013,2
28_patch_0002_0014,4
28_patch_0002_0015,3
28_patch_0002_0016,4
28_patch_0002_0017,2
28_patch_0002_0018,-1
28_patch_0002_0019,-1
28_patch_0002_0020,1
28_patch_0002_0021,0
28_patch_0002_0022,4
28_patch_0002_0023,3
28_patch_0002_0024,1
28_patch_0002_0025,2
28_patch_0002_0026,3
28_patch_0003_0000,1
28_patch_0003_0001,2
28_patch_0003_0002,0
28_patch_0003_0003,4
28_patch_0003_0004,-1
28_patch_0003_0005,1
28_patch_0003_0006,2
28_patch_0003_0007,-1
28_patch_0003_0008,1
28_patch_0003_0009,2
28_patch_0003_0010,1
28_patch_0003_0011,4
28_patch_0003_0012,1
28_patch_0003_0013,3
28_patch_0003_0014,2
28_patch_0003_0015,2
28_patch_0003_0016,4
28_patch_0003_0017,3
28_patch_0003_0018,2
28_patch_0003_0019,2
28_patch_0003_0020,2
28_patch_0003_0021,1
28_patch_0003_0022,2
28_patch_0003_0023,3
28_patch_0003_0024,1
28_patch_0003_0025,1
28_patch_0003_0026,1
28_patch_0004_0000,4
28_patch_0004_0001,2
28_patch_0004_0002,1
28_patch_0004_0003,4
28_patch_0004_0004,1
28_patch_0004_0005,0
28_patch_0004_0006,4
28_patch_0004_0007,0
28_patch_0004_0008,4
28_patch_0004_0009,4
28_patch_0004_0010,2
28_patch_0004_0011,1
28_patch_0004_0012,1
28_patch_0004_0013,4
28_patch_0004_0014,4
28_patch_0004_0015,4
28_patch_0004_0016,4
28_patch_0004_0017,2
28_patch_0004_0018,0
28_patch_0004_0019,3
28_patch_0004_0020,2
28_patch_0004_0021,2
28_patch_0004_0022,3
28_patch_0004_0023,-1
28_patch_0004_0024,3
28_patch_0004_0025,3
28_patch_0004_0026,3
28_patch_0005_0000,3
28_patch_0005_0001,-1
28_patch_0005_0002,1
28_patch_0005_0003,3
28_patch_0005_0004,2
28_patch_0005_0005,4
28_patch_0005_0006,3
28_patch_0005_0007,2
28_patch_0005_0008,1
28_patch_0005_0009,2
28_patch_0005_0010,1
28_patch_0005_0011,-1
28_patch_0005_0012,1
28_patch_0005_0013,3
28_patch_0005_0014,3
28_patch_0005_0015,2
28_patch_0005_0016,4
28_patch_0005_0017,1
28_patch_0005_0018,1
28_patch_0005_0019,4
28_patch_0005_0020,2
28_patch_0005_0021,4
28_patch_0005_0022,4
28_patch_0005_0023,3
28_patch_0005_0024,2
28_patch_0005_0025,1
28_patch_0005_0026,0
28_patch_0006_0000,2
28_patch_0006_0001,2
28_patch_0006_0002,2
28_patch_0006_0003,3
28_patch_0006_0004,4
28_patch_0006_0005,3
28_patch_0006_0006,3
28_patch_0006_0007,4
28_patch_0006_0008,3
28_patch_0006_0009,4
28_patch_0006_0010,-1
28_patch_0006_0011,4
28_patch_0006_0012,0
28_patch_0006_0013,4
28_patch_0006_0014,2
28_patch_0006_0015,0
28_patch_0006_0016,4
28_patch_0006_0017,2
28_patch_0006_0018,-1
28_patch_0006_0019,4
28_patch_0006_0020,0
28_patch_0006_0021,1
28_patch_0006_0022,1
28_patch_0006_0023,-1
28_patch_0006_0024,2
28_patch_0006_0025,2
28_patch_0006_0026,2
28_patch_0007_0000,3
28_patch_0007_0001,1
28_patch_0007_0002,-1
28_patch_0007_0003,4
28_patch_0007_0004,1
28_patch_0007_0005,1
28_patch_0007_0006,3
28_patch_0007_0007,4
28_patch_0007_0008,1
28_patch_0007_0009,3
28_patch_0007_0010,0
28_patch_0007_0011,2
28_patch_0007_0012,1
28_patch_0007_0013,3
28_patch_0007_0014,0
28_patch_0007_0015,2
28_patch_0007_0016,4
28_patch_0007_0017,4
28_patch_0007_0018,4
28_patch_0007_0019,1
28_patch_0007_0020,3
28_patch_0007_0021,4
28_patch_0007_0022,3
28_patch_0007_0023,2
28_patch_0007_0024,3
28_patch_0007_0025,3
28_patch_0007_0026,4
28_patch_0008_0000,4
28_patch_0008_0001,3
28_patch_0008_0002,2
28_patch_0008_0003,3
28_patch_0008_0004,2
28_patch_0008_0005,2
28_patch_0008_0006,4
28_patch_0008_0007,3
28_patch_0008_0008,-1
28_patch_0008_0009,-1
28_patch_0008_0010,-1
28_patch_0008_0011,1
28_patch_0008_0012,1
28_patch_0008_0013,4
28_patch_0008_0014,3
28_patch_0008_0015,3
28_patch_0008_0016,0
28_patch_0008_0017,2
28_patch_0008_0018,-1
28_patch_0008_0019,4
28_patch_0008_0020,1
28_patch_0008_0021,-1
28_patch_0008_0022,1
28_patch_0008_0023,3
28_patch_0008_0024,2
28_patch_0008_0025,4
28_patch_0008_0026,4
28_patch_0009_0000,1
28_patch_0009_0001,3
28_patch_0009_0002,1
28_patch_0009_0003,2
28_patch_0009_0004,2
28_patch_0009_0005,0
28_patch_0009_0006,4
28_patch_0009_0007,1
28_patch_0009_0008,3
28_patch_0009_0009,1
28_patch_0009_0010,4
28_patch_0009_0011,4
28_patch_0009_0012,4
28_patch_0009_0013,3
28_patch_0009_0014,-1
28_patch_0009_0015,1
28_patch_0009_0016,3
28_patch_0009_0017,3
28_patch_0009_0018,2
28_patch_0009_0019,0
28_patch_0009_0020,0
28_patch_0009_0021,0
28_patch_0009_0022,2
28_patch_0009_0023,2
28_patch_0009_0024,4
28_patch_0009_0025,4
28_patch_0009_0026,1
28_patch_0010_0000,1
28_patch_0010_0001,3
28_patch_0010_0002,3
28_patch_0010_0003,3
28_patch_0010_0004,1
28_patch_0010_0005,3
28_patch_0010_0006,1
28_patch_0010_0007,1
28_patch_0010_0008,2
28_patch_0010_0009,1
28_patch_0010_0010,4
28_patch_0010_0011,2
28_patch_0010_0012,3
28_patch_0010_0013,0
28_patch_0010_0014,2
28_patch_0010_0015,2
28_patch_0010_0016,1
28_patch_0010_0017,4
28_patch_0010_0018,1
28_patch_0010_0019,0
28_patch_0010_0020,2
28_patch_0010_0021,3
28_patch_0010_0022,4
28_patch_0010_0023,-1
28_patch_0010_0024,1
28_patch_0010_0025,3
28_patch_0010_0026,2
28_patch_0011_0000,3
28_patch_0011_0001,1
28_patch_0011_0002,4
28_patch_0011_0003,-1
28_patch_0011_0004,2
28_patch_0011_0005,2
28_patch_0011_0006,3
28_patch_0011_0007,0
28_patch_0011_0008,4
28_patch_0011_0009,-1
28_patch_0011_0010,-1
28_patch_0011_0011,3
28_patch_0011_0012,1
28_patch_0011_0013,3
28_patch_0011_0014,3
28_patch_0011_0015,4
28_patch_0011_0016,0
28_patch_0011_0017,4
28_patch_0011_0018,2
28_patch_0011_0019,1
28_patch_0011_0020,1
28_patch_0011_0021,3
28_patch_0011_0022,4
28_patch_0011_0023,-1
28_patch_0011_0024,0
28_patch_0011_0025,-1
28_patch_0011_0026,1
28_patch_0012_0000,2
28_patch_0012_0001,1
28_patch_0012_0002,3
28_patch_0012_0003,4
28_patch_0012_0004,2
28_patch_0012_0005,4
28_patch_0012_0006,1
28_patch_0012_0007,2
28_patch_0012_0008,4
28_patch_0012_0009,2
28_patch_0012_0010,2
28_patch_0012_0011,3
28_patch_0012_0012,0
28_patch_0012_0013,1
28_patch_0012_0014,3
28_patch_0012_0015,1
28_patch_0012_0016,-1
28_patch_0012_0017,3
28_patch_0012_0018,1
28_patch_0012_0019,4
28_patch_0012_0020,2
28_patch_0012_0021,4
28_patch_0012_0022,1
28_patch_0012_0023,2
28_patch_0012_0024,2
28_patch_0012_0025,1
28_patch_0012_0026,2
28_patch_0013_0000,2
28_patch_0013_0001,3
28_patch_0013_0002,1
28_patch_0013_0003,0
28_patch_0013_0004,3
28_patch_0013_0005,-1
28_patch_0013_0006,-1
28_patch_0013_0007,1
28_patch_0013_0008,2
28_patch_0013_0009,4
28_patch_0013_0010,1
28_patch_0013_0011,2
28_patch_0013_0012,0
28_patch_0013_0013,3
28_patch_0013_0014,0
28_patch_0013_0015,1
28_patch_0013_0016,3
28_patch_0013_0017,2
28_patch_0013_0018,-1
28_patch_0013_0019,4
28_patch_0013_0020,-1
28_patch_0013_0021,1
28_patch_0013_0022,1
28_patch_0013_0023,1
28_patch_0013_0024,1
28_patch_0013_0025,2
28_patch_0013_0026,4
28_patch_0014_0000,1
28_patch_0014_0001,0
28_patch_0014_0002,-1
28_patch_0014_0003,2
28_patch_0014_0004,2
28_patch_0014_0005,-1
28_patch_0014_0006,4
28_patch_0014_0007,-1
28_patch_0014_0008,4
28_patch_0014_0009,1
28_patch_0014_0010,1
28_patch_0014_0011,4
28_patch_0014_0012,0
28_patch_0014_0013,4
28_patch_0014_0014,2
28_patch_0014_0015,1
28_patch_0014_0016,0
28_patch_0014_0017,4
28_patch_0014_0018,-1
28_patch_0014_0019,-1
28_patch_0014_0020,4
28_patch_0014_0021,2
28_patch_0014_0022,2
28_patch_0014_0023,3
28_patch_0014_0024,4
28_patch_0014_0025,-1
28_patch_0014_0026,1
28_patch_0015_0000,3
28_patch_0015_0001,-1
28_patch_0015_0002,3
28_patch_0015_0003,2
28_patch_0015_0004,2
28_patch_0015_0005,4
28_patch_0015_0006,2
28_patch_0015_0007,0
28_patch_0015_0008,2
28_patch_0015_0009,4
28_patch_0015_0010,1
28_patch_0015_0011,0
28_patch_0015_0012,1
28_patch_0015_0013,-1
28_patch_0015_0014,2
28_patch_0015_0015,3
28_patch_0015_0016,1
28_patch_0015_0017,-1
28_patch_0015_0018,0
28_patch_0015_0019,4
28_patch_0015_0020,2
28_patch_0015_0021,3
28_patch_0015_0022,4
28_patch_0015_0023,2
28_patch_0015_0024,1
28_patch_0015_0025,2
28_patch_0015_0026,4
28_patch_0016_0000,1
28_patch_0016_0001,1
28_patch_0016_0002,-1
28_patch_0016_0003,4
28_patch_0016_0004,-1
28_patch_0016_0005,2
28_patch_0016_0006,1
28_patch_0016_0007,1
28_patch_0016_0008,2
28_patch_0016_0009,2
28_patch_0016_0010,0
28_patch_0016_0011,4
28_patch_0016_0012,3
28_patch_0016_0013,2
28_patch_0016_0014,2
28_patch_0016_0015,4
28_patch_0016_0016,4
28_patch_0016_0017,0
28_patch_0016_0018,3
28_patch_0016_0019,1
28_patch_0016_0020,3
28_patch_0016_0021,1
28_patch_0016_0022,2
28_patch_0016_0023,-1
28_patch_0016_0024,4
28_patch_0016_0025,3
28_patch_0016_0026,1
28_patch_0017_0000,3
28_patch_0017_0001,-1
28_patch_0017_0002,0
28_patch_0017_0003,0
28_patch_0017_0004,1
28_patch_0017_0005,4
28_patch_0017_0006,2
28_patch_0017_0007,-1
28_patch_0017_0008,0
28_patch_0017_0009,-1
28_patch_0017_0010,-1
28_patch_0017_0011,3
28_patch_0017_0012,1
28_patch_0017_0013,3
28_patch_0017_0014,0
28_patch_0017_0015,0
28_patch_0017_0016,1
28_patch_0017_0017,3
28_patch_0017_0018,2
28_patch_0017_0019,3
28_patch_0017_0020,1
28_patch_0017_0021,4
28_patch_0017_0022,3
28_patch_0017_0023,4
28_patch_0017_0024,4
28_patch_0017_0025,4
28_patch_0017_0026,4
28_patch_0018_0000,4
28_patch_0018_0001,3
28_patch_0018_0002,3
28_patch_0018_0003,4
28_patch_0018_0004,4
28_patch_0018_0005,2
28_patch_0018_0006,0
28_patch_0018_0007,2
28_patch_0018_0008,1
28_patch_0018_0009,3
28_patch_0018_0010,1
28_patch_0018_0011,0
28_patch_0018_0012,4
28_patch_0018_0013,0
28_patch_0018_0014,4
28_patch_0018_0015,2
28_patch_0018_0016,2
28_patch_0018_0017,2
28_patch_0018_0018,4
28_patch_0018_0019,0
28_patch_0018_0020,2
28_patch_0018_0021,1
28_patch_0018_0022,-1
28_patch_0018_0023,-1
28_patch_0018_0024,2
28_patch_0018_0025,4
28_patch_0018_0026,1
29_patch_0000_0000,1
29_patch_0000_0001,4
29_patch_0000_0002,4
29_patch_0000_0003,4
29_patch_0000_0004,3
29_patch_0000_0005,1
29_patch_0000_0006,2
29_patch_0000_0007,-1
29_patch_0000_0008,1
29_patch_0000_0009,1
29_patch_0000_0010,3
29_patch_0000_0011,1
29_patch_0000_0012,1
29_patch_0000_0013,4
29_patch_0000_0014,3
29_patch_0000_0015,1
29_patch_0000_0016,3
29_patch_0000_0017,4
29_patch_0000_0018,2
29_patch_0000_0019,3
29_patch_0000_0020,4
29_patch_0000_0021,2
29_patch_0000_0022,0
29_patch_0000_0023,2
29_patch_0000_0024,-1
29_patch_0000_0025,1
29_patch_0000_0026,2
29_patch_0000_0027,2
29_patch_0000_0028,4
29_patch_0000_0029,-1
29_patch_0001_0000,1
29_patch_0001_0001,3
29_patch_0001_0002,2
29_patch_0001_0003,4
29_patch_0001_0004,-1
29_patch_0001_0005,1
29_patch_0001_0006,1
29_patch_0001_0007,1
29_patch_0001_0008,1
29_patch_0001_0009,1
29_patch_0001_0010,-1
29_patch_0001_0011,-1
29_patch_0001_0012,1
29_patch_0001_0013,3
29_patch_0001_0014,2
29_patch_0001_0015,1
29_patch_0001_0016,0
29_patch_0001_0017,3
29_patch_0001_0018,1
29_patch_0001_0019,4
29_patch_0001_0020,2
29_patch_0001_0021,0
29_patch_0001_0022,0
29_patch_0001_0023,3
29_patch_0001_0024,1
29_patch_0001_0025,2
29_patch_0001_0026,2
29_patch_0001_0027,3
29_patch_0001_0028,1
29_patch_0001_0029,1
29_patch_0002_0000,-1
29_patch_0002_0001,4
29_patch_0002_0002,2
29_patch_0002_0003,1
29_patch_0002_0004,0
29_patch_0002_0005,3
29_patch_0002_0006,4
29_patch_0002_0007,1
29_patch_0002_0008,2
29_patch_0002_0009,1
29_patch_0002_0010,2
29_patch_0002_0011,2
29_patch_0002_0012,1
29_patch_0002_0013,3
29_patch_0002_0014,3
29_patch_0002_0015,3
29_patch_0002_0016,4
29_patch_0002_0017,2
29_patch_0002_0018,2
29_patch_0002_0019,3
29_patch_0002_0020,4
29_patch_0002_0021,3
29_patch_0002_0022,1
29_patch_0002_0023,2
29_patch_0002_0024,1
29_patch_0002_0025,3
29_patch_0002_0026,4
29_patch_0002_0027,4
29_patch_0002_0028,4
29_patch_0002_0029,4
29_patch_0003_0000,2
29_patch_0003_0001,0
29_patch_0003_0002,2
29_patch_0003_0003,3
29_patch_0003_0004,3
29_patch_0003_0005,3
29_patch_0003_0006,2
29_patch_0003_0007,2
29_patch_0003_0008,3
29_patch_0003_0009,1
29_patch_0003_0010,-1
29_patch_0003_0011,3
29_patch_0003_0012,-1
29_patch_0003_0013,4
29_patch_0003_0014,1
29_patch_0003_0015,3
29_patch_0003_0016,3
29_patch_0003_0017,2
29_patch_0003_0018,-1
29_patch_0003_0019,4
29_patch_0003_0020,2
29_patch_0003_0021,3
29_patch_0003_0022,3
29_patch_0003_0023,1
29_patch_0003_0024,3
29_patch_0003_0025,3
29_patch_0003_0026,2
29_patch_0003_0027,4
29_patch_0003_0028,4
29_patch_0003_0029,4
29_patch_0004_0000,-1
29_patch_0004_0001,0
29_patch_0004_0002,4
29_patch_0004_0003,3
29_patch_0004_0004,1
29_patch_0004_0005,2
29_patch_0004_0006,-1
29_patch_0004_0007,1
29_patch_0004_0008,1
29_patch_0004_0009,2
29_patch_0004_0010,-1
29_patch_0004_0011,1
29_patch_0004_0012,0
29_patch_0004_0013,2
29_patch_0004_0014,-1
29_patch_0004_0015,3
29_patch_0004_0016,1
29_patch_0004_0017,1
29_patch_0004_0018,4
29_patch_0004_0019,2
29_patch_0004_0020,2
29_patch_0004_0021,3
29_patch_0004_0022,4
29_patch_0004_0023,1
29_patch_0004_0024,0
29_patch_0004_0025,-1
29_patch_0004_0026,0
29_patch_0004_0027,4
29_patch_0004_0028,-1
29_patch_0004_0029,4
29_patch_0005_0000,2
29_patch_0005_0001,1
29_patch_0005_0002,4
29_patch_0005_0003,1
29_patch_0005_0004,3
29_patch_0005_0005,1
29_patch_0005_0006,3
29_patch_0005_0007,2
29_patch_0005_0008,3
29_patch_0005_0009,3
29_patch_0005_0010,3
29_patch_0005_0011,4
29_patch_0005_0012,3
29_patch_0005_0013,4
29_patch_0005_0014,4
29_patch_0005_0015,1
29_patch_0005_0016,2
29_patch_0005_0017,4
29_patch_0005_0018,-1
29_patch_0005_0019,2
29_patch_0005_0020,3
29_patch_0005_0021,1
29_patch_0005_0022,3
29_patch_0005_0023,2
29_patch_0005_0024,2
29_patch_0005_0025,3
29_patch_0005_0026,2
29_patch_0005_0027,1
29_patch_0005_0028,1
29_patch_0005_0029,4
29_patch_0006_0000,-1
29_patch_0006_0001,-1
29_patch_0006_0002,3
29_patch_0006_0003,-1
29_patch_0006_0004,3
29_patch_0006_0005,1
29_patch_0006_0006,2
29_patch_0006_0007,3
29_patch_0006_0008,2
29_patch_0006_0009,1
29_patch_0006_0010,1
29_patch_0006_0011,0
29_patch_0006_0012,4
29_patch_0006_0013,3
29_patch_0006_0014,1
29_patch_0006_0015,1
29_patch_0006_0016,3
29_patch_0006_0017,-1
29_patch_0006_0018,2
29_patch_0006_0019,1
29_patch_0006_0020,1
29_patch_0006_0021,4
29_patch_0006_0022,4
29_patch_0006_0023,1
29_patch_0006_0024,2
29_patch_0006_0025,1
29_patch_0006_0026,1
29_patch_0006_0027,3
29_patch_0006_0028,4
29_patch_0006_0029,-1
29_patch_0007_0000,1
29_patch_0007_0001,-1
29_patch_0007_0002,4
29_patch_0007_0003,1
29_patch_0007_0004,1
29_patch_0007_0005,-1
29_patch_0007_0006,0
29_patch_0007_0007,2
29_patch_0007_0008,3
29_patch_0007_0009,3
29_patch_0007_0010,1
29_patch_0007_0011,1
29_patch_0007_0012,3
29_patch_0007_0013,1
29_patch_0007_0014,2
29_patch_0007_0015,0
29_patch_0007_0016,2
29_patch_0007_0017,4
29_patch_0007_0018,1
29_patch_0007_0019,1
29_patch_0007_0020,-1
29_patch_0007_0021,0
29_patch_0007_0022,4
29_patch_0007_0023,-1
29_patch_0007_0024,3
29_patch_0007_0025,4
29_patch_0007_0026,1
29_patch_0007_0027,1
29_patch_0007_0028,1
29_patch_0007_0029,3
29_patch_0008_0000,1
29_patch_0008_0001,1
29_patch_0008_0002,3
29_patch_0008_0003,2
29_patch_0008_0004,1
29_patch_0008_0005,4
29_patch_0008_0006,-1
29_patch_0008_0007,4
29_patch_0008_0008,3
29_patch_0008_0009,2
29_patch_0008_0010,4
29_patch_0008_0011,3
29_patch_0008_0012,1
29_patch_0008_0013,1
29_patch_0008_0014,4
29_patch_0008_0015,4
29_patch_0008_0016,0
29_patch_0008_0017,4
29_patch_0008_0018,-1
29_patch_0008_0019,4
29_patch_0008_0020,3
29_patch_0008_0021,4
29_patch_0008_0022,2
29_patch_0008_0023,0
29_patch_0008_0024,0
29_patch_0008_0025,1
29_patch_0008_0026,-1
29_patch_0008_0027,2
29_patch_0008_0028,-1
29_patch_0008_0029,2
29_patch_0009_0000,1
29_patch_0009_0001,1
29_patch_0009_0002,-1
29_patch_0009_0003,3
29_patch_0009_0004,1
29_patch_0009_0005,1
29_patch_0009_0006,2
29_patch_0009_0007,3
29_patch_0009_0008,4
29_patch_0009_0009,0
29_patch_0009_0010,3
29_patch_0009_0011,0
29_patch_0009_0012,2
29_patch_0009_0013,1
29_patch_0009_0014,0
29_patch_0009_0015,2
29_patch_0009_0016,3
29_patch_0009_0017,1
29_patch_0009_0018,4
29_patch_0009_0019,3
29_patch_0009_0020,1
29_patch_0009_0021,2
29_patch_0009_0022,4
29_patch_0009_0023,-1
29_patch_0009_0024,-1
29_patch_0009_0025,1
29_patch_0009_0026,4
29_patch_0009_0027,1
29_patch_0009_0028,2
29_patch_0009_0029,4
29_patch_0010_0000,3
29_patch_0010_0001,4
29_patch_0010_0002,1
29_patch_0010_0003,3
29_patch_0010_0004,1
29_patch_0010_0005,1
29_patch_0010_0006,2
29_patch_0010_0007,2
29_patch_0010_0008,-1
29_patch_0010_0009,2
29_patch_0010_0010,2
29_patch_0010_0011,1
29_patch_0010_0012,1
29_patch_0010_0013,2
29_patch_0010_0014,0
29_patch_0010_0015,3
29_patch_0010_0016,2
29_patch_0010_0017,1
29_patch_0010_0018,0
29_patch_0010_0019,2
29_patch_0010_0020,4
29_patch_0010_0021,-1
29_patch_0010_0022,4
29_patch_0010_0023,3
29_patch_0010_0024,3
29_patch_0010_0025,2
29_patch_0010_0026,3
29_patch_0010_0027,4
29_patch_0010_0028,2
29_patch_0010_0029,1
29_patch_0011_0000,-1
29_patch_0011_0001,2
29_patch_0011_0002,3
29_patch_0011_0003,2
29_patch_0011_0004,1
29_patch_0011_0005,2
29_patch_0011_0006,3
29_patch_0011_0007,4
29_patch_0011_0008,3
29_patch_0011_0009,3
29_patch_0011_0010,1
29_patch_0011_0011,2
29_patch_0011_0012,3
29_patch_0011_0013,2
29_patch_0011_0014,2
29_patch_0011_0015,4
29_patch_0011_0016,3
29_patch_0011_0017,1
29_patch_0011_0018,4
29_patch_0011_0019,0
29_patch_0011_0020,2
29_patch_0011_0021,3
29_patch_0011_0022,1
29_patch_0011_0023,4
29_patch_0011_0024,2
29_patch_0011_0025,4
29_patch_0011_0026,1
29_patch_0011_0027,3
29_patch_0011_0028,0
29_patch_0011_0029,2
29_patch_0012_0000,4
29_patch_0012_0001,1
29_patch_0012_0002,0
29_patch_0012_0003,2
29_patch_0012_0004,4
29_patch_0012_0005,2
29_patch_0012_0006,4
29_patch_0012_0007,1
29_patch_0012_0008,2
29_patch_0012_0009,1
29_patch_0012_0010,1
29_patch_0012_0011,-1
29_patch_0012_0012,2
29_patch_0012_0013,3
29_patch_0012_0014,2
29_patch_0012_0015,0
29_patch_0012_0016,1
29_patch_0012_0017,1
29_patch_0012_0018,4
29_patch_0012_0019,2
29_patch_0012_0020,4
29_patch_0012_0021,1
29_patch_0012_0022,4
29_patch_0012_0023,3
29_patch_0012_0024,1
29_patch_0012_0025,1
29_patch_0012_0026,2
29_patch_0012_0027,2
29_patch_0012_0028,4
29_patch_0012_0029,3
29_patch_0013_0000,2
29_patch_0013_0001,-1
29_patch_0013_0002,1
29_patch_0013_0003,0
29_patch_0013_0004,3
29_patch_0013_0005,1
29_patch_0013_0006,2
29_patch_0013_0007,2
29_patch_0013_0008,-1
29_patch_0013_0009,4
29_patch_0013_0010,2
29_patch_0013_0011,-1
29_patch_0013_0012,-1
29_patch_0013_0013,4
29_patch_0013_0014,0
29_patch_0013_0015,3
29_patch_0013_0016,4
29_patch_0013_0017,3
29_patch_0013_0018,1
29_patch_0013_0019,3
29_patch_0013_0020,1
29_patch_0013_0021,2
29_patch_0013_0022,2
29_patch_0013_0023,1
29_patch_0013_0024,1
29_patch_0013_0025,0
29_patch_0013_0026,1
29_patch_0013_0027,4
29_patch_0013_0028,0
29_patch_0013_0029,1
29_patch_0014_0000,2
29_patch_0014_0001,-1
29_patch_0014_0002,4
29_patch_0014_0003,3
29_patch_0014_0004,1
29_patch_0014_0005,2
29_patch_0014_0006,2
29_patch_0014_0007,4
29_patch_0014_0008,3
29_patch_0014_0009,4
29_patch_0014_0010,0
29_patch_0014_0011,4
29_patch_0014_0012,4
29_patch_0014_0013,-1
29_patch_0014_0014,3
29_patch_0014_0015,2
29_patch_0014_0016,3
29_patch_0014_0017,4
29_patch_0014_0018,4
29_patch_0014_0019,4
29_patch_0014_0020,0
29_patch_0014_0021,4
29_patch_0014_0022,1
29_patch_0014_0023,1
29_patch_0014_0024,4
29_patch_0014_0025,3
29_patch_0014_0026,2
29_patch_0014_0027,-1
29_patch_0014_0028,3
29_patch_0014_0029,4
29_patch_0015_0000,2
29_patch_0015_0001,0
29_patch_0015_0002,-1
29_patch_0015_0003,2
29_patch_0015_0004,1
29_patch_0015_0005,3
29_patch_0015_0006,-1
29_patch_0015_0007,2
29_patch_0015_0008,4
29_patch_0015_0009,-1
29_patch_0015_0010,0
29_patch_0015_0011,4
29_patch_0015_0012,2
29_patch_0015_0013,3
29_patch_0015_0014,3
29_patch_0015_0015,-1
29_patch_0015_0016,1
29_patch_0015_0017,4
29_patch_0015_0018,2
29_patch_0015_0019,3
29_patch_0015_0020,3
29_patch_0015_0021,2
29_patch_0015_0022,2
29_patch_0015_0023,0
29_patch_0015_0024,1
29_patch_0015_0025,1
29_patch_0015_0026,3
29_patch_0015_0027,-1
29_patch_0015_0028,2
29_patch_0015_0029,4
29_patch_0016_0000,3
29_patch_0016_0001,2
29_patch_0016_0002,1
29_patch_0016_0003,4
29_patch_0016_0004,4
29_patch_0016_0005,-1
29_patch_0016_0006,1
29_patch_0016_0007,3
29_patch_0016_0008,3
29_patch_0016_0009,0
29_patch_0016_0010,2
29_patch_0016_0011,1
29_patch_0016_0012,2
29_patch_0016_0013,-1
29_patch_0016_0014,4
29_patch_0016_0015,2
29_patch_0016_0016,3
29_patch_0016_0017,4
29_patch_0016_0018,4
29_patch_0016_0019,2
29_patch_0016_0020,4
29_patch_0016_0021,4
29_patch_0016_0022,4
29_patch_0016_0023,4
29_patch_0016_0024,3
29_patch_0016_0025,-1
29_patch_0016_0026,1
29_patch_0016_0027,2
29_patch_0016_0028,4
29_patch_0016_0029,-1
29_patch_0017_0000,-1
29_patch_0017_0001,2
29_patch_0017_0002,2
29_patch_0017_0003,0
29_patch_0017_0004,1
29_patch_0017_0005,3
29_patch_0017_0006,4
29_patch_0017_0007,2
29_patch_0017_0008,1
29_patch_0017_0009,2
29_patch_0017_0010,3
29_patch_0017_0011,4
29_patch_0017_0012,3
29_patch_0017_0013,4
29_patch_0017_0014,-1
29_patch_0017_0015,2
29_patch_0017_0016,3
29_patch_0017_0017,-1
29_patch_0017_0018,1
29_patch_0017_0019,-1
29_patch_0017_0020,3
29_patch_0017_0021,4
29_patch_0017_0022,3
29_patch_0017_0023,3
29_patch_0017_0024,2
29_patch_0017_0025,3
29_patch_0017_0026,4
29_patch_0017_0027,2
29_patch_0017_0028,-1
29_patch_0017_0029,3
29_patch_0018_0000,3
29_patch_0018_0001,4
29_patch_0018_0002,4
29_patch_0018_0003,1
29_patch_0018_0004,3
29_patch_0018_0005,4
29_patch_0018_0006,1
29_patch_0018_0007,0
29_patch_0018_0008,4
29_patch_0018_0009,0
29_patch_0018_0010,-1
29_patch_0018_0011,4
29_patch_0018_0012,0
29_patch_0018_0013,2
29_patch_0018_0014,1
29_patch_0018_0015,0
29_patch_0018_0016,3
29_patch_0018_0017,0
29_patch_0018_0018,4
29_patch_0018_0019,3
29_patch_0018_0020,3
29_patch_0018_0021,-1
29_patch_0018_0022,1
29_patch_0018_0023,1
29_patch_0018_0024,4
29_patch_0018_0025,3
29_patch_0018_0026,2
29_patch_0018_0027,4
29_patch_0018_0028,3
29_patch_0018_0029,4
29_patch_0019_0000,1
29_patch_0019_0001,-1
29_patch_0019_0002,4
29_patch_0019_0003,2
29_patch_0019_0004,4
29_patch_0019_0005,2
29_patch_0019_0006,4
29_patch_0019_0007,2
29_patch_0019_0008,1
29_patch_0019_0009,3
29_patch_0019_0010,0
29_patch_0019_0011,2
29_patch_0019_0012,1
29_patch_0019_0013,3
29_patch_0019_0014,-1
29_patch_0019_0015,4
29_patch_0019_0016,1
29_patch_0019_0017,3
29_patch_0019_0018,-1
29_patch_0019_0019,4
29_patch_0019_0020,1
29_patch_0019_0021,0
29_patch_0019_0022,3
29_patch_0019_0023,4
29_patch_0019_0024,2
29_patch_0019_0025,1
29_patch_0019_0026,2
29_patch_0019_0027,4
29_patch_0019_0028,0
29_patch_0019_0029,4
29_patch_0020_0000,4
29_patch_0020_0001,0
29_patch_0020_0002,4
29_patch_0020_0003,3
29_patch_0020_0004,4
29_patch_0020_0005,3
29_patch_0020_0006,1
29_patch_0020_0007,2
29_patch_0020_0008,2
29_patch_0020_0009,-1
29_patch_0020_0010,-1
29_patch_0020_0011,2
29_patch_0020_0012,2
29_patch_0020_0013,2
29_patch_0020_0014,4
29_patch_0020_0015,4
29_patch_0020_0016,2
29_patch_0020_0017,-1
29_patch_0020_0018,-1
29_patch_0020_0019,1
29_patch_0020_0020,2
29_patch_0020_0021,3
29_patch_0020_0022,1
29_patch_0020_0023,1
29_patch_0020_0024,4
29_patch_0020_0025,1
29_patch_0020_0026,4
29_patch_0020_0027,2
29_patch_0020_0028,-1
29_patch_0020_0029,3
29_patch_0021_0000,2
29_patch_0021_0001,2
29_patch_0021_0002,4
29_patch_0021_0003,1
29_patch_0021_0004,4
29_patch_0021_0005,1
29_patch_0021_0006,4
29_patch_0021_0007,2
29_patch_0021_0008,-1
29_patch_0021_0009,1
29_patch_0021_0010,3
29_patch_0021_0011,1
29_patch_0021_0012,2
29_patch_0021_0013,3
29_patch_0021_0014,4
29_patch_0021_0015,4
29_patch_0021_0016,3
29_patch_0021_0017,1
29_patch_0021_0018,3
29_patch_0021_0019,2
29_patch_0021_0020,2
29_patch_0021_0021,4
29_patch_0021_0022,2
29_patch_0021_0023,1
29_patch_0021_0024,-1
29_patch_0021_0025,2
29_patch_0021_0026,4
29_patch_0021_0027,0
29_patch_0021_0028,0
29_patch_0021_0029,2
29_patch_0022_0000,3
29_patch_0022_0001,2
29_patch_0022_0002,1
29_patch_0022_0003,1
29_patch_0022_0004,2
29_patch_0022_0005,0
29_patch_0022_0006,2
29_patch_0022_0007,3
29_patch_0022_0008,2
29_patch_0022_0009,4
29_patch_0022_0010,1
29_patch_0022_0011,4
29_patch_0022_0012,2
29_patch_0022_0013,4
29_patch_0022_0014,4
29_patch_0022_0015,0
29_patch_0022_0016,1
29_patch_0022_0017,4
29_patch_0022_0018,1
29_patch_0022_0019,0
29_patch_0022_0020,-1
29_patch_0022_0021,4
29_patch_0022_0022,1
29_patch_0022_0023,1
29_patch_0022_0024,-1
29_patch_0022_0025,3
29_patch_0022_0026,1
29_patch_0022_0027,1
29_patch_0022_0028,1
29_patch_0022_0029,2
2_patch_0000_0000,4
2_patch_0000_0001,3
2_patch_0000_0002,3
2_patch_0000_0003,4
2_patch_0000_0004,1
2_patch_0000_0005,3
2_patch_0000_0006,3
2_patch_0000_0007,2
2_patch_0000_0008,4
2_patch_0000_0009,1
2_patch_0000_0010,1
2_patch_0000_0011,3
2_patch_0000_0012,-1
2_patch_0000_0013,4
2_patch_0000_0014,4
2_patch_0000_0015,-1
2_patch_0000_0016,2
2_patch_0000_0017,1
2_patch_0000_0018,3
2_patch_0000_0019,4
2_patch_0000_0020,0
2_patch_0000_0021,2
2_patch_0000_0022,4
2_patch_0000_0023,1
2_patch_0000_0024,4
2_patch_0000_0025,4
2_patch_0001_0000,2
2_patch_0001_0001,0
2_patch_0001_0002,2
2_patch_0001_0003,0
2_patch_0001_0004,4
2_patch_0001_0005,1
2_patch_0001_0006,1
2_patch_0001_0007,4
2_patch_0001_0008,2
2_patch_0001_0009,1
2_patch_0001_0010,0
2_patch_0001_0011,-1
2_patch_0001_0012,1
2_patch_0001_0013,-1
2_patch_0001_0014,-1
2_patch_0001_0015,3
2_patch_0001_0016,-1
2_patch_0001_0017,4
2_patch_0001_0018,3
2_patch_0001_0019,-1
2_patch_0001_0020,4
2_patch_0001_0021,1
2_patch_0001_0022,2
2_patch_0001_0023,1
2_patch_0001_0024,0
2_patch_0001_0025,2
2_patch_0002_0000,3
2_patch_0002_0001,4
2_patch_0002_0002,3
2_patch_0002_0003,3
2_patch_0002_0004,1
2_patch_0002_0005,4
2_patch_0002_0006,3
2_patch_0002_0007,4
2_patch_0002_0008,2
2_patch_0002_0009,3
2_patch_0002_0010,3
2_patch_0002_0011,0
2_patch_0002_0012,2
2_patch_0002_0013,4
2_patch_0002_0014,4
2_patch_0002_0015,0
2_patch_0002_0016,1
2_patch_0002_0017,3
2_patch_0002_0018,1
2_patch_0002_0019,0
2_patch_0002_0020,1
2_patch_0002_0021,2
2_patch_0002_0022,4
2_patch_0002_0023,4
2_patch_0002_0024,4
2_patch_0002_0025,4
2_patch_0003_0000,3
2_patch_0003_0001,-1
2_patch_0003_0002,2
2_patch_0003_0003,1
2_patch_0003_0004,-1
2_patch_0003_0005,1
2_patch_0003_0006,4
2_patch_0003_0007,0
2_patch_0003_0008,1
2_patch_0003_0009,0
2_patch_0003_0010,4
2_patch_0003_0011,4
2_patch_0003_0012,1
2_patch_0003_0013,4
2_patch_0003_0014,4
2_patch_0003_0015,4
2_patch_0003_0016,3
2_patch_0003_0017,3
2_patch_0003_0018,1
2_patch_0003_0019,3
2_patch_0003_0020,1
2_patch_0003_0021,-1
2_patch_0003_0022,4
2_patch_0003_0023,1
2_patch_0003_0024,4
2_patch_0003_0025,4
2_patch_0004_0000,-1
2_patch_0004_0001,4
2_patch_0004_0002,-1
2_patch_0004_0003,1
2_patch_0004_0004,4
2_patch_0004_0005,0
2_patch_0004_0006,4
2_patch_0004_0007,3
2_patch_0004_0008,3
2_patch_0004_0009,3
2_patch_0004_0010,3
2_patch_0004_0011,2
2_patch_0004_0012,4
2_patch_0004_0013,4
2_patch_0004_0014,2
2_patch_0004_0015,3
2_patch_0004_0016,2
2_patch_0004_0017,1
2_patch_0004_0018,4
2_patch_0004_0019,1
2_patch_0004_0020,1
2_patch_0004_0021,-1
2_patch_0004_0022,4
2_patch_0004_0023,2
2_patch_0004_0024,3
2_patch_0004_0025,1
2_patch_0005_0000,1
2_patch_0005_0001,1
2_patch_0005_0002,2
2_patch_0005_0003,4
2_patch_0005_0004,2
2_patch_0005_0005,4
2_patch_0005_0006,0
2_patch_0005_0007,3
2_patch_0005_0008,1
2_patch_0005_0009,4
2_patch_0005_0010,0
2_patch_0005_0011,0
2_patch_0005_0012,1
2_patch_0005_0013,3
2_patch_0005_0014,1
2_patch_0005_0015,-1
2_patch_0005_0016,2
2_patch_0005_0017,3
2_patch_0005_0018,1
2_patch_0005_0019,-1
2_patch_0005_0020,1
2_patch_0005_0021,3
2_patch_0005_0022,0
2_patch_0005_0023,1
2_patch_0005_0024,3
2_patch_0005_0025,1
2_patch_0006_0000,1
2_patch_0006_0001,2
2_patch_0006_0002,2
2_patch_0006_0003,1
2_patch_0006_0004,3
2_patch_0006_0005,0
2_patch_0006_0006,3
2_patch_0006_0007,3
2_patch_0006_0008,3
2_patch_0006_0009,4
2_patch_0006_0010,-1
2_patch_0006_0011,3
2_patch_0006_0012,1
2_patch_0006_0013,1
2_patch_0006_0014,2
2_patch_0006_0015,0
2_patch_0006_0016,4
2_patch_0006_0017,4
2_patch_0006_0018,2
2_patch_0006_0019,4
2_patch_0006_0020,2
2_patch_0006_0021,2
2_patch_0006_0022,1
2_patch_0006_0023,2
2_patch_0006_0024,1
2_patch_0006_0025,2
2_patch_0007_0000,-1
2_patch_0007_0001,4
2_patch_0007_0002,1
2_patch_0007_0003,-1
2_patch_0007_0004,1
2_patch_0007_0005,4
2_patch_0007_0006,4
2_patch_0007_0007,4
2_patch_0007_0008,2
2_patch_0007_0009,1
2_patch_0007_0010,3
2_patch_0007_0011,0
2_patch_0007_0012,3
2_patch_0007_0013,4
2_patch_0007_0014,3
2_patch_0007_0015,2
2_patch_0007_0016,0
2_patch_0007_0017,2
2_patch_0007_0018,2
2_patch_0007_0019,4
2_patch_0007_0020,1
2_patch_0007_0021,1
2_patch_0007_0022,2
2_patch_0007_0023,2
2_patch_0007_0024,0
2_patch_0007_0025,4
2_patch_0008_0000,1
2_patch_0008_0001,1
2_patch_0008_0002,0
2_patch_0008_0003,2
2_patch_0008_0004,4
2_patch_0008_0005,-1
2_patch_0008_0006,0
2_patch_0008_0007,3
2_patch_0008_0008,3
2_patch_0008_0009,2
2_patch_0008_0010,2
2_patch_0008_0011,2
2_patch_0008_0012,1
2_patch_0008_0013,4
2_patch_0008_0014,2
2_patch_0008_0015,1
2_patch_0008_0016,1
2_patch_0008_0017,1
2_patch_0008_0018,-1
2_patch_0008_0019,4
2_patch_0008_0020,-1
2_patch_0008_0021,1
2_patch_0008_0022,4
2_patch_0008_0023,2
2_patch_0008_0024,4
2_patch_0008_0025,2
2_patch_0009_0000,4
2_patch_0009_0001,3
2_patch_0009_0002,1
2_patch_0009_0003,2
2_patch_0009_0004,-1
2_patch_0009_0005,4
2_patch_0009_0006,3
2_patch_0009_0007,3
2_patch_0009_0008,4
2_patch_0009_0009,4
2_patch_0009_0010,0
2_patch_0009_0011,2
2_patch_0009_0012,4
2_patch_0009_0013,4
2_patch_0009_0014,3
2_patch_0009_0015,1
2_patch_0009_0016,0
2_patch_0009_0017,3
2_patch_0009_0018,1
2_patch_0009_0019,4
2_patch_0009_0020,3
2_patch_0009_0021,2
2_patch_0009_0022,-1
2_patch_0009_0023,4
2_patch_0009_0024,2
2_patch_0009_0025,2
2_patch_0010_0000,1
2_patch_0010_0001,1
2_patch_0010_0002,3
2_patch_0010_0003,4
2_patch_0010_0004,1
2_patch_0010_0005,4
2_patch_0010_0006,4
2_patch_0010_0007,1
2_patch_0010_0008,1
2_patch_0010_0009,4
2_patch_0010_0010,4
2_patch_0010_0011,2
2_patch_0010_0012,4
2_patch_0010_0013,4
2_patch_0010_0014,-1
2_patch_0010_0015,3
2_patch_0010_0016,2
2_patch_0010_0017,1
2_patch_0010_0018,0
2_patch_0010_0019,4
2_patch_0010_0020,3
2_patch_0010_0021,-1
2_patch_0010_0022,3
2_patch_0010_0023,2
2_patch_0010_0024,0
2_patch_0010_0025,3
2_patch_0011_0000,3
2_patch_0011_0001,4
2_patch_0011_0002,2
2_patch_0011_0003,-1
2_patch_0011_0004,1
2_patch_0011_0005,2
2_patch_0011_0006,2
2_patch_0011_0007,1
2_patch_0011_0008,3
2_patch_0011_0009,1
2_patch_0011_0010,-1
2_patch_0011_0011,0
2_patch_0011_0012,4
2_patch_0011_0013,1
2_patch_0011_0014,3
2_patch_0011_0015,2
2_patch_0011_0016,4
2_patch_0011_0017,4
2_patch_0011_0018,3
2_patch_0011_0019,4
2_patch_0011_0020,1
2_patch_0011_0021,2
2_patch_0011_0022,1
2_patch_0011_0023,3
2_patch_0011_0024,4
2_patch_0011_0025,2
2_patch_0012_0000,4
2_patch_0012_0001,3
2_patch_0012_0002,1
2_patch_0012_0003,4
2_patch_0012_0004,4
2_patch_0012_0005,3
2_patch_0012_0006,1
2_patch_0012_0007,2
2_patch_0012_0008,4
2_patch_0012_0009,4
2_patch_0012_0010,0
2_patch_0012_0011,4
2_patch_0012_0012,0
2_patch_0012_0013,2
2_patch_0012_0014,3
2_patch_0012_0015,4
2_patch_0012_0016,2
2_patch_0012_0017,3
2_patch_0012_0018,-1
2_patch_0012_0019,4
2_patch_0012_0020,1
2_patch_0012_0021,4
2_patch_0012_0022,2
2_patch_0012_0023,-1
2_patch_0012_0024,3
2_patch_0012_0025,2
2_patch_0013_0000,1
2_patch_0013_0001,2
2_patch_0013_0002,-1
2_patch_0013_0003,4
2_patch_0013_0004,4
2_patch_0013_0005,-1
2_patch_0013_0006,3
2_patch_0013_0007,3
2_patch_0013_0008,-1
2_patch_0013_0009,2
2_patch_0013_0010,2
2_patch_0013_0011,1
2_patch_0013_0012,4
2_patch_0013_0013,-1
2_patch_0013_0014,0
2_patch_0013_0015,2
2_patch_0013_0016,3
2_patch_0013_0017,-1
2_patch_0013_0018,3
2_patch_0013_0019,1
2_patch_0013_0020,4
2_patch_0013_0021,2
2_patch_0013_0022,4
2_patch_0013_0023,3
2_patch_0013_0024,-1
2_patch_0013_0025,-1
2_patch_0014_0000,4
2_patch_0014_0001,2
2_patch_0014_0002,3
2_patch_0014_0003,2
2_patch_0014_0004,4
2_patch_0014_0005,1
2_patch_0014_0006,0
2_patch_0014_0007,4
2_patch_0014_0008,4
2_patch_0014_0009,1
2_patch_0014_0010,1
2_patch_0014_0011,0
2_patch_0014_0012,1
2_patch_0014_0013,2
2_patch_0014_0014,4
2_patch_0014_0015,-1
2_patch_0014_0016,1
2_patch_0014_0017,1
2_patch_0014_0018,1
2_patch_0014_0019,2
2_patch_0014_0020,1
2_patch_0014_0021,3
2_patch_0014_0022,4
2_patch_0014_0023,4
2_patch_0014_0024,1
2_patch_0014_0025,3
2_patch_0015_0000,4
2_patch_0015_0001,-1
2_patch_0015_0002,-1
2_patch_0015_0003,1
2_patch_0015_0004,3
2_patch_0015_0005,0
2_patch_0015_0006,2
2_patch_0015_0007,1
2_patch_0015_0008,1
2_patch_0015_0009,3
2_patch_0015_0010,1
2_patch_0015_0011,1
2_patch_0015_0012,2
2_patch_0015_0013,3
2_patch_0015_0014,1
2_patch_0015_0015,3
2_patch_0015_0016,2
2_patch_0015_0017,1
2_patch_0015_0018,2
2_patch_0015_0019,1
2_patch_0015_0020,2
2_patch_0015_0021,4
2_patch_0015_0022,-1
2_patch_0015_0023,2
2_patch_0015_0024,3
2_patch_0015_0025,-1
2_patch_0016_0000,3
2_patch_0016_0001,4
2_patch_0016_0002,1
2_patch_0016_0003,3
2_patch_0016_0004,1
2_patch_0016_0005,2
2_patch_0016_0006,2
2_patch_0016_0007,4
2_patch_0016_0008,2
2_patch_0016_0009,2
2_patch_0016_0010,3
2_patch_0016_0011,1
2_patch_0016_0012,4
2_patch_0016_0013,2
2_patch_0016_0014,-1
2_patch_0016_0015,4
2_patch_0016_0016,1
2_patch_0016_0017,4
2_patch_0016_0018,4
2_patch_0016_0019,3
2_patch_0016_0020,2
2_patch_0016_0021,2
2_patch_0016_0022,0
2_patch_0016_0023,2
2_patch_0016_0024,3
2_patch_0016_0025,3
2_patch_0017_0000,4
2_patch_0017_0001,4
2_patch_0017_0002,4
2_patch_0017_0003,3
2_patch_0017_0004,-1
2_patch_0017_0005,3
2_patch_0017_0006,1
2_patch_0017_0007,4
2_patch_0017_0008,-1
2_patch_0017_0009,3
2_patch_0017_0010,1
2_patch_0017_0011,2
2_patch_0017_0012,4
2_patch_0017_0013,2
2_patch_0017_0014,1
2_patch_0017_0015,4
2_patch_0017_0016,3
2_patch_0017_0017,2
2_patch_0017_0018,4
2_patch_0017_0019,2
2_patch_0017_0020,2
2_patch_0017_0021,2
2_patch_0017_0022,2
2_patch_0017_0023,4
2_patch_0017_0024,1
2_patch_0017_0025,4
2_patch_0018_0000,4
2_patch_0018_0001,3
2_patch_0018_0002,3
2_patch_0018_0003,1
2_patch_0018_0004,3
2_patch_0018_0005,-1
2_patch_0018_0006,1
2_patch_0018_0007,0
2_patch_0018_0008,2
2_patch_0018_0009,0
2_patch_0018_0010,1
2_patch_0018_0011,3
2_patch_0018_0012,1
2_patch_0018_0013,3
2_patch_0018_0014,4
2_patch_0018_0015,1
2_patch_0018_0016,0
2_patch_0018_0017,3
2_patch_0018_0018,1
2_patch_0018_0019,2
2_patch_0018_0020,1
2_patch_0018_0021,4
2_patch_0018_0022,4
2_patch_0018_0023,0
2_patch_0018_0024,1
2_patch_0018_0025,4
2_patch_0019_0000,3
2_patch_0019_0001,3
2_patch_0019_0002,1
2_patch_0019_0003,3
2_patch_0019_0004,4
2_patch_0019_0005,2
2_patch_0019_0006,-1
2_patch_0019_0007,2
2_patch_0019_0008,-1
2_patch_0019_0009,2
2_patch_0019_0010,4
2_patch_0019_0011,2
2_patch_0019_0012,4
2_patch_0019_0013,0
2_patch_0019_0014,0
2_patch_0019_0015,3
2_patch_0019_0016,2
2_patch_0019_0017,3
2_patch_0019_0018,0
2_patch_0019_0019,1
2_patch_0019_0020,0
2_patch_0019_0021,-1
2_patch_0019_0022,3
2_patch_0019_0023,3
2_patch_0019_0024,1
2_patch_0019_0025,0
2_patch_0020_0000,4
2_patch_0020_0001,2
2_patch_0020_0002,1
2_patch_0020_0003,4
2_patch_0020_0004,3
2_patch_0020_0005,1
2_patch_0020_0006,4
2_patch_0020_0007,4
2_patch_0020_0008,2
2_patch_0020_0009,1
2_patch_0020_0010,2
2_patch_0020_0011,4
2_patch_0020_0012,2
2_patch_0020_0013,1
2_patch_0020_0014,3
2_patch_0020_0015,3
2_patch_0020_0016,4
2_patch_0020_0017,4
2_patch_0020_0018,3
2_patch_0020_0019,2
2_patch_0020_0020,0
2_patch_0020_0021,4
2_patch_0020_0022,1
2_patch_0020_0023,2
2_patch_0020_0024,4
2_patch_0020_0025,1
2_patch_0021_0000,-1
2_patch_0021_0001,2
2_patch_0021_0002,1
2_patch_0021_0003,0
2_patch_0021_0004,1
2_patch_0021_0005,4
2_patch_0021_0006,3
2_patch_0021_0007,4
2_patch_0021_0008,1
2_patch_0021_0009,2
2_patch_0021_0010,1
2_patch_0021_0011,4
2_patch_0021_0012,3
2_patch_0021_0013,3
2_patch_0021_0014,2
2_patch_0021_0015,3
2_patch_0021_0016,4
2_patch_0021_0017,1
2_patch_0021_0018,2
2_patch_0021_0019,3
2_patch_0021_0020,2
2_patch_0021_0021,0
2_patch_0021_0022,-1
2_patch_0021_0023,3
2_patch_0021_0024,4
2_patch_0021_0025,2
30_patch_0000_0000,2
30_patch_0000_0001,3
30_patch_0000_0002,2
30_patch_0000_0003,1
30_patch_0000_0004,4
30_patch_0000_0005,1
30_patch_0000_0006,4
30_patch_0000_0007,3
30_patch_0000_0008,2
30_patch_0000_0009,3
30_patch_0000_0010,3
30_patch_0000_0011,0
30_patch_0000_0012,1
30_patch_0000_0013,1
30_patch_0000_0014,-1
30_patch_0000_0015,4
30_patch_0000_0016,1
30_patch_0000_0017,-1
30_patch_0000_0018,0
30_patch_0000_0019,1
30_patch_0000_0020,2
30_patch_0000_0021,0
30_patch_0000_0022,4
30_patch_0000_0023,2
30_patch_0000_0024,-1
30_patch_0000_0025,3
30_patch_0000_0026,2
30_patch_0000_0027,0
30_patch_0000_0028,1
30_patch_0000_0029,1
30_patch_0000_0030,2
30_patch_0000_0031,3
30_patch_0000_0032,0
30_patch_0000_0033,1
30_patch_0000_0034,2
30_patch_0000_0035,3
30_patch_0000_0036,-1
30_patch_0000_0037,2
30_patch_0000_0038,4
30_patch_0000_0039,3
30_patch_0001_0000,-1
30_patch_0001_0001,4
30_patch_0001_0002,1
30_patch_0001_0003,0
30_patch_0001_0004,1
30_patch_0001_0005,-1
30_patch_0001_0006,4
30_patch_0001_0007,1
30_patch_0001_0008,2
30_patch_0001_0009,-1
30_patch_0001_0010,1
30_patch_0001_0011,-1
30_patch_0001_0012,3
30_patch_0001_0013,1
30_patch_0001_0014,-1
30_patch_0001_0015,3
30_patch_0001_0016,0
30_patch_0001_0017,1
30_patch_0001_0018,2
30_patch_0001_0019,0
30_patch_0001_0020,3
30_patch_0001_0021,-1
30_patch_0001_0022,2
30_patch_0001_0023,-1
30_patch_0001_0024,1
30_patch_0001_0025,1
30_patch_0001_0026,2
30_patch_0001_0027,4
30_patch_0001_0028,1
30_patch_0001_0029,1
30_patch_0001_0030,4
30_patch_0001_0031,4
30_patch_0001_0032,1
30_patch_0001_0033,1
30_patch_0001_0034,4
30_patch_0001_0035,4
30_patch_0001_0036,-1
30_patch_0001_0037,3
30_patch_0001_0038,4
30_patch_0001_0039,4
30_patch_0002_0000,-1
30_patch_0002_0001,1
30_patch_0002_0002,4
30_patch_0002_0003,4
30_patch_0002_0004,-1
30_patch_0002_0005,2
30_patch_0002_0006,4
30_patch_0002_0007,-1
30_patch_0002_0008,-1
30_patch_0002_0009,4
30_patch_0002_0010,3
30_patch_0002_0011,1
30_patch_0002_0012,-1
30_patch_0002_0013,4
30_patch_0002_0014,-1
30_patch_0002_0015,-1
30_patch_0002_0016,3
30_patch_0002_0017,2
30_patch_0002_0018,4
30_patch_0002_0019,-1
30_patch_0002_0020,4
30_patch_0002_0021,2
30_patch_0002_0022,-1
30_patch_0002_0023,2
30_patch_0002_0024,1
30_patch_0002_0025,4
30_patch_0002_0026,4
30_patch_0002_0027,3
30_patch_0002_0028,4
30_patch_0002_0029,4
30_patch_0002_0030,3
30_patch_0002_0031,3
30_patch_0002_0032,2
30_patch_0002_0033,4
30_patch_0002_0034,0
30_patch_0002_0035,-1
30_patch_0002_0036,-1
30_patch_0002_0037,2
30_patch_0002_0038,4
30_patch_0002_0039,3
30_patch_0003_0000,1
30_patch_0003_0001,4
30_patch_0003_0002,1
30_patch_0003_0003,2
30_patch_0003_0004,2
30_patch_0003_0005,1
30_patch_0003_0006,4
30_patch_0003_0007,4
30_patch_0003_0008,4
30_patch_0003_0009,0
30_patch_0003_0010,0
30_patch_0003_0011,1
30_patch_0003_0012,2
30_patch_0003_0013,3
30_patch_0003_0014,-1
30_patch_0003_0015,0
30_patch_0003_0016,1
30_patch_0003_0017,-1
30_patch_0003_0018,1
30_patch_0003_0019,2
30_patch_0003_0020,2
30_patch_0003_0021,1
30_patch_0003_0022,3
30_patch_0003_0023,1
30_patch_0003_0024,4
30_patch_0003_0025,1
30_patch_0003_0026,3
30_patch_0003_0027,3
30_patch_0003_0028,-1
30_patch_0003_0029,3
30_patch_0003_0030,4
30_patch_0003_0031,2
30_patch_0003_0032,3
30_patch_0003_0033,4
30_patch_0003_0034,3
30_patch_0003_0035,4
30_patch_0003_0036,0
30_patch_0003_0037,-1
30_patch_0003_0038,1
30_patch_0003_0039,4
30_patch_0004_0000,1
30_patch_0004_0001,2
30_patch_0004_0002,3
30_patch_0004_0003,3
30_patch_0004_0004,3
30_patch_0004_0005,0
30_patch_0004_0006,1
30_patch_0004_0007,0
30_patch_0004_0008,4
30_patch_0004_0009,1
30_patch_0004_0010,3
30_patch_0004_0011,2
30_patch_0004_0012,0
30_patch_0004_0013,3
30_patch_0004_0014,3
30_patch_0004_0015,-1
30_patch_0004_0016,4
30_patch_0004_0017,2
30_patch_0004_0018,-1
30_patch_0004_0019,1
30_patch_0004_0020,1
30_patch_0004_0021,2
30_patch_0004_0022,3
30_patch_0004_0023,1
30_patch_0004_0024,2
30_patch_0004_0025,2
30_patch_0004_0026,1
30_patch_0004_0027,4
30_patch_0004_0028,4
30_patch_0004_0029,4
30_patch_0004_0030,3
30_patch_0004_0031,2
30_patch_0004_0032,0
30_patch_0004_0033,4
30_patch_0004_0034,2
30_patch_0004_0035,4
30_patch_0004_0036,0
30_patch_0004_0037,-1
30_patch_0004_0038,2
30_patch_0004_0039,0
30_patch_0005_0000,3
30_patch_0005_0001,0
30_patch_0005_0002,2
30_patch_0005_0003,4
30_patch_0005_0004,-1
30_patch_0005_0005,3
30_patch_0005_0006,-1
30_patch_0005_0007,4
30_patch_0005_0008,2
30_patch_0005_0009,4
30_patch_0005_0010,1
30_patch_0005_0011,3
30_patch_0005_0012,4
30_patch_0005_0013,4
30_patch_0005_0014,3
30_patch_0005_0015,3
30_patch_0005_0016,4
30_patch_0005_0017,3
30_patch_0005_0018,4
30_patch_0005_0019,0
30_patch_0005_0020,0
30_patch_0005_0021,-1
30_patch_0005_0022,3
30_patch_0005_0023,2
30_patch_0005_0024,2
30_patch_0005_0025,2
30_patch_0005_0026,3
30_patch_0005_0027,4
30_patch_0005_0028,-1
30_patch_0005_0029,4
30_patch_0005_0030,2
30_patch_0005_0031,4
30_patch_0005_0032,4
30_patch_0005_0033,-1
30_patch_0005_0034,3
30_patch_0005_0035,1
30_patch_0005_0036,4
30_patch_0005_0037,2
30_patch_0005_0038,2
30_patch_0005_0039,2
30_patch_0006_0000,2
30_patch_0006_0001,3
30_patch_0006_0002,2
30_patch_0006_0003,0
30_patch_0006_0004,0
30_patch_0006_0005,1
30_patch_0006_0006,-1
30_patch_0006_0007,2
30_patch_0006_0008,0
30_patch_0006_0009,1
30_patch_0006_0010,3
30_patch_0006_0011,4
30_patch_0006_0012,4
30_patch_0006_0013,4
30_patch_0006_0014,-1
30_patch_0006_0015,2
30_patch_0006_0016,4
30_patch_0006_0017,3
30_patch_0006_0018,1
30_patch_0006_0019,-1
30_patch_0006_0020,-1
30_patch_0006_0021,-1
30_patch_0006_0022,4
30_patch_0006_0023,2
30_patch_0006_0024,4
30_patch_0006_0025,2
30_patch_0006_0026,4
30_patch_0006_0027,-1
30_patch_0006_0028,1
30_patch_0006_0029,0
30_patch_0006_0030,4
30_patch_0006_0031,2
30_patch_0006_0032,2
30_patch_0006_0033,4
30_patch_0006_0034,3
30_patch_0006_0035,4
30_patch_0006_0036,3
30_patch_0006_0037,0
30_patch_0006_0038,4
30_patch_0006_0039,-1
30_patch_0007_0000,1
30_patch_0007_0001,4
30_patch_0007_0002,4
30_patch_0007_0003,1
30_patch_0007_0004,0
30_patch_0007_0005,0
30_patch_0007_0006,2
30_patch_0007_0007,1
30_patch_0007_0008,2
30_patch_0007_0009,2
30_patch_0007_0010,-1
30_patch_0007_0011,3
30_patch_0007_0012,2
30_patch_0007_0013,4
30_patch_0007_0014,1
30_patch_0007_0015,-1
30_patch_0007_0016,-1
30_patch_0007_0017,4
30_patch_0007_0018,4
30_patch_0007_0019,3
30_patch_0007_0020,-1
30_patch_0007_0021,4
30_patch_0007_0022,0
30_patch_0007_0023,-1
30_patch_0007_0024,1
30_patch_0007_0025,-1
30_patch_0007_0026,3
30_patch_0007_0027,0
30_patch_0007_0028,2
30_patch_0007_0029,-1
30_patch_0007_0030,3
30_patch_0007_0031,4
30_patch_0007_0032,1
30_patch_0007_0033,3
30_patch_0007_0034,2
30_patch_0007_0035,0
30_patch_0007_0036,1
30_patch_0007_0037,4
30_patch_0007_0038,4
30_patch_0007_0039,1
30_patch_0008_0000,2
30_patch_0008_0001,3
30_patch_0008_0002,1
30_patch_0008_0003,2
30_patch_0008_0004,1
30_patch_0008_0005,-1
30_patch_0008_0006,2
30_patch_0008_0007,1
30_patch_0008_0008,3
30_patch_0008_0009,1
30_patch_0008_0010,3
30_patch_0008_0011,2
30_patch_0008_0012,-1
30_patch_0008_0013,1
30_patch_0008_0014,3
30_patch_0008_0015,3
30_patch_0008_0016,4
30_patch_0008_0017,2
30_patch_0008_0018,3
30_patch_0008_0019,3
30_patch_0008_0020,3
30_patch_0008_0021,3
30_patch_0008_0022,0
30_patch_0008_0023,0
30_patch_0008_0024,2
30_patch_0008_0025,-1
30_patch_0008_0026,1
30_patch_0008_0027,2
30_patch_0008_0028,2
30_patch_0008_0029,4
30_patch_0008_0030,1
30_patch_0008_0031,4
30_patch_0008_0032,1
30_patch_0008_0033,1
30_patch_0008_0034,3
30_patch_0008_0035,4
30_patch_0008_0036,2
30_patch_0008_0037,0
30_patch_0008_0038,0
30_patch_0008_0039,4
30_patch_0009_0000,0
30_patch_0009_0001,2
30_patch_0009_0002,0
30_patch_0009_0003,3
30_patch_0009_0004,2
30_patch_0009_0005,3
30_patch_0009_0006,1
30_patch_0009_0007,3
30_patch_0009_0008,4
30_patch_0009_0009,1
30_patch_0009_0010,2
30_patch_0009_0011,-1
30_patch_0009_0012,1
30_patch_0009_0013,0
30_patch_0009_0014,2
30_patch_0009_0015,1
30_patch_0009_0016,1
30_patch_0009_0017,1
30_patch_0009_0018,1
30_patch_0009_0019,3
30_patch_0009_0020,1
30_patch_0009_0021,0
30_patch_0009_0022,1
30_patch_0009_0023,4
30_patch_0009_0024,1
30_patch_0009_0025,2
30_patch_0009_0026,1
30_patch_0009_0027,4
30_patch_0009_0028,1
30_patch_0009_0029,-1
30_patch_0009_0030,4
30_patch_0009_0031,2
30_patch_0009_0032,0
30_patch_0009_0033,3
30_patch_0009_0034,3
30_patch_0009_0035,3
30_patch_0009_0036,2
30_patch_0009_0037,3
30_patch_0009_0038,-1
30_patch_0009_0039,0
30_patch_0010_0000,1
30_patch_0010_0001,3
30_patch_0010_0002,3
30_patch_0010_0003,2
30_patch_0010_0004,3
30_patch_0010_0005,1
30_patch_0010_0006,4
30_patch_0010_0007,0
30_patch_0010_0008,4
30_patch_0010_0009,3
30_patch_0010_0010,4
30_patch_0010_0011,4
30_patch_0010_0012,1
30_patch_0010_0013,2
30_patch_0010_0014,4
30_patch_0010_0015,1
30_patch_0010_0016,0
30_patch_0010_0017,3
30_patch_0010_0018,0
30_patch_0010_0019,-1
30_patch_0010_0020,1
30_patch_0010_0021,4
30_patch_0010_0022,3
30_patch_0010_0023,3
30_patch_0010_0024,1
30_patch_0010_0025,3
30_patch_0010_0026,4
30_patch_0010_0027,1
30_patch_0010_0028,-1
30_patch_0010_0029,4
30_patch_0010_0030,4
30_patch_0010_0031,2
30_patch_0010_0032,3
30_patch_0010_0033,0
30_patch_0010_0034,2
30_patch_0010_0035,2
30_patch_0010_0036,3
30_patch_0010_0037,1
30_patch_0010_0038,4
30_patch_0010_0039,4
30_patch_0011_0000,-1
30_patch_0011_0001,0
30_patch_0011_0002,3
30_patch_0011_0003,3
30_patch_0011_0004,-1
30_patch_0011_0005,1
30_patch_0011_0006,4
30_patch_0011_0007,2
30_patch_0011_0008,3
30_patch_0011_0009,1
30_patch_0011_0010,4
30_patch_0011_0011,3
30_patch_0011_0012,2
30_patch_0011_0013,3
30_patch_0011_0014,1
30_patch_0011_0015,1
30_patch_0011_0016,-1
30_patch_0011_0017,1
30_patch_0011_0018,4
30_patch_0011_0019,2
30_patch_0011_0020,3
30_patch_0011_0021,2
30_patch_0011_0022,3
30_patch_0011_0023,1
30_patch_0011_0024,3
30_patch_0011_0025,-1
30_patch_0011_0026,3
30_patch_0011_0027,4
30_patch_0011_0028,4
30_patch_0011_0029,4
30_patch_0011_0030,1
30_patch_0011_0031,2
30_patch_0011_0032,1
30_patch_0011_0033,2
30_patch_0011_0034,0
30_patch_0011_0035,3
30_patch_0011_0036,2
30_patch_0011_0037,4
30_patch_0011_0038,1
30_patch_0011_0039,4
30_patch_0012_0000,3
30_patch_0012_0001,4
30_patch_0012_0002,-1
30_patch_0012_0003,4
30_patch_0012_0004,1
30_patch_0012_0005,4
30_patch_0012_0006,2
30_patch_0012_0007,3
30_patch_0012_0008,3
30_patch_0012_0009,2
30_patch_0012_0010,1
30_patch_0012_0011,3
30_patch_0012_0012,4
30_patch_0012_0013,1
30_patch_0012_0014,-1
30_patch_0012_0015,3
30_patch_0012_0016,0
30_patch_0012_0017,2
30_patch_0012_0018,1
30_patch_0012_0019,3
30_patch_0012_0020,4
30_patch_0012_0021,4
30_patch_0012_0022,1
30_patch_0012_0023,4
30_patch_0012_0024,4
30_patch_0012_0025,2
30_patch_0012_0026,1
30_patch_0012_0027,0
30_patch_0012_0028,-1
30_patch_0012_0029,1
30_patch_0012_0030,-1
30_patch_0012_0031,-1
30_patch_0012_0032,1
30_patch_0012_0033,1
30_patch_0012_0034,1
30_patch_0012_0035,4
30_patch_0012_0036,4
30_patch_0012_0037,1
30_patch_0012_0038,-1
30_patch_0012_0039,-1
30_patch_0013_0000,2
30_patch_0013_0001,3
30_patch_0013_0002,-1
30_patch_0013_0003,1
30_patch_0013_0004,3
30_patch_0013_0005,4
30_patch_0013_0006,-1
30_patch_0013_0007,3
30_patch_0013_0008,3
30_patch_0013_0009,-1
30_patch_0013_0010,-1
30_patch_0013_0011,4
30_patch_0013_0012,4
30_patch_0013_0013,4
30_patch_0013_0014,-1
30_patch_0013_0015,0
30_patch_0013_0016,2
30_patch_0013_0017,0
30_patch_0013_0018,1
30_patch_0013_0019,4
30_patch_0013_0020,2
30_patch_0013_0021,4
30_patch_0013_0022,4
30_patch_0013_0023,1
30_patch_0013_0024,4
30_patch_0013_0025,2
30_patch_0013_0026,-1
30_patch_0013_0027,2
30_patch_0013_0028,1
30_patch_0013_0029,2
30_patch_0013_0030,4
30_patch_0013_0031,-1
30_patch_0013_0032,4
30_patch_0013_0033,2
30_patch_0013_0034,1
30_patch_0013_0035,0
30_patch_0013_0036,-1
30_patch_0013_0037,4
30_patch_0013_0038,3
30_patch_0013_0039,1
30_patch_0014_0000,3
30_patch_0014_0001,2
30_patch_0014_0002,2
30_patch_0014_0003,3
30_patch_0014_0004,2
30_patch_0014_0005,1
30_patch_0014_0006,2
30_patch_0014_0007,4
30_patch_0014_0008,1
30_patch_0014_0009,3
30_patch_0014_0010,0
30_patch_0014_0011,1
30_patch_0014_0012,1
30_patch_0014_0013,-1
30_patch_0014_0014,3
30_patch_0014_0015,4
30_patch_0014_0016,4
30_patch_0014_0017,3
30_patch_0014_0018,2
30_patch_0014_0019,-1
30_patch_0014_0020,1
30_patch_0014_0021,2
30_patch_0014_0022,3
30_patch_0014_0023,2
30_patch_0014_0024,3
30_patch_0014_0025,3
30_patch_0014_0026,-1
30_patch_0014_0027,1
30_patch_0014_0028,4
30_patch_0014_0029,2
30_patch_0014_0030,0
30_patch_0014_0031,1
30_patch_0014_0032,3
30_patch_0014_0033,4
30_patch_0014_0034,4
30_patch_0014_0035,4
30_patch_0014_0036,4
30_patch_0014_0037,1
30_patch_0014_0038,4
30_patch_0014_0039,3
30_patch_0015_0000,3
30_patch_0015_0001,4
30_patch_0015_0002,3
30_patch_0015_0003,2
30_patch_0015_0004,0
30_patch_0015_0005,2
30_patch_0015_0006,-1
30_patch_0015_0007,0
30_patch_0015_0008,4
30_patch_0015_0009,1
30_patch_0015_0010,4
30_patch_0015_0011,3
30_patch_0015_0012,1
30_patch_0015_0013,-1
30_patch_0015_0014,2
30_patch_0015_0015,4
30_patch_0015_0016,4
30_patch_0015_0017,2
30_patch_0015_0018,1
30_patch_0015_0019,3
30_patch_0015_0020,0
30_patch_0015_0021,4
30_patch_0015_0022,1
30_patch_0015_0023,4
30_patch_0015_0024,3
30_patch_0015_0025,0
30_patch_0015_0026,2
30_patch_0015_0027,4
30_patch_0015_0028,-1
30_patch_0015_0029,4
30_patch_0015_0030,3
30_patch_0015_0031,-1
30_patch_0015_0032,2
30_patch_0015_0033,2
30_patch_0015_0034,4
30_patch_0015_0035,1
30_patch_0015_0036,2
30_patch_0015_0037,1
30_patch_0015_0038,1
30_patch_0015_0039,2
30_patch_0016_0000,2
30_patch_0016_0001,-1
30_patch_0016_0002,2
30_patch_0016_0003,4
30_patch_0016_0004,3
30_patch_0016_0005,4
30_patch_0016_0006,3
30_patch_0016_0007,1
30_patch_0016_0008,4
30_patch_0016_0009,1
30_patch_0016_0010,1
30_patch_0016_0011,4
30_patch_0016_0012,0
30_patch_0016_0013,-1
30_patch_0016_0014,2
30_patch_0016_0015,0
30_patch_0016_0016,2
30_patch_0016_0017,3
30_patch_0016_0018,1
30_patch_0016_0019,1
30_patch_0016_0020,3
30_patch_0016_0021,4
30_patch_0016_0022,3
30_patch_0016_0023,1
30_patch_0016_0024,2
30_patch_0016_0025,4
30_patch_0016_0026,4
30_patch_0016_0027,4
30_patch_0016_0028,-1
30_patch_0016_0029,4
30_patch_0016_0030,1
30_patch_0016_0031,1
30_patch_0016_0032,1
30_patch_0016_0033,1
30_patch_0016_0034,1
30_patch_0016_0035,2
30_patch_0016_0036,1
30_patch_0016_0037,3
30_patch_0016_0038,1
30_patch_0016_0039,3
30_patch_0017_0000,1
30_patch_0017_0001,0
30_patch_0017_0002,4
30_patch_0017_0003,4
30_patch_0017_0004,2
30_patch_0017_0005,4
30_patch_0017_0006,2
30_patch_0017_0007,2
30_patch_0017_0008,4
30_patch_0017_0009,0
30_patch_0017_0010,2
30_patch_0017_0011,4
30_patch_0017_0012,2
30_patch_0017_0013,4
30_patch_0017_0014,-1
30_patch_0017_0015,3
30_patch_0017_0016,2
30_patch_0017_0017,3
30_patch_0017_0018,4
30_patch_0017_0019,-1
30_patch_0017_0020,4
30_patch_0017_0021,3
30_patch_0017_0022,3
30_patch_0017_0023,2
30_patch_0017_0024,3
30_patch_0017_0025,1
30_patch_0017_0026,4
30_patch_0017_0027,4
30_patch_0017_0028,1
30_patch_0017_0029,4
30_patch_0017_0030,1
30_patch_0017_0031,3
30_patch_0017_0032,3
30_patch_0017_0033,4
30_patch_0017_0034,-1
30_patch_0017_0035,1
30_patch_0017_0036,1
30_patch_0017_0037,2
30_patch_0017_0038,3
30_patch_0017_0039,1
30_patch_0018_0000,3
30_patch_0018_0001,2
30_patch_0018_0002,-1
30_patch_0018_0003,0
30_patch_0018_0004,-1
30_patch_0018_0005,2
30_patch_0018_0006,2
30_patch_0018_0007,-1
30_patch_0018_0008,3
30_patch_0018_0009,1
30_patch_0018_0010,3
30_patch_0018_0011,1
30_patch_0018_0012,1
30_patch_0018_0013,2
30_patch_0018_0014,2
30_patch_0018_0015,1
30_patch_0018_0016,3
30_patch_0018_0017,0
30_patch_0018_0018,1
30_patch_0018_0019,3
30_patch_0018_0020,0
30_patch_0018_0021,-1
30_patch_0018_0022,1
30_patch_0018_0023,4
30_patch_0018_0024,2
30_patch_0018_0025,1
30_patch_0018_0026,2
30_patch_0018_0027,4
30_patch_0018_0028,2
30_patch_0018_0029,1
30_patch_0018_0030,3
30_patch_0018_0031,-1
30_patch_0018_0032,2
30_patch_0018_0033,2
30_patch_0018_0034,3
30_patch_0018_0035,3
30_patch_0018_0036,3
30_patch_0018_0037,2
30_patch_0018_0038,1
30_patch_0018_0039,0
30_patch_0019_0000,2
30_patch_0019_0001,1
30_patch_0019_0002,0
30_patch_0019_0003,1
30_patch_0019_0004,0
30_patch_0019_0005,0
30_patch_0019_0006,2
30_patch_0019_0007,1
30_patch_0019_0008,4
30_patch_0019_0009,2
30_patch_0019_0010,3
30_patch_0019_0011,1
30_patch_0019_0012,4
30_patch_0019_0013,4
30_patch_0019_0014,0
30_patch_0019_0015,0
30_patch_0019_0016,0
30_patch_0019_0017,4
30_patch_0019_0018,2
30_patch_0019_0019,-1
30_patch_0019_0020,3
30_patch_0019_0021,4
30_patch_0019_0022,4
30_patch_0019_0023,3
30_patch_0019_0024,1
30_patch_0019_0025,1
30_patch_0019_0026,3
30_patch_0019_0027,2
30_patch_0019_0028,1
30_patch_0019_0029,1
30_patch_0019_0030,3
30_patch_0019_0031,3
30_patch_0019_0032,3
30_patch_0019_0033,1
30_patch_0019_0034,1
30_patch_0019_0035,3
30_patch_0019_0036,0
30_patch_0019_0037,2
30_patch_0019_0038,2
30_patch_0019_0039,4
30_patch_0020_0000,1
30_patch_0020_0001,2
30_patch_0020_0002,3
30_patch_0020_0003,-1
30_patch_0020_0004,1
30_patch_0020_0005,-1
30_patch_0020_0006,3
30_patch_0020_0007,4
30_patch_0020_0008,4
30_patch_0020_0009,4
30_patch_0020_0010,2
30_patch_0020_0011,0
30_patch_0020_0012,0
30_patch_0020_0013,1
30_patch_0020_0014,1
30_patch_0020_0015,0
30_patch_0020_0016,-1
30_patch_0020_0017,3
30_patch_0020_0018,0
30_patch_0020_0019,-1
30_patch_0020_0020,4
30_patch_0020_0021,0
30_patch_0020_0022,2
30_patch_0020_0023,2
30_patch_0020_0024,1
30_patch_0020_0025,3
30_patch_0020_0026,1
30_patch_0020_0027,-1
30_patch_0020_0028,3
30_patch_0020_0029,3
30_patch_0020_0030,2
30_patch_0020_0031,3
30_patch_0020_0032,1
30_patch_0020_0033,3
30_patch_0020_0034,1
30_patch_0020_0035,2
30_patch_0020_0036,3
30_patch_0020_0037,4
30_patch_0020_0038,2
30_patch_0020_0039,3
30_patch_0021_0000,3
30_patch_0021_0001,2
30_patch_0021_0002,0
30_patch_0021_0003,3
30_patch_0021_0004,3
30_patch_0021_0005,4
30_patch_0021_0006,2
30_patch_0021_0007,3
30_patch_0021_0008,2
30_patch_0021_0009,3
30_patch_0021_0010,3
30_patch_0021_0011,-1
30_patch_0021_0012,2
30_patch_0021_0013,1
30_patch_0021_0014,2
30_patch_0021_0015,4
30_patch_0021_0016,-1
30_patch_0021_0017,4
30_patch_0021_0018,2
30_patch_0021_0019,-1
30_patch_0021_0020,3
30_patch_0021_0021,4
30_patch_0021_0022,4
30_patch_0021_0023,0
30_patch_0021_0024,2
30_patch_0021_0025,4
30_patch_0021_0026,4
30_patch_0021_0027,1
30_patch_0021_0028,4
30_patch_0021_0029,1
30_patch_0021_0030,0
30_patch_0021_0031,-1
30_patch_0021_0032,1
30_patch_0021_0033,1
30_patch_0021_0034,2
30_patch_0021_0035,1
30_patch_0021_0036,2
30_patch_0021_0037,1
30_patch_0021_0038,0
30_patch_0021_0039,1
30_patch_0022_0000,1
30_patch_0022_0001,0
30_patch_0022_0002,4
30_patch_0022_0003,3
30_patch_0022_0004,4
30_patch_0022_0005,0
30_patch_0022_0006,2
30_patch_0022_0007,2
30_patch_0022_0008,3
30_patch_0022_0009,-1
30_patch_0022_0010,4
30_patch_0022_0011,1
30_patch_0022_0012,1
30_patch_0022_0013,2
30_patch_0022_0014,3
30_patch_0022_0015,-1
30_patch_0022_0016,4
30_patch_0022_0017,3
30_patch_0022_0018,0
30_patch_0022_0019,2
30_patch_0022_0020,4
30_patch_0022_0021,1
30_patch_0022_0022,2
30_patch_0022_0023,3
30_patch_0022_0024,3
30_patch_0022_0025,3
30_patch_0022_0026,1
30_patch_0022_0027,2
30_patch_0022_0028,0
30_patch_0022_0029,3
30_patch_0022_0030,-1
30_patch_0022_0031,0
30_patch_0022_0032,1
30_patch_0022_0033,1
30_patch_0022_0034,4
30_patch_0022_0035,4
30_patch_0022_0036,-1
30_patch_0022_0037,1
30_patch_0022_0038,1
30_patch_0022_0039,0
31_patch_0000_0000,1
31_patch_0000_0001,1
31_patch_0000_0002,2
31_patch_0000_0003,1
31_patch_0000_0004,0
31_patch_0000_0005,3
31_patch_0000_0006,-1
31_patch_0000_0007,2
31_patch_0000_0008,4
31_patch_0000_0009,4
31_patch_0000_0010,-1
31_patch_0000_0011,-1
31_patch_0000_0012,1
31_patch_0000_0013,4
31_patch_0000_0014,2
31_patch_0000_0015,2
31_patch_0000_0016,2
31_patch_0000_0017,3
31_patch_0000_0018,0
31_patch_0000_0019,2
31_patch_0000_0020,1
31_patch_0000_0021,1
31_patch_0000_0022,4
31_patch_0000_0023,2
31_patch_0000_0024,3
31_patch_0000_0025,2
31_patch_0000_0026,0
31_patch_0000_0027,-1
31_patch_0001_0000,1
31_patch_0001_0001,-1
31_patch_0001_0002,1
31_patch_0001_0003,3
31_patch_0001_0004,2
31_patch_0001_0005,1
31_patch_0001_0006,0
31_patch_0001_0007,1
31_patch_0001_0008,-1
31_patch_0001_0009,2
31_patch_0001_0010,3
31_patch_0001_0011,4
31_patch_0001_0012,2
31_patch_0001_0013,4
31_patch_0001_0014,2
31_patch_0001_0015,3
31_patch_0001_0016,0
31_patch_0001_0017,3
31_patch_0001_0018,3
31_patch_0001_0019,3
31_patch_0001_0020,1
31_patch_0001_0021,0
31_patch_0001_0022,4
31_patch_0001_0023,2
31_patch_0001_0024,4
31_patch_0001_0025,4
31_patch_0001_0026,0
31_patch_0001_0027,1
31_patch_0002_0000,2
31_patch_0002_0001,4
31_patch_0002_0002,3
31_patch_0002_0003,1
31_patch_0002_0004,2
31_patch_0002_0005,3
31_patch_0002_0006,1
31_patch_0002_0007,3
31_patch_0002_0008,0
31_patch_0002_0009,-1
31_patch_0002_0010,4
31_patch_0002_0011,1
31_patch_0002_0012,4
31_patch_0002_0013,2
31_patch_0002_0014,0
31_patch_0002_0015,3
31_patch_0002_0016,4
31_patch_0002_0017,-1
31_patch_0002_0018,1
31_patch_0002_0019,1
31_patch_0002_0020,2
31_patch_0002_0021,2
31_patch_0002_0022,1
31_patch_0002_0023,4
31_patch_0002_0024,1
31_patch_0002_0025,-1
31_patch_0002_0026,3
31_patch_0002_0027,3
31_patch_0003_0000,2
31_patch_0003_0001,4
31_patch_0003_0002,1
31_patch_0003_0003,4
31_patch_0003_0004,3
31_patch_0003_0005,2
31_patch_0003_0006,4
31_patch_0003_0007,2
31_patch_0003_0008,3
31_patch_0003_0009,3
31_patch_0003_0010,1
31_patch_0003_0011,4
31_patch_0003_0012,4
31_patch_0003_0013,3
31_patch_0003_0014,1
31_patch_0003_0015,0
31_patch_0003_0016,3
31_patch_0003_0017,3
31_patch_0003_0018,3
31_patch_0003_0019,2
31_patch_0003_0020,2
31_patch_0003_0021,1
31_patch_0003_0022,1
31_patch_0003_0023,3
31_patch_0003_0024,2
31_patch_0003_0025,2
31_patch_0003_0026,3
31_patch_0003_0027,1
31_patch_0004_0000,3
31_patch_0004_0001,2
31_patch_0004_0002,4
31_patch_0004_0003,-1
31_patch_0004_0004,3
31_patch_0004_0005,0
31_patch_0004_0006,-1
31_patch_0004_0007,-1
31_patch_0004_0008,4
31_patch_0004_0009,2
31_patch_0004_0010,3
31_patch_0004_0011,2
31_patch_0004_0012,4
31_patch_0004_0013,1
31_patch_0004_0014,2
31_patch_0004_0015,3
31_patch_0004_0016,1
31_patch_0004_0017,-1
31_patch_0004_0018,2
31_patch_0004_0019,1
31_patch_0004_0020,2
31_patch_0004_0021,-1
31_patch_0004_0022,1
31_patch_0004_0023,1
31_patch_0004_0024,1
31_patch_0004_0025,-1
31_patch_0004_0026,2
31_patch_0004_0027,3
31_patch_0005_0000,0
31_patch_0005_0001,1
31_patch_0005_0002,2
31_patch_0005_0003,1
31_patch_0005_0004,4
31_patch_0005_0005,2
31_patch_0005_0006,2
31_patch_0005_0007,2
31_patch_0005_0008,2
31_patch_0005_0009,2
31_patch_0005_0010,0
31_patch_0005_0011,3
31_patch_0005_0012,2
31_patch_0005_0013,4
31_patch_0005_0014,3
31_patch_0005_0015,1
31_patch_0005_0016,1
31_patch_0005_0017,3
31_patch_0005_0018,1
31_patch_0005_0019,0
31_patch_0005_0020,0
31_patch_0005_0021,4
31_patch_0005_0022,4
31_patch_0005_0023,2
31_patch_0005_0024,-1
31_patch_0005_0025,4
31_patch_0005_0026,4
31_patch_0005_0027,-1
31_patch_0006_0000,-1
31_patch_0006_0001,4
31_patch_0006_0002,3
31_patch_0006_0003,1
31_patch_0006_0004,1
31_patch_0006_0005,2
31_patch_0006_0006,1
31_patch_0006_0007,0
31_patch_0006_0008,3
31_patch_0006_0009,1
31_patch_0006_0010,4
31_patch_0006_0011,2
31_patch_0006_0012,4
31_patch_0006_0013,2
31_patch_0006_0014,3
31_patch_0006_0015,4
31_patch_0006_0016,4
31_patch_0006_0017,2
31_patch_0006_0018,3
31_patch_0006_0019,1
31_patch_0006_0020,2
31_patch_0006_0021,2
31_patch_0006_0022,-1
31_patch_0006_0023,-1
31_patch_0006_0024,3
31_patch_0006_0025,3
31_patch_0006_0026,2
31_patch_0006_0027,2
31_patch_0007_0000,2
31_patch_0007_0001,1
31_patch_0007_0002,1
31_patch_0007_0003,1
31_patch_0007_0004,4
31_patch_0007_0005,3
31_patch_0007_0006,2
31_patch_0007_0007,2
31_patch_0007_0008,1
31_patch_0007_0009,4
31_patch_0007_0010,-1
31_patch_0007_0011,2
31_patch_0007_0012,4
31_patch_0007_0013,3
31_patch_0007_0014,1
31_patch_0007_0015,4
31_patch_0007_0016,2
31_patch_0007_0017,4
31_patch_0007_0018,3
31_patch_0007_0019,2
31_patch_0007_0020,2
31_patch_0007_0021,1
31_patch_0007_0022,2
31_patch_0007_0023,3
31_patch_0007_0024,0
31_patch_0007_0025,2
31_patch_0007_0026,1
31_patch_0007_0027,1
31_patch_0008_0000,2
31_patch_0008_0001,4
31_patch_0008_0002,3
31_patch_0008_0003,1
31_patch_0008_0004,2
31_patch_0008_0005,1
31_patch_0008_0006,4
31_patch_0008_0007,3
31_patch_0008_0008,1
31_patch_0008_0009,2
31_patch_0008_0010,4
31_patch_0008_0011,4
31_patch_0008_0012,1
31_patch_0008_0013,4
31_patch_0008_0014,3
31_patch_0008_0015,3
31_patch_0008_0016,1
31_patch_0008_0017,2
31_patch_0008_0018,2
31_patch_0008_0019,3
31_patch_0008_0020,3
31_patch_0008_0021,4
31_patch_0008_0022,4
31_patch_0008_0023,3
31_patch_0008_0024,3
31_patch_0008_0025,1
31_patch_0008_0026,2
31_patch_0008_0027,3
31_patch_0009_0000,4
31_patch_0009_0001,2
31_patch_0009_0002,-1
31_patch_0009_0003,4
31_patch_0009_0004,3
31_patch_0009_0005,0
31_patch_0009_0006,-1
31_patch_0009_0007,4
31_patch_0009_0008,4
31_patch_0009_0009,2
31_patch_0009_0010,1
31_patch_0009_0011,1
31_patch_0009_0012,4
31_patch_0009_0013,2
31_patch_0009_0014,4
31_patch_0009_0015,2
31_patch_0009_0016,3
31_patch_0009_0017,2
31_patch_0009_0018,1
31_patch_0009_0019,2
31_patch_0009_0020,2
31_patch_0009_0021,0
31_patch_0009_0022,3
31_patch_0009_0023,3
31_patch_0009_0024,3
31_patch_0009_0025,1
31_patch_0009_0026,3
31_patch_0009_0027,3
31_patch_0010_0000,2
31_patch_0010_0001,1
31_patch_0010_0002,4
31_patch_0010_0003,1
31_patch_0010_0004,4
31_patch_0010_0005,1
31_patch_0010_0006,3
31_patch_0010_0007,2
31_patch_0010_0008,3
31_patch_0010_0009,1
31_patch_0010_0010,4
31_patch_0010_0011,0
31_patch_0010_0012,-1
31_patch_0010_0013,2
31_patch_0010_0014,2
31_patch_0010_0015,4
31_patch_0010_0016,4
31_patch_0010_0017,1
31_patch_0010_0018,3
31_patch_0010_0019,2
31_patch_0010_0020,3
31_patch_0010_0021,4
31_patch_0010_0022,1
31_patch_0010_0023,2
31_patch_0010_0024,-1
31_patch_0010_0025,2
31_patch_0010_0026,3
31_patch_0010_0027,-1
31_patch_0011_0000,-1
31_patch_0011_0001,1
31_patch_0011_0002,3
31_patch_0011_0003,4
31_patch_0011_0004,4
31_patch_0011_0005,-1
31_patch_0011_0006,3
31_patch_0011_0007,4
31_patch_0011_0008,4
31_patch_0011_0009,0
31_patch_0011_0010,4
31_patch_0011_0011,2
31_patch_0011_0012,3
31_patch_0011_0013,1
31_patch_0011_0014,4
31_patch_0011_0015,4
31_patch_0011_0016,1
31_patch_0011_0017,4
31_patch_0011_0018,4
31_patch_0011_0019,3
31_patch_0011_0020,0
31_patch_0011_0021,-1
31_patch_0011_0022,1
31_patch_0011_0023,0
31_patch_0011_0024,1
31_patch_0011_0025,2
31_patch_0011_0026,0
31_patch_0011_0027,4
31_patch_0012_0000,4
31_patch_0012_0001,3
31_patch_0012_0002,1
31_patch_0012_0003,3
31_patch_0012_0004,2
31_patch_0012_0005,-1
31_patch_0012_0006,1
31_patch_0012_0007,0
31_patch_0012_0008,4
31_patch_0012_0009,2
31_patch_0012_0010,4
31_patch_0012_0011,2
31_patch_0012_0012,4
31_patch_0012_0013,2
31_patch_0012_0014,0
31_patch_0012_0015,3
31_patch_0012_0016,1
31_patch_0012_0017,1
31_patch_0012_0018,3
31_patch_0012_0019,1
31_patch_0012_0020,3
31_patch_0012_0021,3
31_patch_0012_0022,1
31_patch_0012_0023,-1
31_patch_0012_0024,4
31_patch_0012_0025,2
31_patch_0012_0026,3
31_patch_0012_0027,4
31_patch_0013_0000,3
31_patch_0013_0001,4
31_patch_0013_0002,2
31_patch_0013_0003,0
31_patch_0013_0004,4
31_patch_0013_0005,3
31_patch_0013_0006,-1
31_patch_0013_0007,1
31_patch_0013_0008,2
31_patch_0013_0009,3
31_patch_0013_0010,0
31_patch_0013_0011,1
31_patch_0013_0012,-1
31_patch_0013_0013,3
31_patch_0013_0014,-1
31_patch_0013_0015,3
31_patch_0013_0016,4
31_patch_0013_0017,3
31_patch_0013_0018,1
31_patch_0013_0019,3
31_patch_0013_0020,4
31_patch_0013_0021,1
31_patch_0013_0022,4
31_patch_0013_0023,-1
31_patch_0013_0024,2
31_patch_0013_0025,4
31_patch_0013_0026,3
31_patch_0013_0027,1
31_patch_0014_0000,1
31_patch_0014_0001,1
31_patch_0014_0002,4
31_patch_0014_0003,-1
31_patch_0014_0004,4
31_patch_0014_0005,1
31_patch_0014_0006,2
31_patch_0014_0007,4
31_patch_0014_0008,1
31_patch_0014_0009,1
31_patch_0014_0010,4
31_patch_0014_0011,4
31_patch_0014_0012,4
31_patch_0014_0013,4
31_patch_0014_0014,3
31_patch_0014_0015,2
31_patch_0014_0016,4
31_patch_0014_0017,3
31_patch_0014_0018,4
31_patch_0014_0019,2
31_patch_0014_0020,1
31_patch_0014_0021,3
31_patch_0014_0022,0
31_patch_0014_0023,3
31_patch_0014_0024,1
31_patch_0014_0025,1
31_patch_0014_0026,3
31_patch_0014_0027,3
31_patch_0015_0000,1
31_patch_0015_0001,3
31_patch_0015_0002,2
31_patch_0015_0003,1
31_patch_0015_0004,4
31_patch_0015_0005,2
31_patch_0015_0006,4
31_patch_0015_0007,4
31_patch_0015_0008,2
31_patch_0015_0009,2
31_patch_0015_0010,3
31_patch_0015_0011,-1
31_patch_0015_0012,1
31_patch_0015_0013,1
31_patch_0015_0014,4
31_patch_0015_0015,1
31_patch_0015_0016,0
31_patch_0015_0017,1
31_patch_0015_0018,3
31_patch_0015_0019,3
31_patch_0015_0020,2
31_patch_0015_0021,3
31_patch_0015_0022,2
31_patch_0015_0023,2
31_patch_0015_0024,4
31_patch_0015_0025,3
31_patch_0015_0026,3
31_patch_0015_0027,0
31_patch_0016_0000,4
31_patch_0016_0001,2
31_patch_0016_0002,0
31_patch_0016_0003,0
31_patch_0016_0004,1
31_patch_0016_0005,4
31_patch_0016_0006,0
31_patch_0016_0007,1
31_patch_0016_0008,4
31_patch_0016_0009,2
31_patch_0016_0010,-1
31_patch_0016_0011,1
31_patch_0016_0012,1
31_patch_0016_0013,1
31_patch_0016_0014,4
31_patch_0016_0015,2
31_patch_0016_0016,2
31_patch_0016_0017,4
31_patch_0016_0018,1
31_patch_0016_0019,4
31_patch_0016_0020,0
31_patch_0016_0021,4
31_patch_0016_0022,4
31_patch_0016_0023,3
31_patch_0016_0024,4
31_patch_0016_0025,3
31_patch_0016_0026,4
31_patch_0016_0027,1
31_patch_0017_0000,1
31_patch_0017_0001,4
31_patch_0017_0002,-1
31_patch_0017_0003,-1
31_patch_0017_0004,2
31_patch_0017_0005,0
31_patch_0017_0006,1
31_patch_0017_0007,2
31_patch_0017_0008,1
31_patch_0017_0009,2
31_patch_0017_0010,4
31_patch_0017_0011,3
31_patch_0017_0012,1
31_patch_0017_0013,2
31_patch_0017_0014,1
31_patch_0017_0015,1
31_patch_0017_0016,3
31_patch_0017_0017,4
31_patch_0017_0018,3
31_patch_0017_0019,4
31_patch_0017_0020,4
31_patch_0017_0021,-1
31_patch_0017_0022,-1
31_patch_0017_0023,2
31_patch_0017_0024,4
31_patch_0017_0025,2
31_patch_0017_0026,3
31_patch_0017_0027,1
32_patch_0000_0000,4
32_patch_0000_0001,2
32_patch_0000_0002,-1
32_patch_0000_0003,1
32_patch_0000_0004,3
32_patch_0000_0005,2
32_patch_0000_0006,3
32_patch_0000_0007,-1
32_patch_0000_0008,2
32_patch_0000_0009,3
32_patch_0000_0010,2
32_patch_0000_0011,-1
32_patch_0000_0012,3
32_patch_0000_0013,-1
32_patch_0000_0014,1
32_patch_0000_0015,4
32_patch_0000_0016,4
32_patch_0000_0017,3
32_patch_0000_0018,2
32_patch_0000_0019,4
32_patch_0000_0020,4
32_patch_0000_0021,1
32_patch_0000_0022,4
32_patch_0000_0023,3
32_patch_0000_0024,4
32_patch_0000_0025,0
32_patch_0000_0026,-1
32_patch_0000_0027,-1
32_patch_0000_0028,3
32_patch_0000_0029,1
32_patch_0000_0030,1
32_patch_0001_0000,4
32_patch_0001_0001,2
32_patch_0001_0002,3
32_patch_0001_0003,2
32_patch_0001_0004,1
32_patch_0001_0005,4
32_patch_0001_0006,2
32_patch_0001_0007,0
32_patch_0001_0008,-1
32_patch_0001_0009,-1
32_patch_0001_0010,1
32_patch_0001_0011,-1
32_patch_0001_0012,3
32_patch_0001_0013,4
32_patch_0001_0014,3
32_patch_0001_0015,3
32_patch_0001_0016,3
32_patch_0001_0017,0
32_patch_0001_0018,4
32_patch_0001_0019,0
32_patch_0001_0020,3
32_patch_0001_0021,-1
32_patch_0001_0022,2
32_patch_0001_0023,1
32_patch_0001_0024,1
32_patch_0001_0025,3
32_patch_0001_0026,3
32_patch_0001_0027,3
32_patch_0001_0028,4
32_patch_0001_0029,2
32_patch_0001_0030,1
32_patch_0002_0000,2
32_patch_0002_0001,4
32_patch_0002_0002,2
32_patch_0002_0003,3
32_patch_0002_0004,0
32_patch_0002_0005,0
32_patch_0002_0006,3
32_patch_0002_0007,3
32_patch_0002_0008,4
32_patch_0002_0009,0
32_patch_0002_0010,0
32_patch_0002_0011,0
32_patch_0002_0012,3
32_patch_0002_0013,1
32_patch_0002_0014,2
32_patch_0002_0015,2
32_patch_0002_0016,4
32_patch_0002_0017,1
32_patch_0002_0018,3
32_patch_0002_0019,3
32_patch_0002_0020,4
32_patch_0002_0021,2
32_patch_0002_0022,2
32_patch_0002_0023,-1
32_patch_0002_0024,2
32_patch_0002_0025,1
32_patch_0002_0026,4
32_patch_0002_0027,0
32_patch_0002_0028,3
32_patch_0002_0029,4
32_patch_0002_0030,3
32_patch_0003_0000,-1
32_patch_0003_0001,4
32_patch_0003_0002,4
32_patch_0003_0003,1
32_patch_0003_0004,2
32_patch_0003_0005,3
32_patch_0003_0006,4
32_patch_0003_0007,3
32_patch_0003_0008,2
32_patch_0003_0009,3
32_patch_0003_0010,4
32_patch_0003_0011,3
32_patch_0003_0012,1
32_patch_0003_0013,4
32_patch_0003_0014,2
32_patch_0003_0015,1
32_patch_0003_0016,4
32_patch_0003_0017,1
32_patch_0003_0018,2
32_patch_0003_0019,2
32_patch_0003_0020,4
32_patch_0003_0021,1
32_patch_0003_0022,2
32_patch_0003_0023,1
32_patch_0003_0024,4
32_patch_0003_0025,1
32_patch_0003_0026,4
32_patch_0003_0027,2
32_patch_0003_0028,3
32_patch_0003_0029,-1
32_patch_0003_0030,2
32_patch_0004_0000,3
32_patch_0004_0001,1
32_patch_0004_0002,2
32_patch_0004_0003,2
32_patch_0004_0004,1
32_patch_0004_0005,3
32_patch_0004_0006,3
32_patch_0004_0007,3
32_patch_0004_0008,2
32_patch_0004_0009,2
32_patch_0004_0010,2
32_patch_0004_0011,1
32_patch_0004_0012,4
32_patch_0004_0013,0
32_patch_0004_0014,4
32_patch_0004_0015,0
32_patch_0004_0016,3
32_patch_0004_0017,0
32_patch_0004_0018,-1
32_patch_0004_0019,1
32_patch_0004_0020,2
32_patch_0004_0021,4
32_patch_0004_0022,3
32_patch_0004_0023,3
32_patch_0004_0024,2
32_patch_0004_0025,2
32_patch_0004_0026,4
32_patch_0004_0027,4
32_patch_0004_0028,-1
32_patch_0004_0029,1
32_patch_0004_0030,4
32_patch_0005_0000,0
32_patch_0005_0001,3
32_patch_0005_0002,3
32_patch_0005_0003,2
32_patch_0005_0004,4
32_patch_0005_0005,0
32_patch_0005_0006,3
32_patch_0005_0007,4
32_patch_0005_0008,0
32_patch_0005_0009,3
32_patch_0005_0010,4
32_patch_0005_0011,1
32_patch_0005_0012,-1
32_patch_0005_0013,3
32_patch_0005_0014,2
32_patch_0005_0015,1
32_patch_0005_0016,2
32_patch_0005_0017,2
32_patch_0005_0018,4
32_patch_0005_0019,1
32_patch_0005_0020,2
32_patch_0005_0021,1
32_patch_0005_0022,0
32_patch_0005_0023,3
32_patch_0005_0024,2
32_patch_0005_0025,2
32_patch_0005_0026,1
32_patch_0005_0027,4
32_patch_0005_0028,3
32_patch_0005_0029,-1
32_patch_0005_0030,4
32_patch_0006_0000,1
32_patch_0006_0001,4
32_patch_0006_0002,1
32_patch_0006_0003,2
32_patch_0006_0004,3
32_patch_0006_0005,3
32_patch_0006_0006,-1
32_patch_0006_0007,3
32_patch_0006_0008,3
32_patch_0006_0009,2
32_patch_0006_0010,2
32_patch_0006_0011,2
32_patch_0006_0012,0
32_patch_0006_0013,1
32_patch_0006_0014,-1
32_patch_0006_0015,4
32_patch_0006_0016,1
32_patch_0006_0017,4
32_patch_0006_0018,-1
32_patch_0006_0019,3
32_patch_0006_0020,2
32_patch_0006_0021,1
32_patch_0006_0022,4
32_patch_0006_0023,4
32_patch_0006_0024,3
32_patch_0006_0025,2
32_patch_0006_0026,3
32_patch_0006_0027,1
32_patch_0006_0028,1
32_patch_0006_0029,0
32_patch_0006_0030,3
32_patch_0007_0000,1
32_patch_0007_0001,4
32_patch_0007_0002,1
32_patch_0007_0003,1
32_patch_0007_0004,-1
32_patch_0007_0005,2
32_patch_0007_0006,2
32_patch_0007_0007,1
32_patch_0007_0008,4
32_patch_0007_0009,4
32_patch_0007_0010,2
32_patch_0007_0011,4
32_patch_0007_0012,0
32_patch_0007_0013,4
32_patch_0007_0014,2
32_patch_0007_0015,4
32_patch_0007_0016,4
32_patch_0007_0017,2
32_patch_0007_0018,1
32_patch_0007_0019,0
32_patch_0007_0020,2
32_patch_0007_0021,3
32_patch_0007_0022,3
32_patch_0007_0023,3
32_patch_0007_0024,-1
32_patch_0007_0025,-1
32_patch_0007_0026,2
32_patch_0007_0027,2
32_patch_0007_0028,0
32_patch_0007_0029,1
32_patch_0007_0030,4
32_patch_0008_0000,2
32_patch_0008_0001,1
32_patch_0008_0002,2
32_patch_0008_0003,4
32_patch_0008_0004,1
32_patch_0008_0005,4
32_patch_0008_0006,0
32_patch_0008_0007,3
32_patch_0008_0008,3
32_patch_0008_0009,-1
32_patch_0008_0010,1
32_patch_0008_0011,4
32_patch_0008_0012,-1
32_patch_0008_0013,1
32_patch_0008_0014,3
32_patch_0008_0015,1
32_patch_0008_0016,2
32_patch_0008_0017,2
32_patch_0008_0018,4
32_patch_0008_0019,4
32_patch_0008_0020,4
32_patch_0008_0021,-1
32_patch_0008_0022,3
32_patch_0008_0023,1
32_patch_0008_0024,3
32_patch_0008_0025,1
32_patch_0008_0026,2
32_patch_0008_0027,4
32_patch_0008_0028,3
32_patch_0008_0029,2
32_patch_0008_0030,-1
32_patch_0009_0000,0
32_patch_0009_0001,1
32_patch_0009_0002,4
32_patch_0009_0003,3
32_patch_0009_0004,1
32_patch_0009_0005,0
32_patch_0009_0006,1
32_patch_0009_0007,2
32_patch_0009_0008,2
32_patch_0009_0009,1
32_patch_0009_0010,0
32_patch_0009_0011,-1
32_patch_0009_0012,-1
32_patch_0009_0013,2
32_patch_0009_0014,3
32_patch_0009_0015,-1
32_patch_0009_0016,1
32_patch_0009_0017,3
32_patch_0009_0018,0
32_patch_0009_0019,3
32_patch_0009_0020,3
32_patch_0009_0021,1
32_patch_0009_0022,-1
32_patch_0009_0023,2
32_patch_0009_0024,0
32_patch_0009_0025,-1
32_patch_0009_0026,1
32_patch_0009_0027,2
32_patch_0009_0028,1
32_patch_0009_0029,-1
32_patch_0009_0030,3
32_patch_0010_0000,2
32_patch_0010_0001,3
32_patch_0010_0002,1
32_patch_0010_0003,3
32_patch_0010_0004,1
32_patch_0010_0005,0
32_patch_0010_0006,-1
32_patch_0010_0007,2
32_patch_0010_0008,2
32_patch_0010_0009,1
32_patch_0010_0010,-1
32_patch_0010_0011,-1
32_patch_0010_0012,1
32_patch_0010_0013,4
32_patch_0010_0014,0
32_patch_0010_0015,-1
32_patch_0010_0016,3
32_patch_0010_0017,3
32_patch_0010_0018,4
32_patch_0010_0019,-1
32_patch_0010_0020,-1
32_patch_0010_0021,0
32_patch_0010_0022,4
32_patch_0010_0023,2
32_patch_0010_0024,0
32_patch_0010_0025,4
32_patch_0010_0026,4
32_patch_0010_0027,1
32_patch_0010_0028,2
32_patch_0010_0029,1
32_patch_0010_0030,3
32_patch_0011_0000,3
32_patch_0011_0001,3
32_patch_0011_0002,4
32_patch_0011_0003,1
32_patch_0011_0004,4
32_patch_0011_0005,4
32_patch_0011_0006,3
32_patch_0011_0007,4
32_patch_0011_0008,3
32_patch_0011_0009,2
32_patch_0011_0010,3
32_patch_0011_0011,4
32_patch_0011_0012,1
32_patch_0011_0013,4
32_patch_0011_0014,1
32_patch_0011_0015,0
32_patch_0011_0016,-1
32_patch_0011_0017,0
32_patch_0011_0018,0
32_patch_0011_0019,4
32_patch_0011_0020,2
32_patch_0011_0021,0
32_patch_0011_0022,4
32_patch_0011_0023,3
32_patch_0011_0024,3
32_patch_0011_0025,3
32_patch_0011_0026,2
32_patch_0011_0027,2
32_patch_0011_0028,2
32_patch_0011_0029,1
32_patch_0011_0030,3
32_patch_0012_0000,4
32_patch_0012_0001,3
32_patch_0012_0002,1
32_patch_0012_0003,0
32_patch_0012_0004,2
32_patch_0012_0005,0
32_patch_0012_0006,-1
32_patch_0012_0007,4
32_patch_0012_0008,1
32_patch_0012_0009,2
32_patch_0012_0010,4
32_patch_0012_0011,2
32_patch_0012_0012,2
32_patch_0012_0013,-1
32_patch_0012_0014,2
32_patch_0012_0015,-1
32_patch_0012_0016,4
32_patch_0012_0017,1
32_patch_0012_0018,4
32_patch_0012_0019,-1
32_patch_0012_0020,0
32_patch_0012_0021,4
32_patch_0012_0022,2
32_patch_0012_0023,4
32_patch_0012_0024,3
32_patch_0012_0025,3
32_patch_0012_0026,2
32_patch_0012_0027,3
32_patch_0012_0028,0
32_patch_0012_0029,1
32_patch_0012_0030,1
32_patch_0013_0000,1
32_patch_0013_0001,4
32_patch_0013_0002,3
32_patch_0013_0003,4
32_patch_0013_0004,4
32_patch_0013_0005,2
32_patch_0013_0006,4
32_patch_0013_0007,3
32_patch_0013_0008,1
32_patch_0013_0009,3
32_patch_0013_0010,3
32_patch_0013_0011,1
32_patch_0013_0012,3
32_patch_0013_0013,1
32_patch_0013_0014,2
32_patch_0013_0015,4
32_patch_0013_0016,2
32_patch_0013_0017,-1
32_patch_0013_0018,2
32_patch_0013_0019,-1
32_patch_0013_0020,0
32_patch_0013_0021,2
32_patch_0013_0022,4
32_patch_0013_0023,4
32_patch_0013_0024,1
32_patch_0013_0025,4
32_patch_0013_0026,1
32_patch_0013_0027,2
32_patch_0013_0028,3
32_patch_0013_0029,-1
32_patch_0013_0030,1
32_patch_0014_0000,1
32_patch_0014_0001,3
32_patch_0014_0002,2
32_patch_0014_0003,3
32_patch_0014_0004,2
32_patch_0014_0005,3
32_patch_0014_0006,2
32_patch_0014_0007,1
32_patch_0014_0008,4
32_patch_0014_0009,2
32_patch_0014_0010,2
32_patch_0014_0011,4
32_patch_0014_0012,3
32_patch_0014_0013,1
32_patch_0014_0014,2
32_patch_0014_0015,3
32_patch_0014_0016,2
32_patch_0014_0017,3
32_patch_0014_0018,4
32_patch_0014_0019,4
32_patch_0014_0020,2
32_patch_0014_0021,1
32_patch_0014_0022,1
32_patch_0014_0023,0
32_patch_0014_0024,3
32_patch_0014_0025,2
32_patch_0014_0026,1
32_patch_0014_0027,4
32_patch_0014_0028,2
32_patch_0014_0029,-1
32_patch_0014_0030,1
32_patch_0015_0000,3
32_patch_0015_0001,3
32_patch_0015_0002,0
32_patch_0015_0003,0
32_patch_0015_0004,-1
32_patch_0015_0005,2
32_patch_0015_0006,4
32_patch_0015_0007,4
32_patch_0015_0008,0
32_patch_0015_0009,3
32_patch_0015_0010,1
32_patch_0015_0011,2
32_patch_0015_0012,4
32_patch_0015_0013,1
32_patch_0015_0014,3
32_patch_0015_0015,1
32_patch_0015_0016,3
32_patch_0015_0017,2
32_patch_0015_0018,4
32_patch_0015_0019,2
32_patch_0015_0020,4
32_patch_0015_0021,3
32_patch_0015_0022,1
32_patch_0015_0023,3
32_patch_0015_0024,4
32_patch_0015_0025,4
32_patch_0015_0026,3
32_patch_0015_0027,1
32_patch_0015_0028,2
32_patch_0015_0029,2
32_patch_0015_0030,2
32_patch_0016_0000,2
32_patch_0016_0001,0
32_patch_0016_0002,2
32_patch_0016_0003,4
32_patch_0016_0004,2
32_patch_0016_0005,2
32_patch_0016_0006,2
32_patch_0016_0007,3
32_patch_0016_0008,2
32_patch_0016_0009,1
32_patch_0016_0010,3
32_patch_0016_0011,-1
32_patch_0016_0012,3
32_patch_0016_0013,2
32_patch_0016_0014,0
32_patch_0016_0015,1
32_patch_0016_0016,2
32_patch_0016_0017,2
32_patch_0016_0018,1
32_patch_0016_0019,0
32_patch_0016_0020,0
32_patch_0016_0021,3
32_patch_0016_0022,1
32_patch_0016_0023,-1
32_patch_0016_0024,1
32_patch_0016_0025,1
32_patch_0016_0026,4
32_patch_0016_0027,-1
32_patch_0016_0028,1
32_patch_0016_0029,1
32_patch_0016_0030,3
32_patch_0017_0000,3
32_patch_0017_0001,1
32_patch_0017_0002,1
32_patch_0017_0003,3
32_patch_0017_0004,-1
32_patch_0017_0005,2
32_patch_0017_0006,2
32_patch_0017_0007,4
32_patch_0017_0008,3
32_patch_0017_0009,2
32_patch_0017_0010,4
32_patch_0017_0011,3
32_patch_0017_0012,3
32_patch_0017_0013,4
32_patch_0017_0014,-1
32_patch_0017_0015,2
32_patch_0017_0016,0
32_patch_0017_0017,2
32_patch_0017_0018,1
32_patch_0017_0019,2
32_patch_0017_0020,4
32_patch_0017_0021,0
32_patch_0017_0022,4
32_patch_0017_0023,1
32_patch_0017_0024,0
32_patch_0017_0025,1
32_patch_0017_0026,0
32_patch_0017_0027,2
32_patch_0017_0028,2
32_patch_0017_0029,1
32_patch_0017_0030,3
32_patch_0018_0000,2
32_patch_0018_0001,3
32_patch_0018_0002,2
32_patch_0018_0003,-1
32_patch_0018_0004,2
32_patch_0018_0005,4
32_patch_0018_0006,2
32_patch_0018_0007,-1
32_patch_0018_0008,4
32_patch_0018_0009,4
32_patch_0018_0010,3
32_patch_0018_0011,2
32_patch_0018_0012,1
32_patch_0018_0013,3
32_patch_0018_0014,3
32_patch_0018_0015,2
32_patch_0018_0016,1
32_patch_0018_0017,0
32_patch_0018_0018,2
32_patch_0018_0019,4
32_patch_0018_0020,3
32_patch_0018_0021,4
32_patch_0018_0022,-1
32_patch_0018_0023,2
32_patch_0018_0024,1
32_patch_0018_0025,4
32_patch_0018_0026,1
32_patch_0018_0027,-1
32_patch_0018_0028,1
32_patch_0018_0029,3
32_patch_0018_0030,2
32_patch_0019_0000,0
32_patch_0019_0001,1
32_patch_0019_0002,3
32_patch_0019_0003,-1
32_patch_0019_0004,1
32_patch_0019_0005,3
32_patch_0019_0006,3
32_patch_0019_0007,1
32_patch_0019_0008,-1
32_patch_0019_0009,1
32_patch_0019_0010,4
32_patch_0019_0011,-1
32_patch_0019_0012,2
32_patch_0019_0013,2
32_patch_0019_0014,2
32_patch_0019_0015,3
32_patch_0019_0016,2
32_patch_0019_0017,4
32_patch_0019_0018,4
32_patch_0019_0019,1
32_patch_0019_0020,1
32_patch_0019_0021,1
32_patch_0019_0022,2
32_patch_0019_0023,4
32_patch_0019_0024,4
32_patch_0019_0025,-1
32_patch_0019_0026,2
32_patch_0019_0027,4
32_patch_0019_0028,2
32_patch_0019_0029,4
32_patch_0019_0030,3
32_patch_0020_0000,2
32_patch_0020_0001,1
32_patch_0020_0002,3
32_patch_0020_0003,3
32_patch_0020_0004,3
32_patch_0020_0005,3
32_patch_0020_0006,3
32_patch_0020_0007,3
32_patch_0020_0008,3
32_patch_0020_0009,2
32_patch_0020_0010,1
32_patch_0020_0011,2
32_patch_0020_0012,1
32_patch_0020_0013,1
32_patch_0020_0014,2
32_patch_0020_0015,1
32_patch_0020_0016,-1
32_patch_0020_0017,4
32_patch_0020_0018,2
32_patch_0020_0019,2
32_patch_0020_0020,2
32_patch_0020_0021,-1
32_patch_0020_0022,3
32_patch_0020_0023,-1
32_patch_0020_0024,1
32_patch_0020_0025,4
32_patch_0020_0026,3
32_patch_0020_0027,3
32_patch_0020_0028,3
32_patch_0020_0029,3
32_patch_0020_0030,3
32_patch_0021_0000,3
32_patch_0021_0001,2
32_patch_0021_0002,4
32_patch_0021_0003,4
32_patch_0021_0004,1
32_patch_0021_0005,3
32_patch_0021_0006,4
32_patch_0021_0007,3
32_patch_0021_0008,4
32_patch_0021_0009,4
32_patch_0021_0010,-1
32_patch_0021_0011,2
32_patch_0021_0012,2
32_patch_0021_0013,2
32_patch_0021_0014,4
32_patch_0021_0015,3
32_patch_0021_0016,2
32_patch_0021_0017,3
32_patch_0021_0018,1
32_patch_0021_0019,4
32_patch_0021_0020,4
32_patch_0021_0021,2
32_patch_0021_0022,3
32_patch_0021_0023,3
32_patch_0021_0024,3
32_patch_0021_0025,-1
32_patch_0021_0026,2
32_patch_0021_0027,3
32_patch_0021_0028,2
32_patch_0021_0029,3
32_patch_0021_0030,-1
33_patch_0000_0000,1
33_patch_0000_0001,3
33_patch_0000_0002,4
33_patch_0000_0003,3
33_patch_0000_0004,1
33_patch_0000_0005,4
33_patch_0000_0006,-1
33_patch_0000_0007,3
33_patch_0000_0008,4
33_patch_0000_0009,2
33_patch_0000_0010,3
33_patch_0000_0011,2
33_patch_0000_0012,3
33_patch_0000_0013,1
33_patch_0000_0014,2
33_patch_0000_0015,0
33_patch_0000_0016,-1
33_patch_0000_0017,3
33_patch_0000_0018,2
33_patch_0000_0019,2
33_patch_0000_0020,2
33_patch_0000_0021,3
33_patch_0000_0022,3
33_patch_0001_0000,1
33_patch_0001_0001,2
33_patch_0001_0002,2
33_patch_0001_0003,2
33_patch_0001_0004,3
33_patch_0001_0005,2
33_patch_0001_0006,0
33_patch_0001_0007,-1
33_patch_0001_0008,3
33_patch_0001_0009,3
33_patch_0001_0010,-1
33_patch_0001_0011,1
33_patch_0001_0012,4
33_patch_0001_0013,-1
33_patch_0001_0014,4
33_patch_0001_0015,2
33_patch_0001_0016,-1
33_patch_0001_0017,-1
33_patch_0001_0018,2
33_patch_0001_0019,1
33_patch_0001_0020,4
33_patch_0001_0021,0
33_patch_0001_0022,2
33_patch_0002_0000,2
33_patch_0002_0001,1
33_patch_0002_0002,3
33_patch_0002_0003,3
33_patch_0002_0004,3
33_patch_0002_0005,2
33_patch_0002_0006,1
33_patch_0002_0007,3
33_patch_0002_0008,2
33_patch_0002_0009,2
33_patch_0002_0010,2
33_patch_0002_0011,2
33_patch_0002_0012,1
33_patch_0002_0013,1
33_patch_0002_0014,2
33_patch_0002_0015,3
33_patch_0002_0016,3
33_patch_0002_0017,0
33_patch_0002_0018,4
33_patch_0002_0019,1
33_patch_0002_0020,-1
33_patch_0002_0021,3
33_patch_0002_0022,1
33_patch_0003_0000,2
33_patch_0003_0001,1
33_patch_0003_0002,2
33_patch_0003_0003,0
33_patch_0003_0004,3
33_patch_0003_0005,4
33_patch_0003_0006,1
33_patch_0003_0007,2
33_patch_0003_0008,4
33_patch_0003_0009,2
33_patch_0003_0010,4
33_patch_0003_0011,3
33_patch_0003_0012,3
33_patch_0003_0013,1
33_patch_0003_0014,2
33_patch_0003_0015,-1
33_patch_0003_0016,1
33_patch_0003_0017,3
33_patch_0003_0018,-1
33_patch_0003_0019,2
33_patch_0003_0020,-1
33_patch_0003_0021,3
33_patch_0003_0022,3
33_patch_0004_0000,4
33_patch_0004_0001,1
33_patch_0004_0002,3
33_patch_0004_0003,2
33_patch_0004_0004,2
33_patch_0004_0005,1
33_patch_0004_0006,1
33_patch_0004_0007,1
33_patch_0004_0008,1
33_patch_0004_0009,2
33_patch_0004_0010,4
33_patch_0004_0011,0
33_patch_0004_0012,3
33_patch_0004_0013,3
33_patch_0004_0014,2
33_patch_0004_0015,3
33_patch_0004_0016,2
33_patch_0004_0017,3
33_patch_0004_0018,3
33_patch_0004_0019,4
33_patch_0004_0020,1
33_patch_0004_0021,1
33_patch_0004_0022,-1
33_patch_0005_0000,1
33_patch_0005_0001,0
33_patch_0005_0002,3
33_patch_0005_0003,2
33_patch_0005_0004,4
33_patch_0005_0005,2
33_patch_0005_0006,1
33_patch_0005_0007,2
33_patch_0005_0008,-1
33_patch_0005_0009,1
33_patch_0005_0010,2
33_patch_0005_0011,2
33_patch_0005_0012,1
33_patch_0005_0013,1
33_patch_0005_0014,1
33_patch_0005_0015,-1
33_patch_0005_0016,0
33_patch_0005_0017,2
33_patch_0005_0018,1
33_patch_0005_0019,1
33_patch_0005_0020,3
33_patch_0005_0021,4
33_patch_0005_0022,0
33_patch_0006_0000,1
33_patch_0006_0001,3
33_patch_0006_0002,4
33_patch_0006_0003,2
33_patch_0006_0004,-1
33_patch_0006_0005,-1
33_patch_0006_0006,3
33_patch_0006_0007,2
33_patch_0006_0008,4
33_patch_0006_0009,1
33_patch_0006_0010,2
33_patch_0006_0011,1
33_patch_0006_0012,4
33_patch_0006_0013,4
33_patch_0006_0014,3
33_patch_0006_0015,4
33_patch_0006_0016,3
33_patch_0006_0017,1
33_patch_0006_0018,2
33_patch_0006_0019,3
33_patch_0006_0020,3
33_patch_0006_0021,2
33_patch_0006_0022,1
33_patch_0007_0000,1
33_patch_0007_0001,3
33_patch_0007_0002,3
33_patch_0007_0003,4
33_patch_0007_0004,2
33_patch_0007_0005,1
33_patch_0007_0006,1
33_patch_0007_0007,2
33_patch_0007_0008,1
33_patch_0007_0009,2
33_patch_0007_0010,1
33_patch_0007_0011,4
33_patch_0007_0012,1
33_patch_0007_0013,4
33_patch_0007_0014,-1
33_patch_0007_0015,1
33_patch_0007_0016,0
33_patch_0007_0017,0
33_patch_0007_0018,-1
33_patch_0007_0019,3
33_patch_0007_0020,4
33_patch_0007_0021,3
33_patch_0007_0022,3
33_patch_0008_0000,4
33_patch_0008_0001,3
33_patch_0008_0002,1
33_patch_0008_0003,3
33_patch_0008_0004,3
33_patch_0008_0005,3
33_patch_0008_0006,1
33_patch_0008_0007,3
33_patch_0008_0008,1
33_patch_0008_0009,2
33_patch_0008_0010,3
33_patch_0008_0011,1
33_patch_0008_0012,2
33_patch_0008_0013,0
33_patch_0008_0014,3
33_patch_0008_0015,3
33_patch_0008_0016,1
33_patch_0008_0017,4
33_patch_0008_0018,3
33_patch_0008_0019,4
33_patch_0008_0020,1
33_patch_0008_0021,1
33_patch_0008_0022,2
33_patch_0009_0000,1
33_patch_0009_0001,2
33_patch_0009_0002,1
33_patch_0009_0003,4
33_patch_0009_0004,2
33_patch_0009_0005,4
33_patch_0009_0006,0
33_patch_0009_0007,2
33_patch_0009_0008,2
33_patch_0009_0009,1
33_patch_0009_0010,1
33_patch_0009_0011,4
33_patch_0009_0012,1
33_patch_0009_0013,4
33_patch_0009_0014,3
33_patch_0009_0015,4
33_patch_0009_0016,2
33_patch_0009_0017,1
33_patch_0009_0018,1
33_patch_0009_0019,3
33_patch_0009_0020,3
33_patch_0009_0021,0
33_patch_0009_0022,3
33_patch_0010_0000,4
33_patch_0010_0001,3
33_patch_0010_0002,1
33_patch_0010_0003,2
33_patch_0010_0004,4
33_patch_0010_0005,3
33_patch_0010_0006,1
33_patch_0010_0007,3
33_patch_0010_0008,1
33_patch_0010_0009,3
33_patch_0010_0010,4
33_patch_0010_0011,4
33_patch_0010_0012,3
33_patch_0010_0013,2
33_patch_0010_0014,2
33_patch_0010_0015,1
33_patch_0010_0016,4
33_patch_0010_0017,2
33_patch_0010_0018,4
33_patch_0010_0019,4
33_patch_0010_0020,4
33_patch_0010_0021,2
33_patch_0010_0022,4
33_patch_0011_0000,0
33_patch_0011_0001,1
33_patch_0011_0002,3
33_patch_0011_0003,2
33_patch_0011_0004,3
33_patch_0011_0005,3
33_patch_0011_0006,1
33_patch_0011_0007,1
33_patch_0011_0008,2
33_patch_0011_0009,0
33_patch_0011_0010,4
33_patch_0011_0011,1
33_patch_0011_0012,4
33_patch_0011_0013,0
33_patch_0011_0014,4
33_patch_0011_0015,4
33_patch_0011_0016,2
33_patch_0011_0017,1
33_patch_0011_0018,2
33_patch_0011_0019,1
33_patch_0011_0020,4
33_patch_0011_0021,4
33_patch_0011_0022,4
33_patch_0012_0000,2
33_patch_0012_0001,3
33_patch_0012_0002,4
33_patch_0012_0003,1
33_patch_0012_0004,2
33_patch_0012_0005,2
33_patch_0012_0006,-1
33_patch_0012_0007,1
33_patch_0012_0008,2
33_patch_0012_0009,2
33_patch_0012_0010,0
33_patch_0012_0011,3
33_patch_0012_0012,4
33_patch_0012_0013,-1
33_patch_0012_0014,1
33_patch_0012_0015,4
33_patch_0012_0016,1
33_patch_0012_0017,-1
33_patch_0012_0018,1
33_patch_0012_0019,3
33_patch_0012_0020,0
33_patch_0012_0021,4
33_patch_0012_0022,3
33_patch_0013_0000,0
33_patch_0013_0001,0
33_patch_0013_0002,4
33_patch_0013_0003,-1
33_patch_0013_0004,-1
33_patch_0013_0005,2
33_patch_0013_0006,0
33_patch_0013_0007,1
33_patch_0013_0008,2
33_patch_0013_0009,4
33_patch_0013_0010,1
33_patch_0013_0011,0
33_patch_0013_0012,3
33_patch_0013_0013,1
33_patch_0013_0014,0
33_patch_0013_0015,2
33_patch_0013_0016,1
33_patch_0013_0017,4
33_patch_0013_0018,2
33_patch_0013_0019,2
33_patch_0013_0020,-1
33_patch_0013_0021,0
33_patch_0013_0022,4
33_patch_0014_0000,4
33_patch_0014_0001,4
33_patch_0014_0002,1
33_patch_0014_0003,1
33_patch_0014_0004,1
33_patch_0014_0005,2
33_patch_0014_0006,3
33_patch_0014_0007,3
33_patch_0014_0008,0
33_patch_0014_0009,1
33_patch_0014_0010,4
33_patch_0014_0011,2
33_patch_0014_0012,-1
33_patch_0014_0013,1
33_patch_0014_0014,2
33_patch_0014_0015,-1
33_patch_0014_0016,1
33_patch_0014_0017,2
33_patch_0014_0018,0
33_patch_0014_0019,1
33_patch_0014_0020,4
33_patch_0014_0021,0
33_patch_0014_0022,1
33_patch_0015_0000,3
33_patch_0015_0001,3
33_patch_0015_0002,1
33_patch_0015_0003,2
33_patch_0015_0004,3
33_patch_0015_0005,3
33_patch_0015_0006,4
33_patch_0015_0007,1
33_patch_0015_0008,2
33_patch_0015_0009,3
33_patch_0015_0010,4
33_patch_0015_0011,1
33_patch_0015_0012,-1
33_patch_0015_0013,1
33_patch_0015_0014,-1
33_patch_0015_0015,4
33_patch_0015_0016,1
33_patch_0015_0017,4
33_patch_0015_0018,2
33_patch_0015_0019,4
33_patch_0015_0020,1
33_patch_0015_0021,3
33_patch_0015_0022,1
33_patch_0016_0000,2
33_patch_0016_0001,0
33_patch_0016_0002,1
33_patch_0016_0003,4
33_patch_0016_0004,2
33_patch_0016_0005,4
33_patch_0016_0006,1
33_patch_0016_0007,0
33_patch_0016_0008,2
33_patch_0016_0009,0
33_patch_0016_0010,4
33_patch_0016_0011,3
33_patch_0016_0012,4
33_patch_0016_0013,4
33_patch_0016_0014,2
33_patch_0016_0015,3
33_patch_0016_0016,2
33_patch_0016_0017,-1
33_patch_0016_0018,-1
33_patch_0016_0019,1
33_patch_0016_0020,1
33_patch_0016_0021,-1
33_patch_0016_0022,2
33_patch_0017_0000,2
33_patch_0017_0001,-1
33_patch_0017_0002,3
33_patch_0017_0003,4
33_patch_0017_0004,4
33_patch_0017_0005,4
33_patch_0017_0006,-1
33_patch_0017_0007,2
33_patch_0017_0008,0
33_patch_0017_0009,-1
33_patch_0017_0010,2
33_patch_0017_0011,4
33_patch_0017_0012,4
33_patch_0017_0013,3
33_patch_0017_0014,1
33_patch_0017_0015,3
33_patch_0017_0016,1
33_patch_0017_0017,1
33_patch_0017_0018,4
33_patch_0017_0019,3
33_patch_0017_0020,-1
33_patch_0017_0021,3
33_patch_0017_0022,3
33_patch_0018_0000,4
33_patch_0018_0001,4
33_patch_0018_0002,1
33_patch_0018_0003,2
33_patch_0018_0004,3
33_patch_0018_0005,1
33_patch_0018_0006,1
33_patch_0018_0007,-1
33_patch_0018_0008,4
33_patch_0018_0009,3
33_patch_0018_0010,3
33_patch_0018_0011,1
33_patch_0018_0012,1
33_patch_0018_0013,3
33_patch_0018_0014,2
33_patch_0018_0015,4
33_patch_0018_0016,-1
33_patch_0018_0017,4
33_patch_0018_0018,-1
33_patch_0018_0019,2
33_patch_0018_0020,2
33_patch_0018_0021,4
33_patch_0018_0022,4
33_patch_0019_0000,-1
33_patch_0019_0001,-1
33_patch_0019_0002,4
33_patch_0019_0003,2
33_patch_0019_0004,3
33_patch_0019_0005,-1
33_patch_0019_0006,-1
33_patch_0019_0007,3
33_patch_0019_0008,2
33_patch_0019_0009,2
33_patch_0019_0010,4
33_patch_0019_0011,1
33_patch_0019_0012,0
33_patch_0019_0013,3
33_patch_0019_0014,3
33_patch_0019_0015,1
33_patch_0019_0016,1
33_patch_0019_0017,2
33_patch_0019_0018,2
33_patch_0019_0019,2
33_patch_0019_0020,3
33_patch_0019_0021,3
33_patch_0019_0022,4
34_patch_0000_0000,-1
34_patch_0000_0001,3
34_patch_0000_0002,2
34_patch_0000_0003,1
34_patch_0000_0004,2
34_patch_0000_0005,2
34_patch_0000_0006,4
34_patch_0000_0007,0
34_patch_0000_0008,-1
34_patch_0000_0009,1
34_patch_0000_0010,-1
34_patch_0000_0011,2
34_patch_0000_0012,1
34_patch_0000_0013,2
34_patch_0000_0014,2
34_patch_0000_0015,-1
34_patch_0000_0016,-1
34_patch_0000_0017,1
34_patch_0000_0018,3
34_patch_0000_0019,1
34_patch_0000_0020,4
34_patch_0000_0021,0
34_patch_0000_0022,3
34_patch_0001_0000,1
34_patch_0001_0001,4
34_patch_0001_0002,2
34_patch_0001_0003,1
34_patch_0001_0004,3
34_patch_0001_0005,1
34_patch_0001_0006,3
34_patch_0001_0007,2
34_patch_0001_0008,1
34_patch_0001_0009,2
34_patch_0001_0010,2
34_patch_0001_0011,1
34_patch_0001_0012,1
34_patch_0001_0013,1
34_patch_0001_0014,2
34_patch_0001_0015,0
34_patch_0001_0016,4
34_patch_0001_0017,1
34_patch_0001_0018,2
34_patch_0001_0019,-1
34_patch_0001_0020,0
34_patch_0001_0021,2
34_patch_0001_0022,3
34_patch_0002_0000,1
34_patch_0002_0001,-1
34_patch_0002_0002,2
34_patch_0002_0003,-1
34_patch_0002_0004,3
34_patch_0002_0005,0
34_patch_0002_0006,0
34_patch_0002_0007,4
34_patch_0002_0008,1
34_patch_0002_0009,4
34_patch_0002_0010,2
34_patch_0002_0011,4
34_patch_0002_0012,4
34_patch_0002_0013,3
34_patch_0002_0014,4
34_patch_0002_0015,1
34_patch_0002_0016,3
34_patch_0002_0017,-1
34_patch_0002_0018,0
34_patch_0002_0019,2
34_patch_0002_0020,2
34_patch_0002_0021,0
34_patch_0002_0022,3
34_patch_0003_0000,4
34_patch_0003_0001,4
34_patch_0003_0002,2
34_patch_0003_0003,2
34_patch_0003_0004,1
34_patch_0003_0005,4
34_patch_0003_0006,4
34_patch_0003_0007,4
34_patch_0003_0008,4
34_patch_0003_0009,4
34_patch_0003_0010,4
34_patch_0003_0011,-1
34_patch_0003_0012,3
34_patch_0003_0013,3
34_patch_0003_0014,3
34_patch_0003_0015,0
34_patch_0003_0016,3
34_patch_0003_0017,1
34_patch_0003_0018,2
34_patch_0003_0019,4
34_patch_0003_0020,3
34_patch_0003_0021,2
34_patch_0003_0022,2
34_patch_0004_0000,0
34_patch_0004_0001,-1
34_patch_0004_0002,1
34_patch_0004_0003,3
34_patch_0004_0004,1
34_patch_0004_0005,2
34_patch_0004_0006,3
34_patch_0004_0007,3
34_patch_0004_0008,4
34_patch_0004_0009,3
34_patch_0004_0010,-1
34_patch_0004_0011,2
34_patch_0004_0012,4
34_patch_0004_0013,2
34_patch_0004_0014,0
34_patch_0004_0015,4
34_patch_0004_0016,2
34_patch_0004_0017,2
34_patch_0004_0018,2
34_patch_0004_0019,-1
34_patch_0004_0020,1
34_patch_0004_0021,3
34_patch_0004_0022,0
34_patch_0005_0000,2
34_patch_0005_0001,4
34_patch_0005_0002,-1
34_patch_0005_0003,1
34_patch_0005_0004,4
34_patch_0005_0005,2
34_patch_0005_0006,4
34_patch_0005_0007,1
34_patch_0005_0008,3
34_patch_0005_0009,2
34_patch_0005_0010,-1
34_patch_0005_0011,2
34_patch_0005_0012,4
34_patch_0005_0013,3
34_patch_0005_0014,1
34_patch_0005_0015,2
34_patch_0005_0016,2
34_patch_0005_0017,1
34_patch_0005_0018,4
34_patch_0005_0019,2
34_patch_0005_0020,1
34_patch_0005_0021,2
34_patch_0005_0022,1
34_patch_0006_0000,0
34_patch_0006_0001,0
34_patch_0006_0002,3
34_patch_0006_0003,1
34_patch_0006_0004,1
34_patch_0006_0005,4
34_patch_0006_0006,2
34_patch_0006_0007,-1
34_patch_0006_0008,4
34_patch_0006_0009,3
34_patch_0006_0010,1
34_patch_0006_0011,-1
34_patch_0006_0012,4
34_patch_0006_0013,1
34_patch_0006_0014,3
34_patch_0006_0015,3
34_patch_0006_0016,2
34_patch_0006_0017,4
34_patch_0006_0018,4
34_patch_0006_0019,4
34_patch_0006_0020,1
34_patch_0006_0021,4
34_patch_0006_0022,3
34_patch_0007_0000,1
34_patch_0007_0001,3
34_patch_0007_0002,4
34_patch_0007_0003,4
34_patch_0007_0004,4
34_patch_0007_0005,4
34_patch_0007_0006,4
34_patch_0007_0007,3
34_patch_0007_0008,3
34_patch_0007_0009,0
34_patch_0007_0010,4
34_patch_0007_0011,0
34_patch_0007_0012,3
34_patch_0007_0013,3
34_patch_0007_0014,1
34_patch_0007_0015,1
34_patch_0007_0016,4
34_patch_0007_0017,2
34_patch_0007_0018,-1
34_patch_0007_0019,3
34_patch_0007_0020,3
34_patch_0007_0021,4
34_patch_0007_0022,0
34_patch_0008_0000,4
34_patch_0008_0001,1
34_patch_0008_0002,0
34_patch_0008_0003,1
34_patch_0008_0004,0
34_patch_0008_0005,2
34_patch_0008_0006,4
34_patch_0008_0007,2
34_patch_0008_0008,1
34_patch_0008_0009,1
34_patch_0008_0010,3
34_patch_0008_0011,1
34_patch_0008_0012,1
34_patch_0008_0013,2
34_patch_0008_0014,2
34_patch_0008_0015,3
34_patch_0008_0016,3
34_patch_0008_0017,3
34_patch_0008_0018,4
34_patch_0008_0019,1
34_patch_0008_0020,1
34_patch_0008_0021,4
34_patch_0008_0022,2
34_patch_0009_0000,2
34_patch_0009_0001,1
34_patch_0009_0002,2
34_patch_0009_0003,4
34_patch_0009_0004,4
34_patch_0009_0005,4
34_patch_0009_0006,2
34_patch_0009_0007,3
34_patch_0009_0008,-1
34_patch_0009_0009,-1
34_patch_0009_0010,3
34_patch_0009_0011,0
34_patch_0009_0012,4
34_patch_0009_0013,2
34_patch_0009_0014,-1
34_patch_0009_0015,3
34_patch_0009_0016,1
34_patch_0009_0017,1
34_patch_0009_0018,-1
34_patch_0009_0019,3
34_patch_0009_0020,3
34_patch_0009_0021,2
34_patch_0009_0022,4
34_patch_0010_0000,3
34_patch_0010_0001,2
34_patch_0010_0002,4
34_patch_0010_0003,4
34_patch_0010_0004,-1
34_patch_0010_0005,3
34_patch_0010_0006,4
34_patch_0010_0007,-1
34_patch_0010_0008,2
34_patch_0010_0009,1
34_patch_0010_0010,0
34_patch_0010_0011,4
34_patch_0010_0012,2
34_patch_0010_0013,3
34_patch_0010_0014,3
34_patch_0010_0015,3
34_patch_0010_0016,2
34_patch_0010_0017,0
34_patch_0010_0018,4
34_patch_0010_0019,3
34_patch_0010_0020,1
34_patch_0010_0021,1
34_patch_0010_0022,4
34_patch_0011_0000,2
34_patch_0011_0001,0
34_patch_0011_0002,0
34_patch_0011_0003,-1
34_patch_0011_0004,1
34_patch_0011_0005,4
34_patch_0011_0006,4
34_patch_0011_0007,2
34_patch_0011_0008,4
34_patch_0011_0009,2
34_patch_0011_0010,1
34_patch_0011_0011,2
34_patch_0011_0012,1
34_patch_0011_0013,3
34_patch_0011_0014,4
34_patch_0011_0015,3
34_patch_0011_0016,1
34_patch_0011_0017,1
34_patch_0011_0018,0
34_patch_0011_0019,1
34_patch_0011_0020,-1
34_patch_0011_0021,-1
34_patch_0011_0022,-1
34_patch_0012_0000,1
34_patch_0012_0001,-1
34_patch_0012_0002,3
34_patch_0012_0003,-1
34_patch_0012_0004,-1
34_patch_0012_0005,4
34_patch_0012_0006,2
34_patch_0012_0007,1
34_patch_0012_0008,3
34_patch_0012_0009,3
34_patch_0012_0010,3
34_patch_0012_0011,4
34_patch_0012_0012,0
34_patch_0012_0013,3
34_patch_0012_0014,4
34_patch_0012_0015,2
34_patch_0012_0016,4
34_patch_0012_0017,2
34_patch_0012_0018,-1
34_patch_0012_0019,3
34_patch_0012_0020,2
34_patch_0012_0021,3
34_patch_0012_0022,1
34_patch_0013_0000,2
34_patch_0013_0001,2
34_patch_0013_0002,0
34_patch_0013_0003,2
34_patch_0013_0004,2
34_patch_0013_0005,2
34_patch_0013_0006,3
34_patch_0013_0007,3
34_patch_0013_0008,3
34_patch_0013_0009,4
34_patch_0013_0010,-1
34_patch_0013_0011,2
34_patch_0013_0012,2
34_patch_0013_0013,1
34_patch_0013_0014,3
34_patch_0013_0015,2
34_patch_0013_0016,1
34_patch_0013_0017,3
34_patch_0013_0018,4
34_patch_0013_0019,2
34_patch_0013_0020,2
34_patch_0013_0021,3
34_patch_0013_0022,0
34_patch_0014_0000,4
34_patch_0014_0001,3
34_patch_0014_0002,1
34_patch_0014_0003,1
34_patch_0014_0004,0
34_patch_0014_0005,4
34_patch_0014_0006,0
34_patch_0014_0007,2
34_patch_0014_0008,2
34_patch_0014_0009,3
34_patch_0014_0010,1
34_patch_0014_0011,0
34_patch_0014_0012,3
34_patch_0014_0013,3
34_patch_0014_0014,1
34_patch_0014_0015,-1
34_patch_0014_0016,2
34_patch_0014_0017,1
34_patch_0014_0018,1
34_patch_0014_0019,4
34_patch_0014_0020,3
34_patch_0014_0021,4
34_patch_0014_0022,1
34_patch_0015_0000,-1
34_patch_0015_0001,3
34_patch_0015_0002,-1
34_patch_0015_0003,3
34_patch_0015_0004,2
34_patch_0015_0005,2
34_patch_0015_0006,1
34_patch_0015_0007,1
34_patch_0015_0008,-1
34_patch_0015_0009,1
34_patch_0015_0010,1
34_patch_0015_0011,4
34_patch_0015_0012,1
34_patch_0015_0013,0
34_patch_0015_0014,4
34_patch_0015_0015,1
34_patch_0015_0016,1
34_patch_0015_0017,2
34_patch_0015_0018,3
34_patch_0015_0019,0
34_patch_0015_0020,4
34_patch_0015_0021,2
34_patch_0015_0022,3
34_patch_0016_0000,1
34_patch_0016_0001,0
34_patch_0016_0002,2
34_patch_0016_0003,2
34_patch_0016_0004,2
34_patch_0016_0005,2
34_patch_0016_0006,3
34_patch_0016_0007,2
34_patch_0016_0008,1
34_patch_0016_0009,4
34_patch_0016_0010,-1
34_patch_0016_0011,2
34_patch_0016_0012,0
34_patch_0016_0013,3
34_patch_0016_0014,1
34_patch_0016_0015,4
34_patch_0016_0016,3
34_patch_0016_0017,3
34_patch_0016_0018,2
34_patch_0016_0019,-1
34_patch_0016_0020,3
34_patch_0016_0021,2
34_patch_0016_0022,3
34_patch_0017_0000,1
34_patch_0017_0001,1
34_patch_0017_0002,-1
34_patch_0017_0003,0
34_patch_0017_0004,-1
34_patch_0017_0005,-1
34_patch_0017_0006,4
34_patch_0017_0007,4
34_patch_0017_0008,3
34_patch_0017_0009,4
34_patch_0017_0010,1
34_patch_0017_0011,-1
34_patch_0017_0012,1
34_patch_0017_0013,3
34_patch_0017_0014,-1
34_patch_0017_0015,2
34_patch_0017_0016,-1
34_patch_0017_0017,4
34_patch_0017_0018,2
34_patch_0017_0019,4
34_patch_0017_0020,3
34_patch_0017_0021,1
34_patch_0017_0022,3
34_patch_0018_0000,2
34_patch_0018_0001,3
34_patch_0018_0002,3
34_patch_0018_0003,-1
34_patch_0018_0004,2
34_patch_0018_0005,1
34_patch_0018_0006,1
34_patch_0018_0007,2
34_patch_0018_0008,2
34_patch_0018_0009,0
34_patch_0018_0010,-1
34_patch_0018_0011,3
34_patch_0018_0012,1
34_patch_0018_0013,2
34_patch_0018_0014,4
34_patch_0018_0015,1
34_patch_0018_0016,3
34_patch_0018_0017,3
34_patch_0018_0018,1
34_patch_0018_0019,0
34_patch_0018_0020,2
34_patch_0018_0021,3
34_patch_0018_0022,2
34_patch_0019_0000,1
34_patch_0019_0001,4
34_patch_0019_0002,0
34_patch_0019_0003,4
34_patch_0019_0004,-1
34_patch_0019_0005,1
34_patch_0019_0006,4
34_patch_0019_0007,2
34_patch_0019_0008,1
34_patch_0019_0009,4
34_patch_0019_0010,1
34_patch_0019_0011,2
34_patch_0019_0012,2
34_patch_0019_0013,0
34_patch_0019_0014,2
34_patch_0019_0015,3
34_patch_0019_0016,3
34_patch_0019_0017,-1
34_patch_0019_0018,3
34_patch_0019_0019,-1
34_patch_0019_0020,1
34_patch_0019_0021,1
34_patch_0019_0022,2
34_patch_0020_0000,1
34_patch_0020_0001,4
34_patch_0020_0002,0
34_patch_0020_0003,1
34_patch_0020_0004,0
34_patch_0020_0005,-1
34_patch_0020_0006,1
34_patch_0020_0007,4
34_patch_0020_0008,2
34_patch_0020_0009,2
34_patch_0020_0010,3
34_patch_0020_0011,-1
34_patch_0020_0012,3
34_patch_0020_0013,1
34_patch_0020_0014,-1
34_patch_0020_0015,2
34_patch_0020_0016,3
34_patch_0020_0017,2
34_patch_0020_0018,2
34_patch_0020_0019,1
34_patch_0020_0020,1
34_patch_0020_0021,0
34_patch_0020_0022,1
34_patch_0021_0000,1
34_patch_0021_0001,1
34_patch_0021_0002,4
34_patch_0021_0003,4
34_patch_0021_0004,3
34_patch_0021_0005,4
34_patch_0021_0006,4
34_patch_0021_0007,4
34_patch_0021_0008,0
34_patch_0021_0009,2
34_patch_0021_0010,-1
34_patch_0021_0011,4
34_patch_0021_0012,2
34_patch_0021_0013,1
34_patch_0021_0014,4
34_patch_0021_0015,2
34_patch_0021_0016,4
34_patch_0021_0017,4
34_patch_0021_0018,4
34_patch_0021_0019,2
34_patch_0021_0020,1
34_patch_0021_0021,1
34_patch_0021_0022,4
35_patch_0000_0000,4
35_patch_0000_0001,1
35_patch_0000_0002,4
35_patch_0000_0003,2
35_patch_0000_0004,1
35_patch_0000_0005,-1
35_patch_0000_0006,3
35_patch_0000_0007,4
35_patch_0000_0008,3
35_patch_0000_0009,2
35_patch_0000_0010,2
35_patch_0000_0011,4
35_patch_0000_0012,4
35_patch_0000_0013,4
35_patch_0000_0014,4
35_patch_0000_0015,4
35_patch_0000_0016,4
35_patch_0000_0017,1
35_patch_0000_0018,4
35_patch_0000_0019,-1
35_patch_0000_0020,2
35_patch_0000_0021,2
35_patch_0000_0022,4
35_patch_0000_0023,3
35_patch_0000_0024,2
35_patch_0000_0025,-1
35_patch_0000_0026,0
35_patch_0000_0027,1
35_patch_0001_0000,1
35_patch_0001_0001,4
35_patch_0001_0002,3
35_patch_0001_0003,3
35_patch_0001_0004,-1
35_patch_0001_0005,-1
35_patch_0001_0006,3
35_patch_0001_0007,1
35_patch_0001_0008,0
35_patch_0001_0009,3
35_patch_0001_0010,1
35_patch_0001_0011,-1
35_patch_0001_0012,2
35_patch_0001_0013,1
35_patch_0001_0014,3
35_patch_0001_0015,1
35_patch_0001_0016,1
35_patch_0001_0017,1
35_patch_0001_0018,4
35_patch_0001_0019,4
35_patch_0001_0020,2
35_patch_0001_0021,3
35_patch_0001_0022,4
35_patch_0001_0023,4
35_patch_0001_0024,2
35_patch_0001_0025,4
35_patch_0001_0026,3
35_patch_0001_0027,2
35_patch_0002_0000,1
35_patch_0002_0001,4
35_patch_0002_0002,3
35_patch_0002_0003,2
35_patch_0002_0004,0
35_patch_0002_0005,4
35_patch_0002_0006,0
35_patch_0002_0007,2
35_patch_0002_0008,4
35_patch_0002_0009,4
35_patch_0002_0010,4
35_patch_0002_0011,1
35_patch_0002_0012,3
35_patch_0002_0013,-1
35_patch_0002_0014,1
35_patch_0002_0015,-1
35_patch_0002_0016,3
35_patch_0002_0017,3
35_patch_0002_0018,-1
35_patch_0002_0019,4
35_patch_0002_0020,3
35_patch_0002_0021,4
35_patch_0002_0022,3
35_patch_0002_0023,4
35_patch_0002_0024,-1
35_patch_0002_0025,2
35_patch_0002_0026,1
35_patch_0002_0027,4
35_patch_0003_0000,2
35_patch_0003_0001,4
35_patch_0003_0002,2
35_patch_0003_0003,2
35_patch_0003_0004,2
35_patch_0003_0005,3
35_patch_0003_0006,3
35_patch_0003_0007,3
35_patch_0003_0008,-1
35_patch_0003_0009,2
35_patch_0003_0010,1
35_patch_0003_0011,1
35_patch_0003_0012,3
35_patch_0003_0013,2
35_patch_0003_0014,3
35_patch_0003_0015,-1
35_patch_0003_0016,2
35_patch_0003_0017,0
35_patch_0003_0018,1
35_patch_0003_0019,0
35_patch_0003_0020,2
35_patch_0003_0021,3
35_patch_0003_0022,0
35_patch_0003_0023,1
35_patch_0003_0024,4
35_patch_0003_0025,4
35_patch_0003_0026,4
35_patch_0003_0027,1
35_patch_0004_0000,1
35_patch_0004_0001,2
35_patch_0004_0002,2
35_patch_0004_0003,2
35_patch_0004_0004,3
35_patch_0004_0005,2
35_patch_0004_0006,2
35_patch_0004_0007,3
35_patch_0004_0008,4
35_patch_0004_0009,-1
35_patch_0004_0010,3
35_patch_0004_0011,3
35_patch_0004_0012,3
35_patch_0004_0013,0
35_patch_0004_0014,3
35_patch_0004_0015,4
35_patch_0004_0016,1
35_patch_0004_0017,1
35_patch_0004_0018,4
35_patch_0004_0019,0
35_patch_0004_0020,4
35_patch_0004_0021,0
35_patch_0004_0022,4
35_patch_0004_0023,2
35_patch_0004_0024,-1
35_patch_0004_0025,1
35_patch_0004_0026,1
35_patch_0004_0027,2
35_patch_0005_0000,0
35_patch_0005_0001,2
35_patch_0005_0002,3
35_patch_0005_0003,1
35_patch_0005_0004,0
35_patch_0005_0005,4
35_patch_0005_0006,-1
35_patch_0005_0007,3
35_patch_0005_0008,4
35_patch_0005_0009,4
35_patch_0005_0010,2
35_patch_0005_0011,1
35_patch_0005_0012,4
35_patch_0005_0013,1
35_patch_0005_0014,4
35_patch_0005_0015,2
35_patch_0005_0016,3
35_patch_0005_0017,-1
35_patch_0005_0018,4
35_patch_0005_0019,4
35_patch_0005_0020,0
35_patch_0005_0021,2
35_patch_0005_0022,4
35_patch_0005_0023,3
35_patch_0005_0024,2
35_patch_0005_0025,-1
35_patch_0005_0026,1
35_patch_0005_0027,3
35_patch_0006_0000,2
35_patch_0006_0001,2
35_patch_0006_0002,-1
35_patch_0006_0003,0
35_patch_0006_0004,-1
35_patch_0006_0005,4
35_patch_0006_0006,1
35_patch_0006_0007,3
35_patch_0006_0008,1
35_patch_0006_0009,2
35_patch_0006_0010,4
35_patch_0006_0011,-1
35_patch_0006_0012,1
35_patch_0006_0013,1
35_patch_0006_0014,4
35_patch_0006_0015,4
35_patch_0006_0016,3
35_patch_0006_0017,1
35_patch_0006_0018,3
35_patch_0006_0019,2
35_patch_0006_0020,1
35_patch_0006_0021,4
35_patch_0006_0022,1
35_patch_0006_0023,2
35_patch_0006_0024,4
35_patch_0006_0025,1
35_patch_0006_0026,3
35_patch_0006_0027,1
35_patch_0007_0000,2
35_patch_0007_0001,2
35_patch_0007_0002,3
35_patch_0007_0003,4
35_patch_0007_0004,0
35_patch_0007_0005,-1
35_patch_0007_0006,4
35_patch_0007_0007,4
35_patch_0007_0008,4
35_patch_0007_0009,2
35_patch_0007_0010,4
35_patch_0007_0011,3
35_patch_0007_0012,3
35_patch_0007_0013,2
35_patch_0007_0014,3
35_patch_0007_0015,-1
35_patch_0007_0016,-1
35_patch_0007_0017,2
35_patch_0007_0018,2
35_patch_0007_0019,3
35_patch_0007_0020,1
35_patch_0007_0021,-1
35_patch_0007_0022,4
35_patch_0007_0023,4
35_patch_0007_0024,1
35_patch_0007_0025,3
35_patch_0007_0026,1
35_patch_0007_0027,0
35_patch_0008_0000,4
35_patch_0008_0001,1
35_patch_0008_0002,4
35_patch_0008_0003,-1
35_patch_0008_0004,-1
35_patch_0008_0005,1
35_patch_0008_0006,1
35_patch_0008_0007,1
35_patch_0008_0008,0
35_patch_0008_0009,1
35_patch_0008_0010,1
35_patch_0008_0011,3
35_patch_0008_0012,3
35_patch_0008_0013,4
35_patch_0008_0014,4
35_patch_0008_0015,-1
35_patch_0008_0016,-1
35_patch_0008_0017,1
35_patch_0008_0018,1
35_patch_0008_0019,3
35_patch_0008_0020,-1
35_patch_0008_0021,0
35_patch_0008_0022,3
35_patch_0008_0023,-1
35_patch_0008_0024,1
35_patch_0008_0025,2
35_patch_0008_0026,3
35_patch_0008_0027,4
35_patch_0009_0000,1
35_patch_0009_0001,0
35_patch_0009_0002,2
35_patch_0009_0003,3
35_patch_0009_0004,1
35_patch_0009_0005,4
35_patch_0009_0006,4
35_patch_0009_0007,1
35_patch_0009_0008,1
35_patch_0009_0009,2
35_patch_0009_0010,1
35_patch_0009_0011,4
35_patch_0009_0012,4
35_patch_0009_0013,1
35_patch_0009_0014,1
35_patch_0009_0015,2
35_patch_0009_0016,3
35_patch_0009_0017,2
35_patch_0009_0018,2
35_patch_0009_0019,2
35_patch_0009_0020,3
35_patch_0009_0021,2
35_patch_0009_0022,2
35_patch_0009_0023,2
35_patch_0009_0024,-1
35_patch_0009_0025,3
35_patch_0009_0026,4
35_patch_0009_0027,4
35_patch_0010_0000,3
35_patch_0010_0001,1
35_patch_0010_0002,4
35_patch_0010_0003,1
35_patch_0010_0004,3
35_patch_0010_0005,4
35_patch_0010_0006,3
35_patch_0010_0007,3
35_patch_0010_0008,2
35_patch_0010_0009,4
35_patch_0010_0010,-1
35_patch_0010_0011,1
35_patch_0010_0012,2
35_patch_0010_0013,1
35_patch_0010_0014,4
35_patch_0010_0015,1
35_patch_0010_0016,4
35_patch_0010_0017,4
35_patch_0010_0018,4
35_patch_0010_0019,1
35_patch_0010_0020,2
35_patch_0010_0021,1
35_patch_0010_0022,0
35_patch_0010_0023,4
35_patch_0010_0024,1
35_patch_0010_0025,2
35_patch_0010_0026,3
35_patch_0010_0027,0
35_patch_0011_0000,3
35_patch_0011_0001,4
35_patch_0011_0002,2
35_patch_0011_0003,4
35_patch_0011_0004,3
35_patch_0011_0005,3
35_patch_0011_0006,4
35_patch_0011_0007,4
35_patch_0011_0008,1
35_patch_0011_0009,3
35_patch_0011_0010,3
35_patch_0011_0011,1
35_patch_0011_0012,1
35_patch_0011_0013,2
35_patch_0011_0014,1
35_patch_0011_0015,4
35_patch_0011_0016,4
35_patch_0011_0017,0
35_patch_0011_0018,2
35_patch_0011_0019,2
35_patch_0011_0020,4
35_patch_0011_0021,2
35_patch_0011_0022,2
35_patch_0011_0023,4
35_patch_0011_0024,1
35_patch_0011_0025,1
35_patch_0011_0026,0
35_patch_0011_0027,0
35_patch_0012_0000,-1
35_patch_0012_0001,1
35_patch_0012_0002,4
35_patch_0012_0003,4
35_patch_0012_0004,3
35_patch_0012_0005,2
35_patch_0012_0006,2
35_patch_0012_0007,1
35_patch_0012_0008,3
35_patch_0012_0009,3
35_patch_0012_0010,3
35_patch_0012_0011,4
35_patch_0012_0012,2
35_patch_0012_0013,4
35_patch_0012_0014,4
35_patch_0012_0015,1
35_patch_0012_0016,2
35_patch_0012_0017,-1
35_patch_0012_0018,3
35_patch_0012_0019,2
35_patch_0012_0020,4
35_patch_0012_0021,1
35_patch_0012_0022,1
35_patch_0012_0023,4
35_patch_0012_0024,3
35_patch_0012_0025,-1
35_patch_0012_0026,4
35_patch_0012_0027,3
35_patch_0013_0000,3
35_patch_0013_0001,2
35_patch_0013_0002,4
35_patch_0013_0003,2
35_patch_0013_0004,2
35_patch_0013_0005,3
35_patch_0013_0006,4
35_patch_0013_0007,0
35_patch_0013_0008,3
35_patch_0013_0009,3
35_patch_0013_0010,4
35_patch_0013_0011,4
35_patch_0013_0012,2
35_patch_0013_0013,2
35_patch_0013_0014,-1
35_patch_0013_0015,2
35_patch_0013_0016,0
35_patch_0013_0017,3
35_patch_0013_0018,-1
35_patch_0013_0019,2
35_patch_0013_0020,2
35_patch_0013_0021,2
35_patch_0013_0022,1
35_patch_0013_0023,3
35_patch_0013_0024,2
35_patch_0013_0025,3
35_patch_0013_0026,1
35_patch_0013_0027,3
35_patch_0014_0000,4
35_patch_0014_0001,-1
35_patch_0014_0002,0
35_patch_0014_0003,4
35_patch_0014_0004,3
35_patch_0014_0005,1
35_patch_0014_0006,3
35_patch_0014_0007,2
35_patch_0014_0008,2
35_patch_0014_0009,4
35_patch_0014_0010,4
35_patch_0014_0011,2
35_patch_0014_0012,3
35_patch_0014_0013,0
35_patch_0014_0014,0
35_patch_0014_0015,1
35_patch_0014_0016,3
35_patch_0014_0017,4
35_patch_0014_0018,-1
35_patch_0014_0019,-1
35_patch_0014_0020,3
35_patch_0014_0021,1
35_patch_0014_0022,2
35_patch_0014_0023,2
35_patch_0014_0024,1
35_patch_0014_0025,1
35_patch_0014_0026,1
35_patch_0014_0027,1
35_patch_0015_0000,3
35_patch_0015_0001,4
35_patch_0015_0002,4
35_patch_0015_0003,4
35_patch_0015_0004,0
35_patch_0015_0005,0
35_patch_0015_0006,2
35_patch_0015_0007,1
35_patch_0015_0008,1
35_patch_0015_0009,2
35_patch_0015_0010,4
35_patch_0015_0011,1
35_patch_0015_0012,1
35_patch_0015_0013,0
35_patch_0015_0014,0
35_patch_0015_0015,-1
35_patch_0015_0016,1
35_patch_0015_0017,3
35_patch_0015_0018,0
35_patch_0015_0019,3
35_patch_0015_0020,-1
35_patch_0015_0021,2
35_patch_0015_0022,-1
35_patch_0015_0023,3
35_patch_0015_0024,4
35_patch_0015_0025,3
35_patch_0015_0026,3
35_patch_0015_0027,4
35_patch_0016_0000,1
35_patch_0016_0001,3
35_patch_0016_0002,3
35_patch_0016_0003,3
35_patch_0016_0004,3
35_patch_0016_0005,1
35_patch_0016_0006,4
35_patch_0016_0007,1
35_patch_0016_0008,2
35_patch_0016_0009,4
35_patch_0016_0010,3
35_patch_0016_0011,0
35_patch_0016_0012,2
35_patch_0016_0013,1
35_patch_0016_0014,4
35_patch_0016_0015,2
35_patch_0016_0016,4
35_patch_0016_0017,3
35_patch_0016_0018,1
35_patch_0016_0019,3
35_patch_0016_0020,3
35_patch_0016_0021,-1
35_patch_0016_0022,2
35_patch_0016_0023,1
35_patch_0016_0024,1
35_patch_0016_0025,4
35_patch_0016_0026,3
35_patch_0016_0027,2
35_patch_0017_0000,4
35_patch_0017_0001,-1
35_patch_0017_0002,1
35_patch_0017_0003,0
35_patch_0017_0004,4
35_patch_0017_0005,0
35_patch_0017_0006,2
35_patch_0017_0007,2
35_patch_0017_0008,3
35_patch_0017_0009,-1
35_patch_0017_0010,1
35_patch_0017_0011,1
35_patch_0017_0012,-1
35_patch_0017_0013,-1
35_patch_0017_0014,3
35_patch_0017_0015,4
35_patch_0017_0016,2
35_patch_0017_0017,-1
35_patch_0017_0018,2
35_patch_0017_0019,4
35_patch_0017_0020,1
35_patch_0017_0021,1
35_patch_0017_0022,2
35_patch_0017_0023,3
35_patch_0017_0024,1
35_patch_0017_0025,4
35_patch_0017_0026,2
35_patch_0017_0027,4
35_patch_0018_0000,2
35_patch_0018_0001,4
35_patch_0018_0002,2
35_patch_0018_0003,3
35_patch_0018_0004,4
35_patch_0018_0005,4
35_patch_0018_0006,4
35_patch_0018_0007,0
35_patch_0018_0008,2
35_patch_0018_0009,2
35_patch_0018_0010,1
35_patch_0018_0011,3
35_patch_0018_0012,1
35_patch_0018_0013,0
35_patch_0018_0014,4
35_patch_0018_0015,1
35_patch_0018_0016,-1
35_patch_0018_0017,3
35_patch_0018_0018,3
35_patch_0018_0019,1
35_patch_0018_0020,1
35_patch_0018_0021,3
35_patch_0018_0022,2
35_patch_0018_0023,3
35_patch_0018_0024,1
35_patch_0018_0025,-1
35_patch_0018_0026,4
35_patch_0018_0027,-1
35_patch_0019_0000,1
35_patch_0019_0001,3
35_patch_0019_0002,2
35_patch_0019_0003,1
35_patch_0019_0004,4
35_patch_0019_0005,2
35_patch_0019_0006,0
35_patch_0019_0007,2
35_patch_0019_0008,4
35_patch_0019_0009,4
35_patch_0019_0010,-1
35_patch_0019_0011,-1
35_patch_0019_0012,2
35_patch_0019_0013,1
35_patch_0019_0014,2
35_patch_0019_0015,1
35_patch_0019_0016,-1
35_patch_0019_0017,-1
35_patch_0019_0018,2
35_patch_0019_0019,1
35_patch_0019_0020,2
35_patch_0019_0021,1
35_patch_0019_0022,4
35_patch_0019_0023,0
35_patch_0019_0024,4
35_patch_0019_0025,4
35_patch_0019_0026,3
35_patch_0019_0027,4
35_patch_0020_0000,3
35_patch_0020_0001,1
35_patch_0020_0002,1
35_patch_0020_0003,2
35_patch_0020_0004,3
35_patch_0020_0005,4
35_patch_0020_0006,1
35_patch_0020_0007,1
35_patch_0020_0008,3
35_patch_0020_0009,1
35_patch_0020_0010,4
35_patch_0020_0011,3
35_patch_0020_0012,1
35_patch_0020_0013,3
35_patch_0020_0014,0
35_patch_0020_0015,1
35_patch_0020_0016,3
35_patch_0020_0017,1
35_patch_0020_0018,1
35_patch_0020_0019,2
35_patch_0020_0020,3
35_patch_0020_0021,-1
35_patch_0020_0022,1
35_patch_0020_0023,2
35_patch_0020_0024,4
35_patch_0020_0025,2
35_patch_0020_0026,2
35_patch_0020_0027,1
35_patch_0021_0000,-1
35_patch_0021_0001,4
35_patch_0021_0002,3
35_patch_0021_0003,-1
35_patch_0021_0004,4
35_patch_0021_0005,3
35_patch_0021_0006,2
35_patch_0021_0007,3
35_patch_0021_0008,3
35_patch_0021_0009,3
35_patch_0021_0010,3
35_patch_0021_0011,0
35_patch_0021_0012,0
35_patch_0021_0013,2
35_patch_0021_0014,1
35_patch_0021_0015,4
35_patch_0021_0016,2
35_patch_0021_0017,4
35_patch_0021_0018,4
35_patch_0021_0019,0
35_patch_0021_0020,3
35_patch_0021_0021,-1
35_patch_0021_0022,2
35_patch_0021_0023,3
35_patch_0021_0024,2
35_patch_0021_0025,3
35_patch_0021_0026,3
35_patch_0021_0027,2
35_patch_0022_0000,1
35_patch_0022_0001,3
35_patch_0022_0002,4
35_patch_0022_0003,3
35_patch_0022_0004,-1
35_patch_0022_0005,2
35_patch_0022_0006,-1
35_patch_0022_0007,1
35_patch_0022_0008,3
35_patch_0022_0009,1
35_patch_0022_0010,4
35_patch_0022_0011,1
35_patch_0022_0012,-1
35_patch_0022_0013,4
35_patch_0022_0014,4
35_patch_0022_0015,2
35_patch_0022_0016,1
35_patch_0022_0017,2
35_patch_0022_0018,1
35_patch_0022_0019,3
35_patch_0022_0020,-1
35_patch_0022_0021,4
35_patch_0022_0022,3
35_patch_0022_0023,1
35_patch_0022_0024,4
35_patch_0022_0025,2
35_patch_0022_0026,1
35_patch_0022_0027,4
36_patch_0000_0000,3
36_patch_0000_0001,-1
36_patch_0000_0002,0
36_patch_0000_0003,2
36_patch_0000_0004,4
36_patch_0000_0005,1
36_patch_0000_0006,0
36_patch_0000_0007,1
36_patch_0000_0008,-1
36_patch_0000_0009,4
36_patch_0000_0010,2
36_patch_0000_0011,-1
36_patch_0000_0012,1
36_patch_0000_0013,2
36_patch_0000_0014,1
36_patch_0000_0015,2
36_patch_0000_0016,1
36_patch_0000_0017,2
36_patch_0000_0018,-1
36_patch_0000_0019,1
36_patch_0000_0020,2
36_patch_0000_0021,4
36_patch_0000_0022,4
36_patch_0000_0023,2
36_patch_0001_0000,4
36_patch_0001_0001,2
36_patch_0001_0002,4
36_patch_0001_0003,1
36_patch_0001_0004,1
36_patch_0001_0005,-1
36_patch_0001_0006,0
36_patch_0001_0007,2
36_patch_0001_0008,3
36_patch_0001_0009,4
36_patch_0001_0010,2
36_patch_0001_0011,4
36_patch_0001_0012,3
36_patch_0001_0013,2
36_patch_0001_0014,2
36_patch_0001_0015,2
36_patch_0001_0016,2
36_patch_0001_0017,1
36_patch_0001_0018,3
36_patch_0001_0019,1
36_patch_0001_0020,1
36_patch_0001_0021,2
36_patch_0001_0022,4
36_patch_0001_0023,4
36_patch_0002_0000,4
36_patch_0002_0001,4
36_patch_0002_0002,1
36_patch_0002_0003,-1
36_patch_0002_0004,0
36_patch_0002_0005,2
36_patch_0002_0006,3
36_patch_0002_0007,0
36_patch_0002_0008,4
36_patch_0002_0009,2
36_patch_0002_0010,3
36_patch_0002_0011,1
36_patch_0002_0012,2
36_patch_0002_0013,2
36_patch_0002_0014,3
36_patch_0002_0015,2
36_patch_0002_0016,4
36_patch_0002_0017,2
36_patch_0002_0018,0
36_patch_0002_0019,2
36_patch_0002_0020,4
36_patch_0002_0021,3
36_patch_0002_0022,0
36_patch_0002_0023,3
36_patch_0003_0000,-1
36_patch_0003_0001,1
36_patch_0003_0002,1
36_patch_0003_0003,4
36_patch_0003_0004,-1
36_patch_0003_0005,2
36_patch_0003_0006,2
36_patch_0003_0007,4
36_patch_0003_0008,-1
36_patch_0003_0009,2
36_patch_0003_0010,3
36_patch_0003_0011,4
36_patch_0003_0012,0
36_patch_0003_0013,2
36_patch_0003_0014,2
36_patch_0003_0015,3
36_patch_0003_0016,4
36_patch_0003_0017,4
36_patch_0003_0018,4
36_patch_0003_0019,1
36_patch_0003_0020,2
36_patch_0003_0021,2
36_patch_0003_0022,4
36_patch_0003_0023,3
36_patch_0004_0000,1
36_patch_0004_0001,1
36_patch_0004_0002,3
36_patch_0004_0003,3
36_patch_0004_0004,2
36_patch_0004_0005,4
36_patch_0004_0006,1
36_patch_0004_0007,3
36_patch_0004_0008,1
36_patch_0004_0009,1
36_patch_0004_0010,4
36_patch_0004_0011,3
36_patch_0004_0012,0
36_patch_0004_0013,-1
36_patch_0004_0014,3
36_patch_0004_0015,3
36_patch_0004_0016,3
36_patch_0004_0017,1
36_patch_0004_0018,-1
36_patch_0004_0019,4
36_patch_0004_0020,3
36_patch_0004_0021,1
36_patch_0004_0022,3
36_patch_0004_0023,2
36_patch_0005_0000,4
36_patch_0005_0001,4
36_patch_0005_0002,1
36_patch_0005_0003,-1
36_patch_0005_0004,2
36_patch_0005_0005,3
36_patch_0005_0006,4
36_patch_0005_0007,1
36_patch_0005_0008,3
36_patch_0005_0009,2
36_patch_0005_0010,1
36_patch_0005_0011,4
36_patch_0005_0012,1
36_patch_0005_0013,0
36_patch_0005_0014,1
36_patch_0005_0015,4
36_patch_0005_0016,-1
36_patch_0005_0017,2
36_patch_0005_0018,1
36_patch_0005_0019,1
36_patch_0005_0020,1
36_patch_0005_0021,3
36_patch_0005_0022,3
36_patch_0005_0023,1
36_patch_0006_0000,1
36_patch_0006_0001,2
36_patch_0006_0002,0
36_patch_0006_0003,4
36_patch_0006_0004,4
36_patch_0006_0005,2
36_patch_0006_0006,4
36_patch_0006_0007,1
36_patch_0006_0008,3
36_patch_0006_0009,-1
36_patch_0006_0010,2
36_patch_0006_0011,1
36_patch_0006_0012,1
36_patch_0006_0013,3
36_patch_0006_0014,1
36_patch_0006_0015,1
36_patch_0006_0016,-1
36_patch_0006_0017,0
36_patch_0006_0018,4
36_patch_0006_0019,4
36_patch_0006_0020,2
36_patch_0006_0021,0
36_patch_0006_0022,2
36_patch_0006_0023,3
36_patch_0007_0000,4
36_patch_0007_0001,3
36_patch_0007_0002,-1
36_patch_0007_0003,2
36_patch_0007_0004,-1
36_patch_0007_0005,4
36_patch_0007_0006,3
36_patch_0007_0007,1
36_patch_0007_0008,2
36_patch_0007_0009,1
36_patch_0007_0010,0
36_patch_0007_0011,3
36_patch_0007_0012,-1
36_patch_0007_0013,3
36_patch_0007_0014,3
36_patch_0007_0015,1
36_patch_0007_0016,2
36_patch_0007_0017,4
36_patch_0007_0018,-1
36_patch_0007_0019,4
36_patch_0007_0020,1
36_patch_0007_0021,1
36_patch_0007_0022,4
36_patch_0007_0023,2
36_patch_0008_0000,4
36_patch_0008_0001,4
36_patch_0008_0002,0
36_patch_0008_0003,2
36_patch_0008_0004,2
36_patch_0008_0005,1
36_patch_0008_0006,4
36_patch_0008_0007,3
36_patch_0008_0008,-1
36_patch_0008_0009,0
36_patch_0008_0010,0
36_patch_0008_0011,0
36_patch_0008_0012,4
36_patch_0008_0013,1
36_patch_0008_0014,2
36_patch_0008_0015,2
36_patch_0008_0016,2
36_patch_0008_0017,0
36_patch_0008_0018,3
36_patch_0008_0019,0
36_patch_0008_0020,4
36_patch_0008_0021,4
36_patch_0008_0022,2
36_patch_0008_0023,2
36_patch_0009_0000,3
36_patch_0009_0001,0
36_patch_0009_0002,2
36_patch_0009_0003,0
36_patch_0009_0004,4
36_patch_0009_0005,4
36_patch_0009_0006,1
36_patch_0009_0007,1
36_patch_0009_0008,3
36_patch_0009_0009,4
36_patch_0009_0010,4
36_patch_0009_0011,4
36_patch_0009_0012,-1
36_patch_0009_0013,4
36_patch_0009_0014,4
36_patch_0009_0015,2
36_patch_0009_0016,-1
36_patch_0009_0017,4
36_patch_0009_0018,4
36_patch_0009_0019,0
36_patch_0009_0020,2
36_patch_0009_0021,2
36_patch_0009_0022,2
36_patch_0009_0023,1
36_patch_0010_0000,4
36_patch_0010_0001,3
36_patch_0010_0002,3
36_patch_0010_0003,2
36_patch_0010_0004,3
36_patch_0010_0005,3
36_patch_0010_0006,1
36_patch_0010_0007,-1
36_patch_0010_0008,2
36_patch_0010_0009,-1
36_patch_0010_0010,0
36_patch_0010_0011,1
36_patch_0010_0012,1
36_patch_0010_0013,4
36_patch_0010_0014,1
36_patch_0010_0015,2
36_patch_0010_0016,2
36_patch_0010_0017,1
36_patch_0010_0018,1
36_patch_0010_0019,1
36_patch_0010_0020,1
36_patch_0010_0021,4
36_patch_0010_0022,2
36_patch_0010_0023,4
36_patch_0011_0000,4
36_patch_0011_0001,-1
36_patch_0011_0002,3
36_patch_0011_0003,4
36_patch_0011_0004,4
36_patch_0011_0005,3
36_patch_0011_0006,1
36_patch_0011_0007,4
36_patch_0011_0008,1
36_patch_0011_0009,0
36_patch_0011_0010,4
36_patch_0011_0011,2
36_patch_0011_0012,3
36_patch_0011_0013,2
36_patch_0011_0014,1
36_patch_0011_0015,2
36_patch_0011_0016,2
36_patch_0011_0017,0
36_patch_0011_0018,4
36_patch_0011_0019,0
36_patch_0011_0020,-1
36_patch_0011_0021,1
36_patch_0011_0022,1
36_patch_0011_0023,4
36_patch_0012_0000,1
36_patch_0012_0001,-1
36_patch_0012_0002,-1
36_patch_0012_0003,1
36_patch_0012_0004,2
36_patch_0012_0005,3
36_patch_0012_0006,0
36_patch_0012_0007,4
36_patch_0012_0008,-1
36_patch_0012_0009,2
36_patch_0012_0010,0
36_patch_0012_0011,3
36_patch_0012_0012,4
36_patch_0012_0013,-1
36_patch_0012_0014,1
36_patch_0012_0015,0
36_patch_0012_0016,1
36_patch_0012_0017,1
36_patch_0012_0018,3
36_patch_0012_0019,4
36_patch_0012_0020,1
36_patch_0012_0021,0
36_patch_0012_0022,3
36_patch_0012_0023,-1
37_patch_0000_0000,2
37_patch_0000_0001,1
37_patch_0000_0002,2
37_patch_0000_0003,4
37_patch_0000_0004,2
37_patch_0000_0005,4
37_patch_0000_0006,1
37_patch_0000_0007,1
37_patch_0000_0008,3
37_patch_0000_0009,-1
37_patch_0000_0010,1
37_patch_0000_0011,2
37_patch_0000_0012,2
37_patch_0000_0013,1
37_patch_0000_0014,4
37_patch_0000_0015,3
37_patch_0000_0016,1
37_patch_0000_0017,1
37_patch_0000_0018,3
37_patch_0000_0019,1
37_patch_0001_0000,4
37_patch_0001_0001,4
37_patch_0001_0002,2
37_patch_0001_0003,1
37_patch_0001_0004,4
37_patch_0001_0005,4
37_patch_0001_0006,4
37_patch_0001_0007,2
37_patch_0001_0008,2
37_patch_0001_0009,0
37_patch_0001_0010,1
37_patch_0001_0011,2
37_patch_0001_0012,3
37_patch_0001_0013,-1
37_patch_0001_0014,3
37_patch_0001_0015,3
37_patch_0001_0016,1
37_patch_0001_0017,-1
37_patch_0001_0018,1
37_patch_0001_0019,-1
37_patch_0002_0000,4
37_patch_0002_0001,4
37_patch_0002_0002,1
37_patch_0002_0003,1
37_patch_0002_0004,3
37_patch_0002_0005,1
37_patch_0002_0006,3
37_patch_0002_0007,1
37_patch_0002_0008,3
37_patch_0002_0009,3
37_patch_0002_0010,4
37_patch_0002_0011,1
37_patch_0002_0012,0
37_patch_0002_0013,2
37_patch_0002_0014,2
37_patch_0002_0015,3
37_patch_0002_0016,2
37_patch_0002_0017,1
37_patch_0002_0018,2
37_patch_0002_0019,4
37_patch_0003_0000,4
37_patch_0003_0001,1
37_patch_0003_0002,1
37_patch_0003_0003,2
37_patch_0003_0004,1
37_patch_0003_0005,4
37_patch_0003_0006,2
37_patch_0003_0007,4
37_patch_0003_0008,4
37_patch_0003_0009,1
37_patch_0003_0010,3
37_patch_0003_0011,4
37_patch_0003_0012,-1
37_patch_0003_0013,0
37_patch_0003_0014,1
37_patch_0003_0015,-1
37_patch_0003_0016,3
37_patch_0003_0017,1
37_patch_0003_0018,3
37_patch_0003_0019,-1
37_patch_0004_0000,2
37_patch_0004_0001,4
37_patch_0004_0002,1
37_patch_0004_0003,3
37_patch_0004_0004,2
37_patch_0004_0005,-1
37_patch_0004_0006,4
37_patch_0004_0007,3
37_patch_0004_0008,4
37_patch_0004_0009,3
37_patch_0004_0010,0
37_patch_0004_0011,1
37_patch_0004_0012,4
37_patch_0004_0013,4
37_patch_0004_0014,0
37_patch_0004_0015,1
37_patch_0004_0016,-1
37_patch_0004_0017,-1
37_patch_0004_0018,1
37_patch_0004_0019,1
37_patch_0005_0000,4
37_patch_0005_0001,4
37_patch_0005_0002,2
37_patch_0005_0003,4
37_patch_0005_0004,2
37_patch_0005_0005,2
37_patch_0005_0006,4
37_patch_0005_0007,2
37_patch_0005_0008,2
37_patch_0005_0009,3
37_patch_0005_0010,1
37_patch_0005_0011,0
37_patch_0005_0012,2
37_patch_0005_0013,-1
37_patch_0005_0014,2
37_patch_0005_0015,3
37_patch_0005_0016,4
37_patch_0005_0017,1
37_patch_0005_0018,1
37_patch_0005_0019,0
37_patch_0006_0000,1
37_patch_0006_0001,2
37_patch_0006_0002,2
37_patch_0006_0003,4
37_patch_0006_0004,2
37_patch_0006_0005,3
37_patch_0006_0006,1
37_patch_0006_0007,4
37_patch_0006_0008,2
37_patch_0006_0009,3
37_patch_0006_0010,3
37_patch_0006_0011,2
37_patch_0006_0012,-1
37_patch_0006_0013,-1
37_patch_0006_0014,2
37_patch_0006_0015,2
37_patch_0006_0016,-1
37_patch_0006_0017,1
37_patch_0006_0018,1
37_patch_0006_0019,3
37_patch_0007_0000,3
37_patch_0007_0001,4
37_patch_0007_0002,2
37_patch_0007_0003,1
37_patch_0007_0004,1
37_patch_0007_0005,3
37_patch_0007_0006,2
37_patch_0007_0007,0
37_patch_0007_0008,4
37_patch_0007_0009,4
37_patch_0007_0010,1
37_patch_0007_0011,3
37_patch_0007_0012,4
37_patch_0007_0013,2
37_patch_0007_0014,1
37_patch_0007_0015,4
37_patch_0007_0016,3
37_patch_0007_0017,3
37_patch_0007_0018,1
37_patch_0007_0019,4
37_patch_0008_0000,-1
37_patch_0008_0001,1
37_patch_0008_0002,2
37_patch_0008_0003,4
37_patch_0008_0004,4
37_patch_0008_0005,1
37_patch_0008_0006,0
37_patch_0008_0007,2
37_patch_0008_0008,3
37_patch_0008_0009,4
37_patch_0008_0010,4
37_patch_0008_0011,0
37_patch_0008_0012,4
37_patch_0008_0013,4
37_patch_0008_0014,3
37_patch_0008_0015,4
37_patch_0008_0016,1
37_patch_0008_0017,4
37_patch_0008_0018,3
37_patch_0008_0019,2
37_patch_0009_0000,4
37_patch_0009_0001,2
37_patch_0009_0002,1
37_patch_0009_0003,4
37_patch_0009_0004,3
37_patch_0009_0005,1
37_patch_0009_0006,4
37_patch_0009_0007,3
37_patch_0009_0008,4
37_patch_0009_0009,2
37_patch_0009_0010,-1
37_patch_0009_0011,1
37_patch_0009_0012,4
37_patch_0009_0013,4
37_patch_0009_0014,1
37_patch_0009_0015,3
37_patch_0009_0016,2
37_patch_0009_0017,4
37_patch_0009_0018,2
37_patch_0009_0019,3
37_patch_0010_0000,-1
37_patch_0010_0001,0
37_patch_0010_0002,0
37_patch_0010_0003,-1
37_patch_0010_0004,2
37_patch_0010_0005,1
37_patch_0010_0006,2
37_patch_0010_0007,0
37_patch_0010_0008,2
37_patch_0010_0009,4
37_patch_0010_0010,-1
37_patch_0010_0011,3
37_patch_0010_0012,1
37_patch_0010_0013,2
37_patch_0010_0014,3
37_patch_0010_0015,0
37_patch_0010_0016,-1
37_patch_0010_0017,3
37_patch_0010_0018,2
37_patch_0010_0019,4
37_patch_0011_0000,0
37_patch_0011_0001,1
37_patch_0011_0002,0
37_patch_0011_0003,3
37_patch_0011_0004,-1
37_patch_0011_0005,1
37_patch_0011_0006,2
37_patch_0011_0007,2
37_patch_0011_0008,4
37_patch_0011_0009,1
37_patch_0011_0010,1
37_patch_0011_0011,3
37_patch_0011_0012,3
37_patch_0011_0013,-1
37_patch_0011_0014,3
37_patch_0011_0015,4
37_patch_0011_0016,2
37_patch_0011_0017,1
37_patch_0011_0018,2
37_patch_0011_0019,0
37_patch_0012_0000,2
37_patch_0012_0001,-1
37_patch_0012_0002,2
37_patch_0012_0003,2
37_patch_0012_0004,2
37_patch_0012_0005,0
37_patch_0012_0006,2
37_patch_0012_0007,1
37_patch_0012_0008,3
37_patch_0012_0009,4
37_patch_0012_0010,2
37_patch_0012_0011,2
37_patch_0012_0012,3
37_patch_0012_0013,3
37_patch_0012_0014,4
37_patch_0012_0015,4
37_patch_0012_0016,4
37_patch_0012_0017,1
37_patch_0012_0018,3
37_patch_0012_0019,0
37_patch_0013_0000,4
37_patch_0013_0001,3
37_patch_0013_0002,2
37_patch_0013_0003,-1
37_patch_0013_0004,3
37_patch_0013_0005,4
37_patch_0013_0006,-1
37_patch_0013_0007,2
37_patch_0013_0008,3
37_patch_0013_0009,2
37_patch_0013_0010,-1
37_patch_0013_0011,-1
37_patch_0013_0012,4
37_patch_0013_0013,4
37_patch_0013_0014,3
37_patch_0013_0015,1
37_patch_0013_0016,4
37_patch_0013_0017,0
37_patch_0013_0018,2
37_patch_0013_0019,1
37_patch_0014_0000,4
37_patch_0014_0001,4
37_patch_0014_0002,1
37_patch_0014_0003,2
37_patch_0014_0004,0
37_patch_0014_0005,0
37_patch_0014_0006,2
37_patch_0014_0007,2
37_patch_0014_0008,4
37_patch_0014_0009,0
37_patch_0014_0010,3
37_patch_0014_0011,3
37_patch_0014_0012,1
37_patch_0014_0013,1
37_patch_0014_0014,3
37_patch_0014_0015,1
37_patch_0014_0016,0
37_patch_0014_0017,0
37_patch_0014_0018,1
37_patch_0014_0019,-1
37_patch_0015_0000,2
37_patch_0015_0001,1
37_patch_0015_0002,0
37_patch_0015_0003,2
37_patch_0015_0004,1
37_patch_0015_0005,3
37_patch_0015_0006,4
37_patch_0015_0007,1
37_patch_0015_0008,2
37_patch_0015_0009,3
37_patch_0015_0010,1
37_patch_0015_0011,-1
37_patch_0015_0012,3
37_patch_0015_0013,0
37_patch_0015_0014,-1
37_patch_0015_0015,1
37_patch_0015_0016,2
37_patch_0015_0017,4
37_patch_0015_0018,1
37_patch_0015_0019,2
37_patch_0016_0000,1
37_patch_0016_0001,1
37_patch_0016_0002,3
37_patch_0016_0003,4
37_patch_0016_0004,2
37_patch_0016_0005,0
37_patch_0016_0006,3
37_patch_0016_0007,3
37_patch_0016_0008,4
37_patch_0016_0009,3
37_patch_0016_0010,1
37_patch_0016_0011,3
37_patch_0016_0012,1
37_patch_0016_0013,4
37_patch_0016_0014,2
37_patch_0016_0015,3
37_patch_0016_0016,0
37_patch_0016_0017,2
37_patch_0016_0018,2
37_patch_0016_0019,1
38_patch_0000_0000,3
38_patch_0000_0001,3
38_patch_0000_0002,2
38_patch_0000_0003,0
38_patch_0000_0004,4
38_patch_0000_0005,1
38_patch_0000_0006,0
38_patch_0000_0007,4
38_patch_0000_0008,1
38_patch_0000_0009,2
38_patch_0000_0010,-1
38_patch_0000_0011,4
38_patch_0000_0012,2
38_patch_0000_0013,4
38_patch_0000_0014,4
38_patch_0000_0015,1
38_patch_0000_0016,4
38_patch_0000_0017,3
38_patch_0000_0018,2
38_patch_0000_0019,1
38_patch_0000_0020,1
38_patch_0000_0021,3
38_patch_0000_0022,-1
38_patch_0000_0023,4
38_patch_0000_0024,2
38_patch_0000_0025,1
38_patch_0001_0000,4
38_patch_0001_0001,2
38_patch_0001_0002,1
38_patch_0001_0003,1
38_patch_0001_0004,4
38_patch_0001_0005,4
38_patch_0001_0006,4
38_patch_0001_0007,2
38_patch_0001_0008,3
38_patch_0001_0009,2
38_patch_0001_0010,2
38_patch_0001_0011,1
38_patch_0001_0012,4
38_patch_0001_0013,4
38_patch_0001_0014,1
38_patch_0001_0015,1
38_patch_0001_0016,2
38_patch_0001_0017,3
38_patch_0001_0018,4
38_patch_0001_0019,2
38_patch_0001_0020,2
38_patch_0001_0021,2
38_patch_0001_0022,1
38_patch_0001_0023,2
38_patch_0001_0024,2
38_patch_0001_0025,3
38_patch_0002_0000,1
38_patch_0002_0001,2
38_patch_0002_0002,4
38_patch_0002_0003,4
38_patch_0002_0004,1
38_patch_0002_0005,1
38_patch_0002_0006,3
38_patch_0002_0007,-1
38_patch_0002_0008,-1
38_patch_0002_0009,0
38_patch_0002_0010,4
38_patch_0002_0011,0
38_patch_0002_0012,3
38_patch_0002_0013,1
38_patch_0002_0014,2
38_patch_0002_0015,0
38_patch_0002_0016,3
38_patch_0002_0017,2
38_patch_0002_0018,0
38_patch_0002_0019,4
38_patch_0002_0020,3
38_patch_0002_0021,2
38_patch_0002_0022,1
38_patch_0002_0023,4
38_patch_0002_0024,3
38_patch_0002_0025,4
38_patch_0003_0000,4
38_patch_0003_0001,2
38_patch_0003_0002,3
38_patch_0003_0003,3
38_patch_0003_0004,0
38_patch_0003_0005,0
38_patch_0003_0006,1
38_patch_0003_0007,3
38_patch_0003_0008,1
38_patch_0003_0009,3
38_patch_0003_0010,4
38_patch_0003_0011,4
38_patch_0003_0012,4
38_patch_0003_0013,1
38_patch_0003_0014,4
38_patch_0003_0015,3
38_patch_0003_0016,-1
38_patch_0003_0017,2
38_patch_0003_0018,1
38_patch_0003_0019,0
38_patch_0003_0020,2
38_patch_0003_0021,2
38_patch_0003_0022,0
38_patch_0003_0023,-1
38_patch_0003_0024,3
38_patch_0003_0025,4
38_patch_0004_0000,1
38_patch_0004_0001,2
38_patch_0004_0002,2
38_patch_0004_0003,4
38_patch_0004_0004,4
38_patch_0004_0005,2
38_patch_0004_0006,3
38_patch_0004_0007,1
38_patch_0004_0008,1
38_patch_0004_0009,4
38_patch_0004_0010,0
38_patch_0004_0011,2
38_patch_0004_0012,4
38_patch_0004_0013,4
38_patch_0004_0014,3
38_patch_0004_0015,4
38_patch_0004_0016,4
38_patch_0004_0017,0
38_patch_0004_0018,4
38_patch_0004_0019,1
38_patch_0004_0020,3
38_patch_0004_0021,4
38_patch_0004_0022,0
38_patch_0004_0023,2
38_patch_0004_0024,4
38_patch_0004_0025,3
38_patch_0005_0000,0
38_patch_0005_0001,-1
38_patch_0005_0002,-1
38_patch_0005_0003,-1
38_patch_0005_0004,4
38_patch_0005_0005,2
38_patch_0005_0006,3
38_patch_0005_0007,2
38_patch_0005_0008,4
38_patch_0005_0009,3
38_patch_0005_0010,4
38_patch_0005_0011,3
38_patch_0005_0012,4
38_patch_0005_0013,1
38_patch_0005_0014,-1
38_patch_0005_0015,3
38_patch_0005_0016,3
38_patch_0005_0017,1
38_patch_0005_0018,3
38_patch_0005_0019,1
38_patch_0005_0020,2
38_patch_0005_0021,3
38_patch_0005_0022,1
38_patch_0005_0023,0
38_patch_0005_0024,1
38_patch_0005_0025,-1
38_patch_0006_0000,1
38_patch_0006_0001,2
38_patch_0006_0002,3
38_patch_0006_0003,2
38_patch_0006_0004,4
38_patch_0006_0005,1
38_patch_0006_0006,1
38_patch_0006_0007,0
38_patch_0006_0008,3
38_patch_0006_0009,1
38_patch_0006_0010,1
38_patch_0006_0011,4
38_patch_0006_0012,3
38_patch_0006_0013,1
38_patch_0006_0014,4
38_patch_0006_0015,2
38_patch_0006_0016,2
38_patch_0006_0017,-1
38_patch_0006_0018,1
38_patch_0006_0019,1
38_patch_0006_0020,-1
38_patch_0006_0021,3
38_patch_0006_0022,1
38_patch_0006_0023,1
38_patch_0006_0024,1
38_patch_0006_0025,1
38_patch_0007_0000,0
38_patch_0007_0001,2
38_patch_0007_0002,-1
38_patch_0007_0003,3
38_patch_0007_0004,1
38_patch_0007_0005,3
38_patch_0007_0006,4
38_patch_0007_0007,3
38_patch_0007_0008,0
38_patch_0007_0009,1
38_patch_0007_0010,2
38_patch_0007_0011,-1
38_patch_0007_0012,2
38_patch_0007_0013,1
38_patch_0007_0014,2
38_patch_0007_0015,2
38_patch_0007_0016,4
38_patch_0007_0017,0
38_patch_0007_0018,4
38_patch_0007_0019,2
38_patch_0007_0020,3
38_patch_0007_0021,1
38_patch_0007_0022,4
38_patch_0007_0023,4
38_patch_0007_0024,-1
38_patch_0007_0025,-1
38_patch_0008_0000,3
38_patch_0008_0001,0
38_patch_0008_0002,1
38_patch_0008_0003,1
38_patch_0008_0004,3
38_patch_0008_0005,4
38_patch_0008_0006,4
38_patch_0008_0007,2
38_patch_0008_0008,2
38_patch_0008_0009,3
38_patch_0008_0010,-1
38_patch_0008_0011,2
38_patch_0008_0012,-1
38_patch_0008_0013,4
38_patch_0008_0014,1
38_patch_0008_0015,3
38_patch_0008_0016,1
38_patch_0008_0017,-1
38_patch_0008_0018,4
38_patch_0008_0019,2
38_patch_0008_0020,1
38_patch_0008_0021,4
38_patch_0008_0022,4
38_patch_0008_0023,1
38_patch_0008_0024,3
38_patch_0008_0025,3
38_patch_0009_0000,2
38_patch_0009_0001,2
38_patch_0009_0002,-1
38_patch_0009_0003,2
38_patch_0009_0004,2
38_patch_0009_0005,1
38_patch_0009_0006,-1
38_patch_0009_0007,1
38_patch_0009_0008,2
38_patch_0009_0009,1
38_patch_0009_0010,2
38_patch_0009_0011,3
38_patch_0009_0012,2
38_patch_0009_0013,3
38_patch_0009_0014,3
38_patch_0009_0015,2
38_patch_0009_0016,2
38_patch_0009_0017,3
38_patch_0009_0018,1
38_patch_0009_0019,3
38_patch_0009_0020,1
38_patch_0009_0021,4
38_patch_0009_0022,2
38_patch_0009_0023,0
38_patch_0009_0024,4
38_patch_0009_0025,1
38_patch_0010_0000,2
38_patch_0010_0001,4
38_patch_0010_0002,2
38_patch_0010_0003,3
38_patch_0010_0004,0
38_patch_0010_0005,2
38_patch_0010_0006,-1
38_patch_0010_0007,2
38_patch_0010_0008,2
38_patch_0010_0009,1
38_patch_0010_0010,3
38_patch_0010_0011,2
38_patch_0010_0012,3
38_patch_0010_0013,1
38_patch_0010_0014,0
38_patch_0010_0015,3
38_patch_0010_0016,3
38_patch_0010_0017,4
38_patch_0010_0018,4
38_patch_0010_0019,-1
38_patch_0010_0020,2
38_patch_0010_0021,2
38_patch_0010_0022,2
38_patch_0010_0023,3
38_patch_0010_0024,3
38_patch_0010_0025,4
38_patch_0011_0000,1
38_patch_0011_0001,3
38_patch_0011_0002,3
38_patch_0011_0003,2
38_patch_0011_0004,1
38_patch_0011_0005,1
38_patch_0011_0006,3
38_patch_0011_0007,4
38_patch_0011_0008,2
38_patch_0011_0009,1
38_patch_0011_0010,3
38_patch_0011_0011,3
38_patch_0011_0012,1
38_patch_0011_0013,-1
38_patch_0011_0014,1
38_patch_0011_0015,3
38_patch_0011_0016,2
38_patch_0011_0017,4
38_patch_0011_0018,4
38_patch_0011_0019,1
38_patch_0011_0020,1
38_patch_0011_0021,2
38_patch_0011_0022,3
38_patch_0011_0023,3
38_patch_0011_0024,2
38_patch_0011_0025,4
38_patch_0012_0000,2
38_patch_0012_0001,1
38_patch_0012_0002,3
38_patch_0012_0003,-1
38_patch_0012_0004,3
38_patch_0012_0005,0
38_patch_0012_0006,-1
38_patch_0012_0007,1
38_patch_0012_0008,4
38_patch_0012_0009,2
38_patch_0012_0010,3
38_patch_0012_0011,3
38_patch_0012_0012,3
38_patch_0012_0013,1
38_patch_0012_0014,0
38_patch_0012_0015,1
38_patch_0012_0016,3
38_patch_0012_0017,0
38_patch_0012_0018,3
38_patch_0012_0019,1
38_patch_0012_0020,1
38_patch_0012_0021,1
38_patch_0012_0022,3
38_patch_0012_0023,-1
38_patch_0012_0024,3
38_patch_0012_0025,3
38_patch_0013_0000,2
38_patch_0013_0001,2
38_patch_0013_0002,4
38_patch_0013_0003,0
38_patch_0013_0004,1
38_patch_0013_0005,2
38_patch_0013_0006,2
38_patch_0013_0007,0
38_patch_0013_0008,0
38_patch_0013_0009,3
38_patch_0013_0010,4
38_patch_0013_0011,2
38_patch_0013_0012,1
38_patch_0013_0013,0
38_patch_0013_0014,0
38_patch_0013_0015,3
38_patch_0013_0016,3
38_patch_0013_0017,2
38_patch_0013_0018,2
38_patch_0013_0019,3
38_patch_0013_0020,4
38_patch_0013_0021,3
38_patch_0013_0022,0
38_patch_0013_0023,3
38_patch_0013_0024,4
38_patch_0013_0025,1
38_patch_0014_0000,4
38_patch_0014_0001,2
38_patch_0014_0002,0
38_patch_0014_0003,1
38_patch_0014_0004,2
38_patch_0014_0005,3
38_patch_0014_0006,4
38_patch_0014_0007,0
38_patch_0014_0008,4
38_patch_0014_0009,2
38_patch_0014_0010,2
38_patch_0014_0011,0
38_patch_0014_0012,-1
38_patch_0014_0013,0
38_patch_0014_0014,1
38_patch_0014_0015,4
38_patch_0014_0016,-1
38_patch_0014_0017,2
38_patch_0014_0018,1
38_patch_0014_0019,2
38_patch_0014_0020,1
38_patch_0014_0021,1
38_patch_0014_0022,-1
38_patch_0014_0023,1
38_patch_0014_0024,2
38_patch_0014_0025,3
38_patch_0015_0000,4
38_patch_0015_0001,1
38_patch_0015_0002,1
38_patch_0015_0003,4
38_patch_0015_0004,4
38_patch_0015_0005,0
38_patch_0015_0006,-1
38_patch_0015_0007,3
38_patch_0015_0008,3
38_patch_0015_0009,4
38_patch_0015_0010,4
38_patch_0015_0011,3
38_patch_0015_0012,4
38_patch_0015_0013,4
38_patch_0015_0014,3
38_patch_0015_0015,1
38_patch_0015_0016,3
38_patch_0015_0017,2
38_patch_0015_0018,4
38_patch_0015_0019,2
38_patch_0015_0020,3
38_patch_0015_0021,4
38_patch_0015_0022,-1
38_patch_0015_0023,1
38_patch_0015_0024,0
38_patch_0015_0025,4
38_patch_0016_0000,2
38_patch_0016_0001,2
38_patch_0016_0002,0
38_patch_0016_0003,2
38_patch_0016_0004,3
38_patch_0016_0005,1
38_patch_0016_0006,1
38_patch_0016_0007,0
38_patch_0016_0008,3
38_patch_0016_0009,3
38_patch_0016_0010,4
38_patch_0016_0011,0
38_patch_0016_0012,0
38_patch_0016_0013,4
38_patch_0016_0014,1
38_patch_0016_0015,1
38_patch_0016_0016,2
38_patch_0016_0017,3
38_patch_0016_0018,2
38_patch_0016_0019,1
38_patch_0016_0020,1
38_patch_0016_0021,0
38_patch_0016_0022,2
38_patch_0016_0023,2
38_patch_0016_0024,2
38_patch_0016_0025,4
38_patch_0017_0000,2
38_patch_0017_0001,1
38_patch_0017_0002,3
38_patch_0017_0003,3
38_patch_0017_0004,4
38_patch_0017_0005,-1
38_patch_0017_0006,2
38_patch_0017_0007,4
38_patch_0017_0008,3
38_patch_0017_0009,2
38_patch_0017_0010,1
38_patch_0017_0011,4
38_patch_0017_0012,4
38_patch_0017_0013,1
38_patch_0017_0014,4
38_patch_0017_0015,0
38_patch_0017_0016,3
38_patch_0017_0017,3
38_patch_0017_0018,3
38_patch_0017_0019,0
38_patch_0017_0020,1
38_patch_0017_0021,-1
38_patch_0017_0022,1
38_patch_0017_0023,3
38_patch_0017_0024,3
38_patch_0017_0025,4
38_patch_0018_0000,0
38_patch_0018_0001,1
38_patch_0018_0002,-1
38_patch_0018_0003,2
38_patch_0018_0004,3
38_patch_0018_0005,0
38_patch_0018_0006,2
38_patch_0018_0007,-1
38_patch_0018_0008,0
38_patch_0018_0009,4
38_patch_0018_0010,4
38_patch_0018_0011,4
38_patch_0018_0012,3
38_patch_0018_0013,4
38_patch_0018_0014,3
38_patch_0018_0015,3
38_patch_0018_0016,0
38_patch_0018_0017,2
38_patch_0018_0018,4
38_patch_0018_0019,1
38_patch_0018_0020,-1
38_patch_0018_0021,4
38_patch_0018_0022,1
38_patch_0018_0023,2
38_patch_0018_0024,2
38_patch_0018_0025,0
38_patch_0019_0000,1
38_patch_0019_0001,2
38_patch_0019_0002,4
38_patch_0019_0003,4
38_patch_0019_0004,1
38_patch_0019_0005,1
38_patch_0019_0006,0
38_patch_0019_0007,-1
38_patch_0019_0008,4
38_patch_0019_0009,4
38_patch_0019_0010,3
38_patch_0019_0011,3
38_patch_0019_0012,4
38_patch_0019_0013,-1
38_patch_0019_0014,1
38_patch_0019_0015,3
38_patch_0019_0016,1
38_patch_0019_0017,3
38_patch_0019_0018,3
38_patch_0019_0019,4
38_patch_0019_0020,1
38_patch_0019_0021,1
38_patch_0019_0022,3
38_patch_0019_0023,4
38_patch_0019_0024,-1
38_patch_0019_0025,-1
38_patch_0020_0000,-1
38_patch_0020_0001,2
38_patch_0020_0002,2
38_patch_0020_0003,2
38_patch_0020_0004,2
38_patch_0020_0005,4
38_patch_0020_0006,2
38_patch_0020_0007,2
38_patch_0020_0008,3
38_patch_0020_0009,-1
38_patch_0020_0010,1
38_patch_0020_0011,2
38_patch_0020_0012,2
38_patch_0020_0013,0
38_patch_0020_0014,4
38_patch_0020_0015,2
38_patch_0020_0016,1
38_patch_0020_0017,2
38_patch_0020_0018,2
38_patch_0020_0019,2
38_patch_0020_0020,2
38_patch_0020_0021,1
38_patch_0020_0022,2
38_patch_0020_0023,4
38_patch_0020_0024,0
38_patch_0020_0025,3
38_patch_0021_0000,1
38_patch_0021_0001,3
38_patch_0021_0002,1
38_patch_0021_0003,4
38_patch_0021_0004,3
38_patch_0021_0005,1
38_patch_0021_0006,1
38_patch_0021_0007,2
38_patch_0021_0008,2
38_patch_0021_0009,2
38_patch_0021_0010,2
38_patch_0021_0011,1
38_patch_0021_0012,4
38_patch_0021_0013,3
38_patch_0021_0014,3
38_patch_0021_0015,2
38_patch_0021_0016,1
38_patch_0021_0017,4
38_patch_0021_0018,3
38_patch_0021_0019,4
38_patch_0021_0020,3
38_patch_0021_0021,2
38_patch_0021_0022,3
38_patch_0021_0023,3
38_patch_0021_0024,4
38_patch_0021_0025,4
39_patch_0000_0000,2
39_patch_0000_0001,3
39_patch_0000_0002,2
39_patch_0000_0003,2
39_patch_0000_0004,4
39_patch_0000_0005,1
39_patch_0000_0006,2
39_patch_0000_0007,1
39_patch_0000_0008,1
39_patch_0000_0009,4
39_patch_0000_0010,1
39_patch_0000_0011,0
39_patch_0000_0012,3
39_patch_0000_0013,4
39_patch_0000_0014,2
39_patch_0000_0015,2
39_patch_0000_0016,-1
39_patch_0000_0017,1
39_patch_0000_0018,4
39_patch_0000_0019,4
39_patch_0000_0020,3
39_patch_0000_0021,0
39_patch_0000_0022,2
39_patch_0000_0023,0
39_patch_0000_0024,0
39_patch_0000_0025,2
39_patch_0000_0026,3
39_patch_0001_0000,3
39_patch_0001_0001,3
39_patch_0001_0002,2
39_patch_0001_0003,3
39_patch_0001_0004,3
39_patch_0001_0005,3
39_patch_0001_0006,2
39_patch_0001_0007,1
39_patch_0001_0008,2
39_patch_0001_0009,3
39_patch_0001_0010,2
39_patch_0001_0011,1
39_patch_0001_0012,1
39_patch_0001_0013,1
39_patch_0001_0014,4
39_patch_0001_0015,3
39_patch_0001_0016,4
39_patch_0001_0017,3
39_patch_0001_0018,3
39_patch_0001_0019,2
39_patch_0001_0020,3
39_patch_0001_0021,1
39_patch_0001_0022,1
39_patch_0001_0023,4
39_patch_0001_0024,3
39_patch_0001_0025,1
39_patch_0001_0026,4
39_patch_0002_0000,3
39_patch_0002_0001,2
39_patch_0002_0002,4
39_patch_0002_0003,4
39_patch_0002_0004,1
39_patch_0002_0005,0
39_patch_0002_0006,4
39_patch_0002_0007,2
39_patch_0002_0008,4
39_patch_0002_0009,2
39_patch_0002_0010,3
39_patch_0002_0011,3
39_patch_0002_0012,2
39_patch_0002_0013,2
39_patch_0002_0014,0
39_patch_0002_0015,2
39_patch_0002_0016,1
39_patch_0002_0017,3
39_patch_0002_0018,1
39_patch_0002_0019,3
39_patch_0002_0020,4
39_patch_0002_0021,2
39_patch_0002_0022,1
39_patch_0002_0023,1
39_patch_0002_0024,1
39_patch_0002_0025,2
39_patch_0002_0026,1
39_patch_0003_0000,2
39_patch_0003_0001,4
39_patch_0003_0002,1
39_patch_0003_0003,4
39_patch_0003_0004,3
39_patch_0003_0005,4
39_patch_0003_0006,1
39_patch_0003_0007,2
39_patch_0003_0008,1
39_patch_0003_0009,2
39_patch_0003_0010,2
39_patch_0003_0011,2
39_patch_0003_0012,4
39_patch_0003_0013,2
39_patch_0003_0014,4
39_patch_0003_0015,4
39_patch_0003_0016,1
39_patch_0003_0017,1
39_patch_0003_0018,4
39_patch_0003_0019,4
39_patch_0003_0020,4
39_patch_0003_0021,2
39_patch_0003_0022,2
39_patch_0003_0023,1
39_patch_0003_0024,0
39_patch_0003_0025,4
39_patch_0003_0026,4
39_patch_0004_0000,3
39_patch_0004_0001,2
39_patch_0004_0002,2
39_patch_0004_0003,4
39_patch_0004_0004,1
39_patch_0004_0005,4
39_patch_0004_0006,1
39_patch_0004_0007,3
39_patch_0004_0008,3
39_patch_0004_0009,1
39_patch_0004_0010,1
39_patch_0004_0011,4
39_patch_0004_0012,1
39_patch_0004_0013,3
39_patch_0004_0014,-1
39_patch_0004_0015,0
39_patch_0004_0016,2
39_patch_0004_0017,3
39_patch_0004_0018,3
39_patch_0004_0019,4
39_patch_0004_0020,2
39_patch_0004_0021,-1
39_patch_0004_0022,1
39_patch_0004_0023,0
39_patch_0004_0024,2
39_patch_0004_0025,3
39_patch_0004_0026,2
39_patch_0005_0000,2
39_patch_0005_0001,-1
39_patch_0005_0002,3
39_patch_0005_0003,0
39_patch_0005_0004,3
39_patch_0005_0005,3
39_patch_0005_0006,2
39_patch_0005_0007,2
39_patch_0005_0008,3
39_patch_0005_0009,1
39_patch_0005_0010,-1
39_patch_0005_0011,1
39_patch_0005_0012,1
39_patch_0005_0013,2
39_patch_0005_0014,2
39_patch_0005_0015,2
39_patch_0005_0016,0
39_patch_0005_0017,4
39_patch_0005_0018,0
39_patch_0005_0019,4
39_patch_0005_0020,1
39_patch_0005_0021,2
39_patch_0005_0022,1
39_patch_0005_0023,3
39_patch_0005_0024,1
39_patch_0005_0025,4
39_patch_0005_0026,4
39_patch_0006_0000,4
39_patch_0006_0001,-1
39_patch_0006_0002,3
39_patch_0006_0003,1
39_patch_0006_0004,3
39_patch_0006_0005,4
39_patch_0006_0006,-1
39_patch_0006_0007,2
39_patch_0006_0008,1
39_patch_0006_0009,2
39_patch_0006_0010,1
39_patch_0006_0011,-1
39_patch_0006_0012,0
39_patch_0006_0013,1
39_patch_0006_0014,3
39_patch_0006_0015,3
39_patch_0006_0016,3
39_patch_0006_0017,1
39_patch_0006_0018,2
39_patch_0006_0019,4
39_patch_0006_0020,4
39_patch_0006_0021,2
39_patch_0006_0022,3
39_patch_0006_0023,1
39_patch_0006_0024,4
39_patch_0006_0025,2
39_patch_0006_0026,3
39_patch_0007_0000,0
39_patch_0007_0001,0
39_patch_0007_0002,3
39_patch_0007_0003,-1
39_patch_0007_0004,1
39_patch_0007_0005,0
39_patch_0007_0006,3
39_patch_0007_0007,4
39_patch_0007_0008,3
39_patch_0007_0009,4
39_patch_0007_0010,-1
39_patch_0007_0011,3
39_patch_0007_0012,2
39_patch_0007_0013,3
39_patch_0007_0014,-1
39_patch_0007_0015,2
39_patch_0007_0016,2
39_patch_0007_0017,2
39_patch_0007_0018,2
39_patch_0007_0019,3
39_patch_0007_0020,1
39_patch_0007_0021,3
39_patch_0007_0022,1
39_patch_0007_0023,2
39_patch_0007_0024,1
39_patch_0007_0025,2
39_patch_0007_0026,3
39_patch_0008_0000,-1
39_patch_0008_0001,2
39_patch_0008_0002,3
39_patch_0008_0003,-1
39_patch_0008_0004,3
39_patch_0008_0005,0
39_patch_0008_0006,3
39_patch_0008_0007,3
39_patch_0008_0008,-1
39_patch_0008_0009,0
39_patch_0008_0010,0
39_patch_0008_0011,-1
39_patch_0008_0012,1
39_patch_0008_0013,4
39_patch_0008_0014,4
39_patch_0008_0015,3
39_patch_0008_0016,4
39_patch_0008_0017,4
39_patch_0008_0018,2
39_patch_0008_0019,1
39_patch_0008_0020,3
39_patch_0008_0021,4
39_patch_0008_0022,-1
39_patch_0008_0023,3
39_patch_0008_0024,-1
39_patch_0008_0025,3
39_patch_0008_0026,4
39_patch_0009_0000,0
39_patch_0009_0001,-1
39_patch_0009_0002,3
39_patch_0009_0003,2
39_patch_0009_0004,1
39_patch_0009_0005,1
39_patch_0009_0006,2
39_patch_0009_0007,3
39_patch_0009_0008,1
39_patch_0009_0009,4
39_patch_0009_0010,1
39_patch_0009_0011,3
39_patch_0009_0012,4
39_patch_0009_0013,-1
39_patch_0009_0014,3
39_patch_0009_0015,2
39_patch_0009_0016,3
39_patch_0009_0017,3
39_patch_0009_0018,0
39_patch_0009_0019,1
39_patch_0009_0020,3
39_patch_0009_0021,4
39_patch_0009_0022,0
39_patch_0009_0023,2
39_patch_0009_0024,2
39_patch_0009_0025,-1
39_patch_0009_0026,-1
39_patch_0010_0000,3
39_patch_0010_0001,3
39_patch_0010_0002,1
39_patch_0010_0003,1
39_patch_0010_0004,4
39_patch_0010_0005,-1
39_patch_0010_0006,1
39_patch_0010_0007,2
39_patch_0010_0008,3
39_patch_0010_0009,1
39_patch_0010_0010,1
39_patch_0010_0011,3
39_patch_0010_0012,1
39_patch_0010_0013,2
39_patch_0010_0014,4
39_patch_0010_0015,3
39_patch_0010_0016,1
39_patch_0010_0017,2
39_patch_0010_0018,1
39_patch_0010_0019,2
39_patch_0010_0020,1
39_patch_0010_0021,3
39_patch_0010_0022,3
39_patch_0010_0023,1
39_patch_0010_0024,1
39_patch_0010_0025,-1
39_patch_0010_0026,3
39_patch_0011_0000,1
39_patch_0011_0001,1
39_patch_0011_0002,0
39_patch_0011_0003,2
39_patch_0011_0004,1
39_patch_0011_0005,1
39_patch_0011_0006,3
39_patch_0011_0007,3
39_patch_0011_0008,2
39_patch_0011_0009,2
39_patch_0011_0010,1
39_patch_0011_0011,-1
39_patch_0011_0012,4
39_patch_0011_0013,2
39_patch_0011_0014,4
39_patch_0011_0015,3
39_patch_0011_0016,-1
39_patch_0011_0017,1
39_patch_0011_0018,4
39_patch_0011_0019,3
39_patch_0011_0020,2
39_patch_0011_0021,2
39_patch_0011_0022,4
39_patch_0011_0023,3
39_patch_0011_0024,0
39_patch_0011_0025,1
39_patch_0011_0026,0
39_patch_0012_0000,1
39_patch_0012_0001,4
39_patch_0012_0002,-1
39_patch_0012_0003,3
39_patch_0012_0004,0
39_patch_0012_0005,-1
39_patch_0012_0006,4
39_patch_0012_0007,4
39_patch_0012_0008,1
39_patch_0012_0009,1
39_patch_0012_0010,4
39_patch_0012_0011,4
39_patch_0012_0012,1
39_patch_0012_0013,3
39_patch_0012_0014,1
39_patch_0012_0015,3
39_patch_0012_0016,4
39_patch_0012_0017,3
39_patch_0012_0018,3
39_patch_0012_0019,4
39_patch_0012_0020,4
39_patch_0012_0021,3
39_patch_0012_0022,4
39_patch_0012_0023,-1
39_patch_0012_0024,3
39_patch_0012_0025,1
39_patch_0012_0026,3
39_patch_0013_0000,3
39_patch_0013_0001,4
39_patch_0013_0002,4
39_patch_0013_0003,3
39_patch_0013_0004,1
39_patch_0013_0005,-1
39_patch_0013_0006,-1
39_patch_0013_0007,1
39_patch_0013_0008,1
39_patch_0013_0009,0
39_patch_0013_0010,4
39_patch_0013_0011,4
39_patch_0013_0012,2
39_patch_0013_0013,0
39_patch_0013_0014,2
39_patch_0013_0015,4
39_patch_0013_0016,4
39_patch_0013_0017,1
39_patch_0013_0018,4
39_patch_0013_0019,3
39_patch_0013_0020,3
39_patch_0013_0021,2
39_patch_0013_0022,3
39_patch_0013_0023,4
39_patch_0013_0024,-1
39_patch_0013_0025,2
39_patch_0013_0026,2
39_patch_0014_0000,1
39_patch_0014_0001,2
39_patch_0014_0002,4
39_patch_0014_0003,4
39_patch_0014_0004,4
39_patch_0014_0005,3
39_patch_0014_0006,3
39_patch_0014_0007,1
39_patch_0014_0008,2
39_patch_0014_0009,2
39_patch_0014_0010,3
39_patch_0014_0011,4
39_patch_0014_0012,4
39_patch_0014_0013,2
39_patch_0014_0014,1
39_patch_0014_0015,2
39_patch_0014_0016,3
39_patch_0014_0017,4
39_patch_0014_0018,1
39_patch_0014_0019,4
39_patch_0014_0020,3
39_patch_0014_0021,3
39_patch_0014_0022,2
39_patch_0014_0023,0
39_patch_0014_0024,-1
39_patch_0014_0025,1
39_patch_0014_0026,1
39_patch_0015_0000,3
39_patch_0015_0001,1
39_patch_0015_0002,4
39_patch_0015_0003,3
39_patch_0015_0004,4
39_patch_0015_0005,4
39_patch_0015_0006,4
39_patch_0015_0007,2
39_patch_0015_0008,1
39_patch_0015_0009,2
39_patch_0015_0010,1
39_patch_0015_0011,4
39_patch_0015_0012,1
39_patch_0015_0013,1
39_patch_0015_0014,2
39_patch_0015_0015,4
39_patch_0015_0016,2
39_patch_0015_0017,3
39_patch_0015_0018,3
39_patch_0015_0019,-1
39_patch_0015_0020,4
39_patch_0015_0021,4
39_patch_0015_0022,1
39_patch_0015_0023,1
39_patch_0015_0024,2
39_patch_0015_0025,-1
39_patch_0015_0026,1
39_patch_0016_0000,3
39_patch_0016_0001,2
39_patch_0016_0002,3
39_patch_0016_0003,3
39_patch_0016_0004,3
39_patch_0016_0005,-1
39_patch_0016_0006,2
39_patch_0016_0007,2
39_patch_0016_0008,1
39_patch_0016_0009,0
39_patch_0016_0010,2
39_patch_0016_0011,4
39_patch_0016_0012,2
39_patch_0016_0013,0
39_patch_0016_0014,2
39_patch_0016_0015,3
39_patch_0016_0016,1
39_patch_0016_0017,2
39_patch_0016_0018,4
39_patch_0016_0019,1
39_patch_0016_0020,1
39_patch_0016_0021,3
39_patch_0016_0022,1
39_patch_0016_0023,1
39_patch_0016_0024,0
39_patch_0016_0025,3
39_patch_0016_0026,2
39_patch_0017_0000,4
39_patch_0017_0001,1
39_patch_0017_0002,4
39_patch_0017_0003,-1
39_patch_0017_0004,4
39_patch_0017_0005,1
39_patch_0017_0006,1
39_patch_0017_0007,4
39_patch_0017_0008,-1
39_patch_0017_0009,2
39_patch_0017_0010,3
39_patch_0017_0011,3
39_patch_0017_0012,2
39_patch_0017_0013,3
39_patch_0017_0014,3
39_patch_0017_0015,2
39_patch_0017_0016,0
39_patch_0017_0017,3
39_patch_0017_0018,2
39_patch_0017_0019,3
39_patch_0017_0020,0
39_patch_0017_0021,4
39_patch_0017_0022,4
39_patch_0017_0023,3
39_patch_0017_0024,1
39_patch_0017_0025,0
39_patch_0017_0026,3
39_patch_0018_0000,2
39_patch_0018_0001,0
39_patch_0018_0002,2
39_patch_0018_0003,0
39_patch_0018_0004,2
39_patch_0018_0005,2
39_patch_0018_0006,3
39_patch_0018_0007,4
39_patch_0018_0008,4
39_patch_0018_0009,3
39_patch_0018_0010,1
39_patch_0018_0011,4
39_patch_0018_0012,-1
39_patch_0018_0013,1
39_patch_0018_0014,3
39_patch_0018_0015,4
39_patch_0018_0016,4
39_patch_0018_0017,4
39_patch_0018_0018,4
39_patch_0018_0019,1
39_patch_0018_0020,1
39_patch_0018_0021,4
39_patch_0018_0022,3
39_patch_0018_0023,4
39_patch_0018_0024,4
39_patch_0018_0025,3
39_patch_0018_0026,1
39_patch_0019_0000,2
39_patch_0019_0001,1
39_patch_0019_0002,2
39_patch_0019_0003,1
39_patch_0019_0004,-1
39_patch_0019_0005,4
39_patch_0019_0006,4
39_patch_0019_0007,1
39_patch_0019_0008,3
39_patch_0019_0009,4
39_patch_0019_0010,4
39_patch_0019_0011,-1
39_patch_0019_0012,1
39_patch_0019_0013,2
39_patch_0019_0014,0
39_patch_0019_0015,1
39_patch_0019_0016,-1
39_patch_0019_0017,-1
39_patch_0019_0018,2
39_patch_0019_0019,2
39_patch_0019_0020,1
39_patch_0019_0021,3
39_patch_0019_0022,2
39_patch_0019_0023,2
39_patch_0019_0024,1
39_patch_0019_0025,3
39_patch_0019_0026,1
39_patch_0020_0000,3
39_patch_0020_0001,1
39_patch_0020_0002,2
39_patch_0020_0003,4
39_patch_0020_0004,4
39_patch_0020_0005,2
39_patch_0020_0006,2
39_patch_0020_0007,4
39_patch_0020_0008,4
39_patch_0020_0009,4
39_patch_0020_0010,1
39_patch_0020_0011,1
39_patch_0020_0012,4
39_patch_0020_0013,2
39_patch_0020_0014,2
39_patch_0020_0015,3
39_patch_0020_0016,1
39_patch_0020_0017,1
39_patch_0020_0018,4
39_patch_0020_0019,3
39_patch_0020_0020,3
39_patch_0020_0021,3
39_patch_0020_0022,1
39_patch_0020_0023,1
39_patch_0020_0024,1
39_patch_0020_0025,4
39_patch_0020_0026,0
39_patch_0021_0000,4
39_patch_0021_0001,2
39_patch_0021_0002,2
39_patch_0021_0003,2
39_patch_0021_0004,3
39_patch_0021_0005,1
39_patch_0021_0006,4
39_patch_0021_0007,2
39_patch_0021_0008,4
39_patch_0021_0009,4
39_patch_0021_0010,3
39_patch_0021_0011,3
39_patch_0021_0012,0
39_patch_0021_0013,1
39_patch_0021_0014,-1
39_patch_0021_0015,4
39_patch_0021_0016,3
39_patch_0021_0017,-1
39_patch_0021_0018,3
39_patch_0021_0019,4
39_patch_0021_0020,0
39_patch_0021_0021,-1
39_patch_0021_0022,2
39_patch_0021_0023,3
39_patch_0021_0024,1
39_patch_0021_0025,-1
39_patch_0021_0026,3
3_patch_0000_0000,3
3_patch_0000_0001,4
3_patch_0000_0002,0
3_patch_0000_0003,3
3_patch_0000_0004,-1
3_patch_0000_0005,3
3_patch_0000_0006,-1
3_patch_0000_0007,4
3_patch_0000_0008,1
3_patch_0000_0009,4
3_patch_0000_0010,0
3_patch_0000_0011,1
3_patch_0000_0012,4
3_patch_0000_0013,3
3_patch_0000_0014,-1
3_patch_0000_0015,-1
3_patch_0000_0016,1
3_patch_0000_0017,-1
3_patch_0000_0018,-1
3_patch_0000_0019,1
3_patch_0000_0020,1
3_patch_0000_0021,2
3_patch_0000_0022,3
3_patch_0000_0023,2
3_patch_0000_0024,2
3_patch_0000_0025,0
3_patch_0000_0026,1
3_patch_0000_0027,2
3_patch_0001_0000,0
3_patch_0001_0001,3
3_patch_0001_0002,1
3_patch_0001_0003,3
3_patch_0001_0004,2
3_patch_0001_0005,2
3_patch_0001_0006,3
3_patch_0001_0007,4
3_patch_0001_0008,4
3_patch_0001_0009,3
3_patch_0001_0010,4
3_patch_0001_0011,2
3_patch_0001_0012,1
3_patch_0001_0013,2
3_patch_0001_0014,2
3_patch_0001_0015,4
3_patch_0001_0016,0
3_patch_0001_0017,1
3_patch_0001_0018,1
3_patch_0001_0019,2
3_patch_0001_0020,2
3_patch_0001_0021,0
3_patch_0001_0022,1
3_patch_0001_0023,2
3_patch_0001_0024,3
3_patch_0001_0025,1
3_patch_0001_0026,4
3_patch_0001_0027,2
3_patch_0002_0000,2
3_patch_0002_0001,4
3_patch_0002_0002,1
3_patch_0002_0003,-1
3_patch_0002_0004,0
3_patch_0002_0005,2
3_patch_0002_0006,-1
3_patch_0002_0007,2
3_patch_0002_0008,1
3_patch_0002_0009,2
3_patch_0002_0010,1
3_patch_0002_0011,2
3_patch_0002_0012,0
3_patch_0002_0013,1
3_patch_0002_0014,4
3_patch_0002_0015,3
3_patch_0002_0016,3
3_patch_0002_0017,-1
3_patch_0002_0018,-1
3_patch_0002_0019,4
3_patch_0002_0020,1
3_patch_0002_0021,3
3_patch_0002_0022,3
3_patch_0002_0023,4
3_patch_0002_0024,3
3_patch_0002_0025,3
3_patch_0002_0026,3
3_patch_0002_0027,4
3_patch_0003_0000,2
3_patch_0003_0001,2
3_patch_0003_0002,4
3_patch_0003_0003,0
3_patch_0003_0004,2
3_patch_0003_0005,3
3_patch_0003_0006,4
3_patch_0003_0007,4
3_patch_0003_0008,1
3_patch_0003_0009,1
3_patch_0003_0010,-1
3_patch_0003_0011,0
3_patch_0003_0012,4
3_patch_0003_0013,4
3_patch_0003_0014,2
3_patch_0003_0015,0
3_patch_0003_0016,3
3_patch_0003_0017,3
3_patch_0003_0018,0
3_patch_0003_0019,3
3_patch_0003_0020,4
3_patch_0003_0021,1
3_patch_0003_0022,0
3_patch_0003_0023,4
3_patch_0003_0024,3
3_patch_0003_0025,1
3_patch_0003_0026,-1
3_patch_0003_0027,3
3_patch_0004_0000,4
3_patch_0004_0001,1
3_patch_0004_0002,0
3_patch_0004_0003,1
3_patch_0004_0004,2
3_patch_0004_0005,3
3_patch_0004_0006,3
3_patch_0004_0007,4
3_patch_0004_0008,3
3_patch_0004_0009,3
3_patch_0004_0010,4
3_patch_0004_0011,1
3_patch_0004_0012,4
3_patch_0004_0013,1
3_patch_0004_0014,1
3_patch_0004_0015,1
3_patch_0004_0016,4
3_patch_0004_0017,3
3_patch_0004_0018,0
3_patch_0004_0019,1
3_patch_0004_0020,1
3_patch_0004_0021,4
3_patch_0004_0022,3
3_patch_0004_0023,1
3_patch_0004_0024,3
3_patch_0004_0025,1
3_patch_0004_0026,-1
3_patch_0004_0027,2
3_patch_0005_0000,-1
3_patch_0005_0001,2
3_patch_0005_0002,4
3_patch_0005_0003,4
3_patch_0005_0004,3
3_patch_0005_0005,0
3_patch_0005_0006,4
3_patch_0005_0007,3
3_patch_0005_0008,4
3_patch_0005_0009,4
3_patch_0005_0010,3
3_patch_0005_0011,1
3_patch_0005_0012,2
3_patch_0005_0013,-1
3_patch_0005_0014,1
3_patch_0005_0015,2
3_patch_0005_0016,0
3_patch_0005_0017,4
3_patch_0005_0018,1
3_patch_0005_0019,0
3_patch_0005_0020,4
3_patch_0005_0021,4
3_patch_0005_0022,2
3_patch_0005_0023,3
3_patch_0005_0024,1
3_patch_0005_0025,3
3_patch_0005_0026,1
3_patch_0005_0027,1
3_patch_0006_0000,4
3_patch_0006_0001,1
3_patch_0006_0002,2
3_patch_0006_0003,4
3_patch_0006_0004,2
3_patch_0006_0005,2
3_patch_0006_0006,1
3_patch_0006_0007,4
3_patch_0006_0008,0
3_patch_0006_0009,4
3_patch_0006_0010,4
3_patch_0006_0011,0
3_patch_0006_0012,-1
3_patch_0006_0013,1
3_patch_0006_0014,-1
3_patch_0006_0015,0
3_patch_0006_0016,3
3_patch_0006_0017,1
3_patch_0006_0018,1
3_patch_0006_0019,1
3_patch_0006_0020,3
3_patch_0006_0021,3
3_patch_0006_0022,-1
3_patch_0006_0023,4
3_patch_0006_0024,1
3_patch_0006_0025,0
3_patch_0006_0026,4
3_patch_0006_0027,4
3_patch_0007_0000,2
3_patch_0007_0001,-1
3_patch_0007_0002,-1
3_patch_0007_0003,4
3_patch_0007_0004,0
3_patch_0007_0005,1
3_patch_0007_0006,4
3_patch_0007_0007,2
3_patch_0007_0008,4
3_patch_0007_0009,2
3_patch_0007_0010,1
3_patch_0007_0011,3
3_patch_0007_0012,2
3_patch_0007_0013,3
3_patch_0007_0014,-1
3_patch_0007_0015,4
3_patch_0007_0016,1
3_patch_0007_0017,1
3_patch_0007_0018,1
3_patch_0007_0019,2
3_patch_0007_0020,1
3_patch_0007_0021,0
3_patch_0007_0022,3
3_patch_0007_0023,2
3_patch_0007_0024,-1
3_patch_0007_0025,1
3_patch_0007_0026,4
3_patch_0007_0027,3
3_patch_0008_0000,0
3_patch_0008_0001,3
3_patch_0008_0002,0
3_patch_0008_0003,2
3_patch_0008_0004,1
3_patch_0008_0005,-1
3_patch_0008_0006,2
3_patch_0008_0007,4
3_patch_0008_0008,1
3_patch_0008_0009,2
3_patch_0008_0010,1
3_patch_0008_0011,2
3_patch_0008_0012,3
3_patch_0008_0013,3
3_patch_0008_0014,1
3_patch_0008_0015,1
3_patch_0008_0016,4
3_patch_0008_0017,4
3_patch_0008_0018,2
3_patch_0008_0019,0
3_patch_0008_0020,2
3_patch_0008_0021,0
3_patch_0008_0022,0
3_patch_0008_0023,4
3_patch_0008_0024,2
3_patch_0008_0025,4
3_patch_0008_0026,-1
3_patch_0008_0027,4
3_patch_0009_0000,1
3_patch_0009_0001,4
3_patch_0009_0002,0
3_patch_0009_0003,0
3_patch_0009_0004,1
3_patch_0009_0005,2
3_patch_0009_0006,4
3_patch_0009_0007,0
3_patch_0009_0008,1
3_patch_0009_0009,2
3_patch_0009_0010,2
3_patch_0009_0011,2
3_patch_0009_0012,1
3_patch_0009_0013,1
3_patch_0009_0014,1
3_patch_0009_0015,4
3_patch_0009_0016,4
3_patch_0009_0017,3
3_patch_0009_0018,2
3_patch_0009_0019,3
3_patch_0009_0020,2
3_patch_0009_0021,2
3_patch_0009_0022,4
3_patch_0009_0023,3
3_patch_0009_0024,2
3_patch_0009_0025,1
3_patch_0009_0026,3
3_patch_0009_0027,0
3_patch_0010_0000,1
3_patch_0010_0001,2
3_patch_0010_0002,1
3_patch_0010_0003,4
3_patch_0010_0004,4
3_patch_0010_0005,4
3_patch_0010_0006,3
3_patch_0010_0007,1
3_patch_0010_0008,3
3_patch_0010_0009,4
3_patch_0010_0010,1
3_patch_0010_0011,2
3_patch_0010_0012,-1
3_patch_0010_0013,2
3_patch_0010_0014,2
3_patch_0010_0015,3
3_patch_0010_0016,3
3_patch_0010_0017,0
3_patch_0010_0018,2
3_patch_0010_0019,0
3_patch_0010_0020,4
3_patch_0010_0021,0
3_patch_0010_0022,1
3_patch_0010_0023,1
3_patch_0010_0024,1
3_patch_0010_0025,3
3_patch_0010_0026,3
3_patch_0010_0027,3
3_patch_0011_0000,4
3_patch_0011_0001,0
3_patch_0011_0002,1
3_patch_0011_0003,3
3_patch_0011_0004,3
3_patch_0011_0005,1
3_patch_0011_0006,0
3_patch_0011_0007,3
3_patch_0011_0008,-1
3_patch_0011_0009,3
3_patch_0011_0010,0
3_patch_0011_0011,1
3_patch_0011_0012,3
3_patch_0011_0013,-1
3_patch_0011_0014,1
3_patch_0011_0015,4
3_patch_0011_0016,4
3_patch_0011_0017,4
3_patch_0011_0018,3
3_patch_0011_0019,4
3_patch_0011_0020,4
3_patch_0011_0021,1
3_patch_0011_0022,1
3_patch_0011_0023,3
3_patch_0011_0024,1
3_patch_0011_0025,-1
3_patch_0011_0026,-1
3_patch_0011_0027,-1
3_patch_0012_0000,1
3_patch_0012_0001,4
3_patch_0012_0002,3
3_patch_0012_0003,4
3_patch_0012_0004,4
3_patch_0012_0005,3
3_patch_0012_0006,2
3_patch_0012_0007,1
3_patch_0012_0008,4
3_patch_0012_0009,3
3_patch_0012_0010,3
3_patch_0012_0011,-1
3_patch_0012_0012,3
3_patch_0012_0013,2
3_patch_0012_0014,3
3_patch_0012_0015,-1
3_patch_0012_0016,0
3_patch_0012_0017,1
3_patch_0012_0018,3
3_patch_0012_0019,4
3_patch_0012_0020,4
3_patch_0012_0021,1
3_patch_0012_0022,3
3_patch_0012_0023,3
3_patch_0012_0024,1
3_patch_0012_0025,1
3_patch_0012_0026,2
3_patch_0012_0027,1
3_patch_0013_0000,0
3_patch_0013_0001,0
3_patch_0013_0002,0
3_patch_0013_0003,3
3_patch_0013_0004,4
3_patch_0013_0005,1
3_patch_0013_0006,4
3_patch_0013_0007,2
3_patch_0013_0008,4
3_patch_0013_0009,-1
3_patch_0013_0010,4
3_patch_0013_0011,4
3_patch_0013_0012,1
3_patch_0013_0013,4
3_patch_0013_0014,4
3_patch_0013_0015,3
3_patch_0013_0016,4
3_patch_0013_0017,3
3_patch_0013_0018,1
3_patch_0013_0019,1
3_patch_0013_0020,2
3_patch_0013_0021,4
3_patch_0013_0022,-1
3_patch_0013_0023,1
3_patch_0013_0024,1
3_patch_0013_0025,2
3_patch_0013_0026,1
3_patch_0013_0027,3
3_patch_0014_0000,2
3_patch_0014_0001,1
3_patch_0014_0002,3
3_patch_0014_0003,3
3_patch_0014_0004,3
3_patch_0014_0005,-1
3_patch_0014_0006,-1
3_patch_0014_0007,4
3_patch_0014_0008,0
3_patch_0014_0009,2
3_patch_0014_0010,2
3_patch_0014_0011,1
3_patch_0014_0012,0
3_patch_0014_0013,-1
3_patch_0014_0014,2
3_patch_0014_0015,2
3_patch_0014_0016,-1
3_patch_0014_0017,0
3_patch_0014_0018,3
3_patch_0014_0019,3
3_patch_0014_0020,3
3_patch_0014_0021,1
3_patch_0014_0022,2
3_patch_0014_0023,-1
3_patch_0014_0024,-1
3_patch_0014_0025,4
3_patch_0014_0026,4
3_patch_0014_0027,1
3_patch_0015_0000,3
3_patch_0015_0001,-1
3_patch_0015_0002,-1
3_patch_0015_0003,-1
3_patch_0015_0004,2
3_patch_0015_0005,3
3_patch_0015_0006,2
3_patch_0015_0007,-1
3_patch_0015_0008,0
3_patch_0015_0009,0
3_patch_0015_0010,3
3_patch_0015_0011,2
3_patch_0015_0012,4
3_patch_0015_0013,-1
3_patch_0015_0014,0
3_patch_0015_0015,2
3_patch_0015_0016,2
3_patch_0015_0017,4
3_patch_0015_0018,3
3_patch_0015_0019,4
3_patch_0015_0020,3
3_patch_0015_0021,0
3_patch_0015_0022,3
3_patch_0015_0023,4
3_patch_0015_0024,2
3_patch_0015_0025,2
3_patch_0015_0026,4
3_patch_0015_0027,2
3_patch_0016_0000,4
3_patch_0016_0001,0
3_patch_0016_0002,1
3_patch_0016_0003,4
3_patch_0016_0004,1
3_patch_0016_0005,3
3_patch_0016_0006,3
3_patch_0016_0007,-1
3_patch_0016_0008,1
3_patch_0016_0009,4
3_patch_0016_0010,4
3_patch_0016_0011,2
3_patch_0016_0012,-1
3_patch_0016_0013,4
3_patch_0016_0014,3
3_patch_0016_0015,3
3_patch_0016_0016,3
3_patch_0016_0017,3
3_patch_0016_0018,1
3_patch_0016_0019,4
3_patch_0016_0020,3
3_patch_0016_0021,4
3_patch_0016_0022,2
3_patch_0016_0023,-1
3_patch_0016_0024,3
3_patch_0016_0025,1
3_patch_0016_0026,1
3_patch_0016_0027,3
3_patch_0017_0000,-1
3_patch_0017_0001,-1
3_patch_0017_0002,3
3_patch_0017_0003,4
3_patch_0017_0004,-1
3_patch_0017_0005,2
3_patch_0017_0006,-1
3_patch_0017_0007,3
3_patch_0017_0008,-1
3_patch_0017_0009,1
3_patch_0017_0010,4
3_patch_0017_0011,4
3_patch_0017_0012,1
3_patch_0017_0013,4
3_patch_0017_0014,3
3_patch_0017_0015,1
3_patch_0017_0016,4
3_patch_0017_0017,0
3_patch_0017_0018,2
3_patch_0017_0019,4
3_patch_0017_0020,-1
3_patch_0017_0021,3
3_patch_0017_0022,3
3_patch_0017_0023,3
3_patch_0017_0024,2
3_patch_0017_0025,1
3_patch_0017_0026,-1
3_patch_0017_0027,2
3_patch_0018_0000,1
3_patch_0018_0001,4
3_patch_0018_0002,4
3_patch_0018_0003,3
3_patch_0018_0004,0
3_patch_0018_0005,0
3_patch_0018_0006,1
3_patch_0018_0007,2
3_patch_0018_0008,-1
3_patch_0018_0009,0
3_patch_0018_0010,4
3_patch_0018_0011,3
3_patch_0018_0012,0
3_patch_0018_0013,0
3_patch_0018_0014,1
3_patch_0018_0015,3
3_patch_0018_0016,1
3_patch_0018_0017,4
3_patch_0018_0018,3
3_patch_0018_0019,4
3_patch_0018_0020,3
3_patch_0018_0021,1
3_patch_0018_0022,-1
3_patch_0018_0023,2
3_patch_0018_0024,3
3_patch_0018_0025,4
3_patch_0018_0026,1
3_patch_0018_0027,4
3_patch_0019_0000,2
3_patch_0019_0001,2
3_patch_0019_0002,2
3_patch_0019_0003,3
3_patch_0019_0004,4
3_patch_0019_0005,1
3_patch_0019_0006,2
3_patch_0019_0007,4
3_patch_0019_0008,2
3_patch_0019_0009,0
3_patch_0019_0010,3
3_patch_0019_0011,3
3_patch_0019_0012,0
3_patch_0019_0013,4
3_patch_0019_0014,3
3_patch_0019_0015,-1
3_patch_0019_0016,4
3_patch_0019_0017,2
3_patch_0019_0018,2
3_patch_0019_0019,1
3_patch_0019_0020,1
3_patch_0019_0021,-1
3_patch_0019_0022,0
3_patch_0019_0023,4
3_patch_0019_0024,1
3_patch_0019_0025,2
3_patch_0019_0026,3
3_patch_0019_0027,3
3_patch_0020_0000,1
3_patch_0020_0001,1
3_patch_0020_0002,3
3_patch_0020_0003,2
3_patch_0020_0004,3
3_patch_0020_0005,2
3_patch_0020_0006,4
3_patch_0020_0007,1
3_patch_0020_0008,2
3_patch_0020_0009,2
3_patch_0020_0010,3
3_patch_0020_0011,3
3_patch_0020_0012,3
3_patch_0020_0013,2
3_patch_0020_0014,3
3_patch_0020_0015,1
3_patch_0020_0016,4
3_patch_0020_0017,-1
3_patch_0020_0018,1
3_patch_0020_0019,3
3_patch_0020_0020,3
3_patch_0020_0021,2
3_patch_0020_0022,2
3_patch_0020_0023,0
3_patch_0020_0024,-1
3_patch_0020_0025,1
3_patch_0020_0026,2
3_patch_0020_0027,2
3_patch_0021_0000,1
3_patch_0021_0001,3
3_patch_0021_0002,3
3_patch_0021_0003,4
3_patch_0021_0004,1
3_patch_0021_0005,3
3_patch_0021_0006,2
3_patch_0021_0007,2
3_patch_0021_0008,4
3_patch_0021_0009,3
3_patch_0021_0010,4
3_patch_0021_0011,3
3_patch_0021_0012,2
3_patch_0021_0013,2
3_patch_0021_0014,3
3_patch_0021_0015,1
3_patch_0021_0016,2
3_patch_0021_0017,2
3_patch_0021_0018,2
3_patch_0021_0019,4
3_patch_0021_0020,3
3_patch_0021_0021,2
3_patch_0021_0022,3
3_patch_0021_0023,2
3_patch_0021_0024,1
3_patch_0021_0025,3
3_patch_0021_0026,3
3_patch_0021_0027,4
3_patch_0022_0000,3
3_patch_0022_0001,4
3_patch_0022_0002,1
3_patch_0022_0003,1
3_patch_0022_0004,0
3_patch_0022_0005,2
3_patch_0022_0006,2
3_patch_0022_0007,4
3_patch_0022_0008,3
3_patch_0022_0009,3
3_patch_0022_0010,4
3_patch_0022_0011,0
3_patch_0022_0012,-1
3_patch_0022_0013,4
3_patch_0022_0014,3
3_patch_0022_0015,3
3_patch_0022_0016,4
3_patch_0022_0017,1
3_patch_0022_0018,1
3_patch_0022_0019,4
3_patch_0022_0020,2
3_patch_0022_0021,3
3_patch_0022_0022,4
3_patch_0022_0023,2
3_patch_0022_0024,3
3_patch_0022_0025,3
3_patch_0022_0026,0
3_patch_0022_0027,4
40_patch_0000_0000,3
40_patch_0000_0001,3
40_patch_0000_0002,4
40_patch_0000_0003,2
40_patch_0000_0004,1
40_patch_0000_0005,-1
40_patch_0000_0006,1
40_patch_0000_0007,4
40_patch_0000_0008,4
40_patch_0000_0009,1
40_patch_0000_0010,0
40_patch_0000_0011,2
40_patch_0000_0012,0
40_patch_0000_0013,1
40_patch_0000_0014,4
40_patch_0000_0015,4
40_patch_0000_0016,-1
40_patch_0000_0017,1
40_patch_0000_0018,0
40_patch_0000_0019,-1
40_patch_0000_0020,4
40_patch_0000_0021,3
40_patch_0000_0022,3
40_patch_0000_0023,3
40_patch_0000_0024,4
40_patch_0000_0025,-1
40_patch_0001_0000,4
40_patch_0001_0001,1
40_patch_0001_0002,1
40_patch_0001_0003,-1
40_patch_0001_0004,4
40_patch_0001_0005,0
40_patch_0001_0006,4
40_patch_0001_0007,1
40_patch_0001_0008,0
40_patch_0001_0009,3
40_patch_0001_0010,-1
40_patch_0001_0011,1
40_patch_0001_0012,-1
40_patch_0001_0013,-1
40_patch_0001_0014,3
40_patch_0001_0015,4
40_patch_0001_0016,3
40_patch_0001_0017,4
40_patch_0001_0018,-1
40_patch_0001_0019,-1
40_patch_0001_0020,1
40_patch_0001_0021,1
40_patch_0001_0022,1
40_patch_0001_0023,-1
40_patch_0001_0024,-1
40_patch_0001_0025,2
40_patch_0002_0000,1
40_patch_0002_0001,3
40_patch_0002_0002,-1
40_patch_0002_0003,2
40_patch_0002_0004,4
40_patch_0002_0005,3
40_patch_0002_0006,4
40_patch_0002_0007,3
40_patch_0002_0008,2
40_patch_0002_0009,2
40_patch_0002_0010,3
40_patch_0002_0011,3
40_patch_0002_0012,4
40_patch_0002_0013,3
40_patch_0002_0014,4
40_patch_0002_0015,3
40_patch_0002_0016,1
40_patch_0002_0017,3
40_patch_0002_0018,2
40_patch_0002_0019,-1
40_patch_0002_0020,1
40_patch_0002_0021,-1
40_patch_0002_0022,2
40_patch_0002_0023,4
40_patch_0002_0024,2
40_patch_0002_0025,2
40_patch_0003_0000,4
40_patch_0003_0001,3
40_patch_0003_0002,-1
40_patch_0003_0003,1
40_patch_0003_0004,4
40_patch_0003_0005,2
40_patch_0003_0006,1
40_patch_0003_0007,3
40_patch_0003_0008,0
40_patch_0003_0009,3
40_patch_0003_0010,1
40_patch_0003_0011,4
40_patch_0003_0012,1
40_patch_0003_0013,0
40_patch_0003_0014,3
40_patch_0003_0015,-1
40_patch_0003_0016,4
40_patch_0003_0017,1
40_patch_0003_0018,1
40_patch_0003_0019,2
40_patch_0003_0020,4
40_patch_0003_0021,1
40_patch_0003_0022,4
40_patch_0003_0023,1
40_patch_0003_0024,2
40_patch_0003_0025,3
40_patch_0004_0000,3
40_patch_0004_0001,3
40_patch_0004_0002,-1
40_patch_0004_0003,1
40_patch_0004_0004,1
40_patch_0004_0005,2
40_patch_0004_0006,4
40_patch_0004_0007,0
40_patch_0004_0008,2
40_patch_0004_0009,2
40_patch_0004_0010,1
40_patch_0004_0011,1
40_patch_0004_0012,3
40_patch_0004_0013,3
40_patch_0004_0014,2
40_patch_0004_0015,3
40_patch_0004_0016,1
40_patch_0004_0017,-1
40_patch_0004_0018,-1
40_patch_0004_0019,4
40_patch_0004_0020,-1
40_patch_0004_0021,4
40_patch_0004_0022,3
40_patch_0004_0023,0
40_patch_0004_0024,2
40_patch_0004_0025,4
40_patch_0005_0000,2
40_patch_0005_0001,2
40_patch_0005_0002,-1
40_patch_0005_0003,1
40_patch_0005_0004,1
40_patch_0005_0005,1
40_patch_0005_0006,2
40_patch_0005_0007,2
40_patch_0005_0008,-1
40_patch_0005_0009,3
40_patch_0005_0010,2
40_patch_0005_0011,4
40_patch_0005_0012,2
40_patch_0005_0013,1
40_patch_0005_0014,1
40_patch_0005_0015,4
40_patch_0005_0016,4
40_patch_0005_0017,-1
40_patch_0005_0018,2
40_patch_0005_0019,4
40_patch_0005_0020,4
40_patch_0005_0021,0
40_patch_0005_0022,3
40_patch_0005_0023,2
40_patch_0005_0024,4
40_patch_0005_0025,1
40_patch_0006_0000,1
40_patch_0006_0001,0
40_patch_0006_0002,2
40_patch_0006_0003,2
40_patch_0006_0004,3
40_patch_0006_0005,-1
40_patch_0006_0006,2
40_patch_0006_0007,2
40_patch_0006_0008,2
40_patch_0006_0009,2
40_patch_0006_0010,0
40_patch_0006_0011,2
40_patch_0006_0012,1
40_patch_0006_0013,1
40_patch_0006_0014,3
40_patch_0006_0015,2
40_patch_0006_0016,2
40_patch_0006_0017,4
40_patch_0006_0018,3
40_patch_0006_0019,-1
40_patch_0006_0020,4
40_patch_0006_0021,2
40_patch_0006_0022,-1
40_patch_0006_0023,4
40_patch_0006_0024,1
40_patch_0006_0025,2
40_patch_0007_0000,2
40_patch_0007_0001,2
40_patch_0007_0002,2
40_patch_0007_0003,2
40_patch_0007_0004,2
40_patch_0007_0005,1
40_patch_0007_0006,3
40_patch_0007_0007,3
40_patch_0007_0008,3
40_patch_0007_0009,3
40_patch_0007_0010,2
40_patch_0007_0011,-1
40_patch_0007_0012,4
40_patch_0007_0013,3
40_patch_0007_0014,1
40_patch_0007_0015,4
40_patch_0007_0016,2
40_patch_0007_0017,1
40_patch_0007_0018,1
40_patch_0007_0019,1
40_patch_0007_0020,0
40_patch_0007_0021,1
40_patch_0007_0022,3
40_patch_0007_0023,3
40_patch_0007_0024,3
40_patch_0007_0025,-1
40_patch_0008_0000,4
40_patch_0008_0001,0
40_patch_0008_0002,0
40_patch_0008_0003,2
40_patch_0008_0004,1
40_patch_0008_0005,4
40_patch_0008_0006,0
40_patch_0008_0007,0
40_patch_0008_0008,-1
40_patch_0008_0009,2
40_patch_0008_0010,-1
40_patch_0008_0011,4
40_patch_0008_0012,-1
40_patch_0008_0013,3
40_patch_0008_0014,4
40_patch_0008_0015,4
40_patch_0008_0016,4
40_patch_0008_0017,2
40_patch_0008_0018,2
40_patch_0008_0019,0
40_patch_0008_0020,2
40_patch_0008_0021,3
40_patch_0008_0022,4
40_patch_0008_0023,4
40_patch_0008_0024,1
40_patch_0008_0025,3
40_patch_0009_0000,2
40_patch_0009_0001,3
40_patch_0009_0002,4
40_patch_0009_0003,1
40_patch_0009_0004,3
40_patch_0009_0005,4
40_patch_0009_0006,1
40_patch_0009_0007,1
40_patch_0009_0008,2
40_patch_0009_0009,1
40_patch_0009_0010,4
40_patch_0009_0011,1
40_patch_0009_0012,2
40_patch_0009_0013,2
40_patch_0009_0014,3
40_patch_0009_0015,3
40_patch_0009_0016,1
40_patch_0009_0017,3
40_patch_0009_0018,2
40_patch_0009_0019,3
40_patch_0009_0020,4
40_patch_0009_0021,2
40_patch_0009_0022,4
40_patch_0009_0023,4
40_patch_0009_0024,-1
40_patch_0009_0025,2
40_patch_0010_0000,2
40_patch_0010_0001,4
40_patch_0010_0002,1
40_patch_0010_0003,2
40_patch_0010_0004,4
40_patch_0010_0005,1
40_patch_0010_0006,0
40_patch_0010_0007,3
40_patch_0010_0008,2
40_patch_0010_0009,2
40_patch_0010_0010,0
40_patch_0010_0011,1
40_patch_0010_0012,3
40_patch_0010_0013,3
40_patch_0010_0014,4
40_patch_0010_0015,3
40_patch_0010_0016,4
40_patch_0010_0017,3
40_patch_0010_0018,4
40_patch_0010_0019,2
40_patch_0010_0020,0
40_patch_0010_0021,2
40_patch_0010_0022,3
40_patch_0010_0023,-1
40_patch_0010_0024,2
40_patch_0010_0025,2
40_patch_0011_0000,2
40_patch_0011_0001,4
40_patch_0011_0002,3
40_patch_0011_0003,4
40_patch_0011_0004,4
40_patch_0011_0005,2
40_patch_0011_0006,4
40_patch_0011_0007,4
40_patch_0011_0008,2
40_patch_0011_0009,1
40_patch_0011_0010,3
40_patch_0011_0011,4
40_patch_0011_0012,4
40_patch_0011_0013,2
40_patch_0011_0014,1
40_patch_0011_0015,4
40_patch_0011_0016,1
40_patch_0011_0017,3
40_patch_0011_0018,-1
40_patch_0011_0019,2
40_patch_0011_0020,1
40_patch_0011_0021,-1
40_patch_0011_0022,4
40_patch_0011_0023,2
40_patch_0011_0024,3
40_patch_0011_0025,2
40_patch_0012_0000,4
40_patch_0012_0001,2
40_patch_0012_0002,3
40_patch_0012_0003,2
40_patch_0012_0004,0
40_patch_0012_0005,2
40_patch_0012_0006,4
40_patch_0012_0007,1
40_patch_0012_0008,-1
40_patch_0012_0009,2
40_patch_0012_0010,-1
40_patch_0012_0011,-1
40_patch_0012_0012,1
40_patch_0012_0013,4
40_patch_0012_0014,3
40_patch_0012_0015,-1
40_patch_0012_0016,4
40_patch_0012_0017,1
40_patch_0012_0018,2
40_patch_0012_0019,4
40_patch_0012_0020,3
40_patch_0012_0021,-1
40_patch_0012_0022,2
40_patch_0012_0023,1
40_patch_0012_0024,2
40_patch_0012_0025,4
40_patch_0013_0000,3
40_patch_0013_0001,2
40_patch_0013_0002,4
40_patch_0013_0003,4
40_patch_0013_0004,4
40_patch_0013_0005,-1
40_patch_0013_0006,-1
40_patch_0013_0007,3
40_patch_0013_0008,2
40_patch_0013_0009,3
40_patch_0013_0010,1
40_patch_0013_0011,3
40_patch_0013_0012,3
40_patch_0013_0013,1
40_patch_0013_0014,4
40_patch_0013_0015,0
40_patch_0013_0016,1
40_patch_0013_0017,1
40_patch_0013_0018,0
40_patch_0013_0019,4
40_patch_0013_0020,2
40_patch_0013_0021,2
40_patch_0013_0022,-1
40_patch_0013_0023,4
40_patch_0013_0024,1
40_patch_0013_0025,0
40_patch_0014_0000,2
40_patch_0014_0001,4
40_patch_0014_0002,3
40_patch_0014_0003,3
40_patch_0014_0004,0
40_patch_0014_0005,1
40_patch_0014_0006,2
40_patch_0014_0007,0
40_patch_0014_0008,4
40_patch_0014_0009,0
40_patch_0014_0010,1
40_patch_0014_0011,4
40_patch_0014_0012,2
40_patch_0014_0013,3
40_patch_0014_0014,0
40_patch_0014_0015,3
40_patch_0014_0016,0
40_patch_0014_0017,0
40_patch_0014_0018,3
40_patch_0014_0019,4
40_patch_0014_0020,4
40_patch_0014_0021,2
40_patch_0014_0022,2
40_patch_0014_0023,0
40_patch_0014_0024,2
40_patch_0014_0025,4
40_patch_0015_0000,1
40_patch_0015_0001,-1
40_patch_0015_0002,3
40_patch_0015_0003,4
40_patch_0015_0004,-1
40_patch_0015_0005,0
40_patch_0015_0006,4
40_patch_0015_0007,-1
40_patch_0015_0008,3
40_patch_0015_0009,4
40_patch_0015_0010,2
40_patch_0015_0011,2
40_patch_0015_0012,4
40_patch_0015_0013,0
40_patch_0015_0014,0
40_patch_0015_0015,2
40_patch_0015_0016,2
40_patch_0015_0017,1
40_patch_0015_0018,2
40_patch_0015_0019,3
40_patch_0015_0020,3
40_patch_0015_0021,3
40_patch_0015_0022,3
40_patch_0015_0023,3
40_patch_0015_0024,3
40_patch_0015_0025,3
40_patch_0016_0000,2
40_patch_0016_0001,1
40_patch_0016_0002,2
40_patch_0016_0003,3
40_patch_0016_0004,0
40_patch_0016_0005,3
40_patch_0016_0006,4
40_patch_0016_0007,3
40_patch_0016_0008,-1
40_patch_0016_0009,3
40_patch_0016_0010,0
40_patch_0016_0011,4
40_patch_0016_0012,3
40_patch_0016_0013,-1
40_patch_0016_0014,3
40_patch_0016_0015,0
40_patch_0016_0016,2
40_patch_0016_0017,4
40_patch_0016_0018,4
40_patch_0016_0019,-1
40_patch_0016_0020,3
40_patch_0016_0021,2
40_patch_0016_0022,4
40_patch_0016_0023,4
40_patch_0016_0024,1
40_patch_0016_0025,-1
41_patch_0000_0000,1
41_patch_0000_0001,3
41_patch_0000_0002,0
41_patch_0000_0003,0
41_patch_0000_0004,-1
41_patch_0000_0005,2
41_patch_0000_0006,3
41_patch_0000_0007,4
41_patch_0000_0008,0
41_patch_0000_0009,4
41_patch_0000_0010,1
41_patch_0000_0011,1
41_patch_0000_0012,2
41_patch_0000_0013,2
41_patch_0000_0014,1
41_patch_0000_0015,0
41_patch_0000_0016,1
41_patch_0000_0017,2
41_patch_0000_0018,1
41_patch_0000_0019,1
41_patch_0000_0020,4
41_patch_0001_0000,1
41_patch_0001_0001,-1
41_patch_0001_0002,-1
41_patch_0001_0003,0
41_patch_0001_0004,-1
41_patch_0001_0005,1
41_patch_0001_0006,1
41_patch_0001_0007,4
41_patch_0001_0008,2
41_patch_0001_0009,4
41_patch_0001_0010,0
41_patch_0001_0011,3
41_patch_0001_0012,4
41_patch_0001_0013,1
41_patch_0001_0014,3
41_patch_0001_0015,4
41_patch_0001_0016,3
41_patch_0001_0017,1
41_patch_0001_0018,3
41_patch_0001_0019,4
41_patch_0001_0020,-1
41_patch_0002_0000,4
41_patch_0002_0001,3
41_patch_0002_0002,3
41_patch_0002_0003,0
41_patch_0002_0004,1
41_patch_0002_0005,4
41_patch_0002_0006,1
41_patch_0002_0007,3
41_patch_0002_0008,2
41_patch_0002_0009,2
41_patch_0002_0010,4
41_patch_0002_0011,2
41_patch_0002_0012,4
41_patch_0002_0013,2
41_patch_0002_0014,1
41_patch_0002_0015,4
41_patch_0002_0016,-1
41_patch_0002_0017,2
41_patch_0002_0018,1
41_patch_0002_0019,2
41_patch_0002_0020,3
41_patch_0003_0000,4
41_patch_0003_0001,1
41_patch_0003_0002,4
41_patch_0003_0003,4
41_patch_0003_0004,0
41_patch_0003_0005,1
41_patch_0003_0006,-1
41_patch_0003_0007,0
41_patch_0003_0008,3
41_patch_0003_0009,4
41_patch_0003_0010,2
41_patch_0003_0011,3
41_patch_0003_0012,4
41_patch_0003_0013,2
41_patch_0003_0014,4
41_patch_0003_0015,4
41_patch_0003_0016,4
41_patch_0003_0017,0
41_patch_0003_0018,2
41_patch_0003_0019,0
41_patch_0003_0020,1
41_patch_0004_0000,0
41_patch_0004_0001,3
41_patch_0004_0002,2
41_patch_0004_0003,4
41_patch_0004_0004,4
41_patch_0004_0005,2
41_patch_0004_0006,1
41_patch_0004_0007,3
41_patch_0004_0008,3
41_patch_0004_0009,0
41_patch_0004_0010,0
41_patch_0004_0011,2
41_patch_0004_0012,3
41_patch_0004_0013,4
41_patch_0004_0014,0
41_patch_0004_0015,3
41_patch_0004_0016,3
41_patch_0004_0017,1
41_patch_0004_0018,2
41_patch_0004_0019,1
41_patch_0004_0020,2
41_patch_0005_0000,3
41_patch_0005_0001,1
41_patch_0005_0002,2
41_patch_0005_0003,1
41_patch_0005_0004,2
41_patch_0005_0005,1
41_patch_0005_0006,1
41_patch_0005_0007,4
41_patch_0005_0008,3
41_patch_0005_0009,1
41_patch_0005_0010,2
41_patch_0005_0011,1
41_patch_0005_0012,0
41_patch_0005_0013,2
41_patch_0005_0014,0
41_patch_0005_0015,4
41_patch_0005_0016,-1
41_patch_0005_0017,3
41_patch_0005_0018,4
41_patch_0005_0019,0
41_patch_0005_0020,3
41_patch_0006_0000,-1
41_patch_0006_0001,1
41_patch_0006_0002,0
41_patch_0006_0003,1
41_patch_0006_0004,4
41_patch_0006_0005,4
41_patch_0006_0006,1
41_patch_0006_0007,2
41_patch_0006_0008,3
41_patch_0006_0009,3
41_patch_0006_0010,1
41_patch_0006_0011,1
41_patch_0006_0012,3
41_patch_0006_0013,2
41_patch_0006_0014,2
41_patch_0006_0015,3
41_patch_0006_0016,0
41_patch_0006_0017,1
41_patch_0006_0018,2
41_patch_0006_0019,2
41_patch_0006_0020,3
41_patch_0007_0000,-1
41_patch_0007_0001,4
41_patch_0007_0002,3
41_patch_0007_0003,3
41_patch_0007_0004,0
41_patch_0007_0005,3
41_patch_0007_0006,0
41_patch_0007_0007,2
41_patch_0007_0008,3
41_patch_0007_0009,0
41_patch_0007_0010,3
41_patch_0007_0011,1
41_patch_0007_0012,2
41_patch_0007_0013,0
41_patch_0007_0014,2
41_patch_0007_0015,0
41_patch_0007_0016,-1
41_patch_0007_0017,0
41_patch_0007_0018,1
41_patch_0007_0019,2
41_patch_0007_0020,0
41_patch_0008_0000,-1
41_patch_0008_0001,3
41_patch_0008_0002,4
41_patch_0008_0003,3
41_patch_0008_0004,1
41_patch_0008_0005,4
41_patch_0008_0006,2
41_patch_0008_0007,2
41_patch_0008_0008,-1
41_patch_0008_0009,0
41_patch_0008_0010,3
41_patch_0008_0011,3
41_patch_0008_0012,4
41_patch_0008_0013,2
41_patch_0008_0014,4
41_patch_0008_0015,4
41_patch_0008_0016,1
41_patch_0008_0017,1
41_patch_0008_0018,2
41_patch_0008_0019,1
41_patch_0008_0020,3
41_patch_0009_0000,4
41_patch_0009_0001,1
41_patch_0009_0002,2
41_patch_0009_0003,1
41_patch_0009_0004,3
41_patch_0009_0005,3
41_patch_0009_0006,2
41_patch_0009_0007,1
41_patch_0009_0008,2
41_patch_0009_0009,-1
41_patch_0009_0010,-1
41_patch_0009_0011,1
41_patch_0009_0012,4
41_patch_0009_0013,4
41_patch_0009_0014,2
41_patch_0009_0015,-1
41_patch_0009_0016,-1
41_patch_0009_0017,2
41_patch_0009_0018,3
41_patch_0009_0019,4
41_patch_0009_0020,1
41_patch_0010_0000,4
41_patch_0010_0001,3
41_patch_0010_0002,1
41_patch_0010_0003,4
41_patch_0010_0004,-1
41_patch_0010_0005,2
41_patch_0010_0006,0
41_patch_0010_0007,4
41_patch_0010_0008,3
41_patch_0010_0009,1
41_patch_0010_0010,2
41_patch_0010_0011,4
41_patch_0010_0012,4
41_patch_0010_0013,4
41_patch_0010_0014,1
41_patch_0010_0015,-1
41_patch_0010_0016,4
41_patch_0010_0017,3
41_patch_0010_0018,1
41_patch_0010_0019,1
41_patch_0010_0020,4
41_patch_0011_0000,-1
41_patch_0011_0001,2
41_patch_0011_0002,3
41_patch_0011_0003,1
41_patch_0011_0004,3
41_patch_0011_0005,4
41_patch_0011_0006,4
41_patch_0011_0007,4
41_patch_0011_0008,4
41_patch_0011_0009,-1
41_patch_0011_0010,4
41_patch_0011_0011,3
41_patch_0011_0012,2
41_patch_0011_0013,4
41_patch_0011_0014,0
41_patch_0011_0015,-1
41_patch_0011_0016,3
41_patch_0011_0017,1
41_patch_0011_0018,4
41_patch_0011_0019,1
41_patch_0011_0020,-1
41_patch_0012_0000,1
41_patch_0012_0001,2
41_patch_0012_0002,2
41_patch_0012_0003,-1
41_patch_0012_0004,2
41_patch_0012_0005,1
41_patch_0012_0006,1
41_patch_0012_0007,2
41_patch_0012_0008,1
41_patch_0012_0009,1
41_patch_0012_0010,0
41_patch_0012_0011,2
41_patch_0012_0012,-1
41_patch_0012_0013,2
41_patch_0012_0014,3
41_patch_0012_0015,4
41_patch_0012_0016,0
41_patch_0012_0017,2
41_patch_0012_0018,3
41_patch_0012_0019,1
41_patch_0012_0020,2
41_patch_0013_0000,2
41_patch_0013_0001,2
41_patch_0013_0002,3
41_patch_0013_0003,1
41_patch_0013_0004,2
41_patch_0013_0005,4
41_patch_0013_0006,4
41_patch_0013_0007,1
41_patch_0013_0008,4
41_patch_0013_0009,3
41_patch_0013_0010,0
41_patch_0013_0011,2
41_patch_0013_0012,3
41_patch_0013_0013,0
41_patch_0013_0014,1
41_patch_0013_0015,2
41_patch_0013_0016,-1
41_patch_0013_0017,3
41_patch_0013_0018,1
41_patch_0013_0019,-1
41_patch_0013_0020,2
41_patch_0014_0000,0
41_patch_0014_0001,3
41_patch_0014_0002,4
41_patch_0014_0003,3
41_patch_0014_0004,3
41_patch_0014_0005,0
41_patch_0014_0006,2
41_patch_0014_0007,2
41_patch_0014_0008,3
41_patch_0014_0009,-1
41_patch_0014_0010,1
41_patch_0014_0011,1
41_patch_0014_0012,1
41_patch_0014_0013,2
41_patch_0014_0014,0
41_patch_0014_0015,3
41_patch_0014_0016,1
41_patch_0014_0017,4
41_patch_0014_0018,3
41_patch_0014_0019,-1
41_patch_0014_0020,-1
41_patch_0015_0000,1
41_patch_0015_0001,0
41_patch_0015_0002,4
41_patch_0015_0003,-1
41_patch_0015_0004,4
41_patch_0015_0005,3
41_patch_0015_0006,1
41_patch_0015_0007,0
41_patch_0015_0008,3
41_patch_0015_0009,2
41_patch_0015_0010,1
41_patch_0015_0011,4
41_patch_0015_0012,3
41_patch_0015_0013,4
41_patch_0015_0014,2
41_patch_0015_0015,1
41_patch_0015_0016,3
41_patch_0015_0017,-1
41_patch_0015_0018,2
41_patch_0015_0019,4
41_patch_0015_0020,1
41_patch_0016_0000,-1
41_patch_0016_0001,3
41_patch_0016_0002,-1
41_patch_0016_0003,3
41_patch_0016_0004,-1
41_patch_0016_0005,2
41_patch_0016_0006,-1
41_patch_0016_0007,3
41_patch_0016_0008,4
41_patch_0016_0009,-1
41_patch_0016_0010,1
41_patch_0016_0011,3
41_patch_0016_0012,-1
41_patch_0016_0013,1
41_patch_0016_0014,0
41_patch_0016_0015,-1
41_patch_0016_0016,2
41_patch_0016_0017,3
41_patch_0016_0018,2
41_patch_0016_0019,4
41_patch_0016_0020,1
41_patch_0017_0000,-1
41_patch_0017_0001,2
41_patch_0017_0002,2
41_patch_0017_0003,4
41_patch_0017_0004,4
41_patch_0017_0005,4
41_patch_0017_0006,1
41_patch_0017_0007,2
41_patch_0017_0008,0
41_patch_0017_0009,1
41_patch_0017_0010,3
41_patch_0017_0011,4
41_patch_0017_0012,2
41_patch_0017_0013,2
41_patch_0017_0014,0
41_patch_0017_0015,1
41_patch_0017_0016,0
41_patch_0017_0017,3
41_patch_0017_0018,3
41_patch_0017_0019,1
41_patch_0017_0020,4
41_patch_0018_0000,1
41_patch_0018_0001,1
41_patch_0018_0002,4
41_patch_0018_0003,0
41_patch_0018_0004,-1
41_patch_0018_0005,1
41_patch_0018_0006,1
41_patch_0018_0007,2
41_patch_0018_0008,1
41_patch_0018_0009,3
41_patch_0018_0010,0
41_patch_0018_0011,1
41_patch_0018_0012,2
41_patch_0018_0013,-1
41_patch_0018_0014,4
41_patch_0018_0015,3
41_patch_0018_0016,-1
41_patch_0018_0017,4
41_patch_0018_0018,2
41_patch_0018_0019,-1
41_patch_0018_0020,1
41_patch_0019_0000,2
41_patch_0019_0001,4
41_patch_0019_0002,2
41_patch_0019_0003,2
41_patch_0019_0004,2
41_patch_0019_0005,1
41_patch_0019_0006,3
41_patch_0019_0007,3
41_patch_0019_0008,0
41_patch_0019_0009,4
41_patch_0019_0010,1
41_patch_0019_0011,2
41_patch_0019_0012,4
41_patch_0019_0013,2
41_patch_0019_0014,-1
41_patch_0019_0015,1
41_patch_0019_0016,4
41_patch_0019_0017,1
41_patch_0019_0018,1
41_patch_0019_0019,1
41_patch_0019_0020,1
42_patch_0000_0000,1
42_patch_0000_0001,2
42_patch_0000_0002,2
42_patch_0000_0003,2
42_patch_0000_0004,4
42_patch_0000_0005,1
42_patch_0000_0006,3
42_patch_0000_0007,-1
42_patch_0000_0008,4
42_patch_0000_0009,1
42_patch_0000_0010,2
42_patch_0000_0011,0
42_patch_0000_0012,-1
42_patch_0000_0013,0
42_patch_0000_0014,4
42_patch_0000_0015,2
42_patch_0000_0016,3
42_patch_0000_0017,3
42_patch_0000_0018,1
42_patch_0000_0019,4
42_patch_0000_0020,-1
42_patch_0000_0021,1
42_patch_0000_0022,-1
42_patch_0000_0023,0
42_patch_0000_0024,0
42_patch_0000_0025,3
42_patch_0001_0000,3
42_patch_0001_0001,1
42_patch_0001_0002,4
42_patch_0001_0003,4
42_patch_0001_0004,3
42_patch_0001_0005,2
42_patch_0001_0006,1
42_patch_0001_0007,3
42_patch_0001_0008,1
42_patch_0001_0009,3
42_patch_0001_0010,-1
42_patch_0001_0011,3
42_patch_0001_0012,2
42_patch_0001_0013,0
42_patch_0001_0014,3
42_patch_0001_0015,3
42_patch_0001_0016,2
42_patch_0001_0017,1
42_patch_0001_0018,2
42_patch_0001_0019,4
42_patch_0001_0020,3
42_patch_0001_0021,-1
42_patch_0001_0022,1
42_patch_0001_0023,1
42_patch_0001_0024,2
42_patch_0001_0025,1
42_patch_0002_0000,2
42_patch_0002_0001,1
42_patch_0002_0002,3
42_patch_0002_0003,4
42_patch_0002_0004,2
42_patch_0002_0005,2
42_patch_0002_0006,-1
42_patch_0002_0007,4
42_patch_0002_0008,-1
42_patch_0002_0009,3
42_patch_0002_0010,2
42_patch_0002_0011,2
42_patch_0002_0012,4
42_patch_0002_0013,1
42_patch_0002_0014,4
42_patch_0002_0015,3
42_patch_0002_0016,4
42_patch_0002_0017,4
42_patch_0002_0018,2
42_patch_0002_0019,3
42_patch_0002_0020,2
42_patch_0002_0021,2
42_patch_0002_0022,3
42_patch_0002_0023,1
42_patch_0002_0024,1
42_patch_0002_0025,0
42_patch_0003_0000,3
42_patch_0003_0001,2
42_patch_0003_0002,-1
42_patch_0003_0003,1
42_patch_0003_0004,0
42_patch_0003_0005,1
42_patch_0003_0006,1
42_patch_0003_0007,-1
42_patch_0003_0008,2
42_patch_0003_0009,2
42_patch_0003_0010,2
42_patch_0003_0011,4
42_patch_0003_0012,0
42_patch_0003_0013,4
42_patch_0003_0014,-1
42_patch_0003_0015,0
42_patch_0003_0016,3
42_patch_0003_0017,4
42_patch_0003_0018,1
42_patch_0003_0019,-1
42_patch_0003_0020,1
42_patch_0003_0021,0
42_patch_0003_0022,4
42_patch_0003_0023,3
42_patch_0003_0024,-1
42_patch_0003_0025,4
42_patch_0004_0000,2
42_patch_0004_0001,4
42_patch_0004_0002,-1
42_patch_0004_0003,2
42_patch_0004_0004,4
42_patch_0004_0005,-1
42_patch_0004_0006,1
42_patch_0004_0007,2
42_patch_0004_0008,3
42_patch_0004_0009,-1
42_patch_0004_0010,3
42_patch_0004_0011,2
42_patch_0004_0012,3
42_patch_0004_0013,3
42_patch_0004_0014,2
42_patch_0004_0015,-1
42_patch_0004_0016,4
42_patch_0004_0017,2
42_patch_0004_0018,2
42_patch_0004_0019,-1
42_patch_0004_0020,4
42_patch_0004_0021,2
42_patch_0004_0022,3
42_patch_0004_0023,2
42_patch_0004_0024,1
42_patch_0004_0025,2
42_patch_0005_0000,4
42_patch_0005_0001,4
42_patch_0005_0002,-1
42_patch_0005_0003,4
42_patch_0005_0004,0
42_patch_0005_0005,4
42_patch_0005_0006,2
42_patch_0005_0007,4
42_patch_0005_0008,-1
42_patch_0005_0009,3
42_patch_0005_0010,4
42_patch_0005_0011,2
42_patch_0005_0012,4
42_patch_0005_0013,2
42_patch_0005_0014,1
42_patch_0005_0015,2
42_patch_0005_0016,4
42_patch_0005_0017,3
42_patch_0005_0018,1
42_patch_0005_0019,3
42_patch_0005_0020,2
42_patch_0005_0021,4
42_patch_0005_0022,2
42_patch_0005_0023,3
42_patch_0005_0024,4
42_patch_0005_0025,1
42_patch_0006_0000,4
42_patch_0006_0001,1
42_patch_0006_0002,3
42_patch_0006_0003,4
42_patch_0006_0004,4
42_patch_0006_0005,2
42_patch_0006_0006,4
42_patch_0006_0007,2
42_patch_0006_0008,3
42_patch_0006_0009,3
42_patch_0006_0010,2
42_patch_0006_0011,1
42_patch_0006_0012,3
42_patch_0006_0013,2
42_patch_0006_0014,3
42_patch_0006_0015,3
42_patch_0006_0016,3
42_patch_0006_0017,-1
42_patch_0006_0018,4
42_patch_0006_0019,0
42_patch_0006_0020,3
42_patch_0006_0021,4
42_patch_0006_0022,3
42_patch_0006_0023,-1
42_patch_0006_0024,2
42_patch_0006_0025,4
42_patch_0007_0000,1
42_patch_0007_0001,3
42_patch_0007_0002,3
42_patch_0007_0003,3
42_patch_0007_0004,3
42_patch_0007_0005,1
42_patch_0007_0006,2
42_patch_0007_0007,1
42_patch_0007_0008,2
42_patch_0007_0009,3
42_patch_0007_0010,1
42_patch_0007_0011,2
42_patch_0007_0012,1
42_patch_0007_0013,1
42_patch_0007_0014,1
42_patch_0007_0015,1
42_patch_0007_0016,1
42_patch_0007_0017,1
42_patch_0007_0018,1
42_patch_0007_0019,1
42_patch_0007_0020,3
42_patch_0007_0021,1
42_patch_0007_0022,0
42_patch_0007_0023,1
42_patch_0007_0024,3
42_patch_0007_0025,1
42_patch_0008_0000,1
42_patch_0008_0001,4
42_patch_0008_0002,2
42_patch_0008_0003,3
42_patch_0008_0004,1
42_patch_0008_0005,3
42_patch_0008_0006,2
42_patch_0008_0007,1
42_patch_0008_0008,-1
42_patch_0008_0009,4
42_patch_0008_0010,1
42_patch_0008_0011,3
42_patch_0008_0012,1
42_patch_0008_0013,1
42_patch_0008_0014,4
42_patch_0008_0015,3
42_patch_0008_0016,2
42_patch_0008_0017,2
42_patch_0008_0018,1
42_patch_0008_0019,2
42_patch_0008_0020,4
42_patch_0008_0021,3
42_patch_0008_0022,4
42_patch_0008_0023,3
42_patch_0008_0024,1
42_patch_0008_0025,4
42_patch_0009_0000,2
42_patch_0009_0001,2
42_patch_0009_0002,2
42_patch_0009_0003,2
42_patch_0009_0004,2
42_patch_0009_0005,-1
42_patch_0009_0006,3
42_patch_0009_0007,4
42_patch_0009_0008,3
42_patch_0009_0009,0
42_patch_0009_0010,2
42_patch_0009_0011,1
42_patch_0009_0012,3
42_patch_0009_0013,2
42_patch_0009_0014,2
42_patch_0009_0015,3
42_patch_0009_0016,1
42_patch_0009_0017,0
42_patch_0009_0018,1
42_patch_0009_0019,4
42_patch_0009_0020,3
42_patch_0009_0021,1
42_patch_0009_0022,4
42_patch_0009_0023,2
42_patch_0009_0024,2
42_patch_0009_0025,3
42_patch_0010_0000,0
42_patch_0010_0001,1
42_patch_0010_0002,0
42_patch_0010_0003,0
42_patch_0010_0004,1
42_patch_0010_0005,4
42_patch_0010_0006,1
42_patch_0010_0007,0
42_patch_0010_0008,2
42_patch_0010_0009,1
42_patch_0010_0010,4
42_patch_0010_0011,1
42_patch_0010_0012,2
42_patch_0010_0013,4
42_patch_0010_0014,4
42_patch_0010_0015,3
42_patch_0010_0016,1
42_patch_0010_0017,4
42_patch_0010_0018,3
42_patch_0010_0019,0
42_patch_0010_0020,2
42_patch_0010_0021,4
42_patch_0010_0022,0
42_patch_0010_0023,1
42_patch_0010_0024,2
42_patch_0010_0025,2
42_patch_0011_0000,3
42_patch_0011_0001,4
42_patch_0011_0002,0
42_patch_0011_0003,1
42_patch_0011_0004,-1
42_patch_0011_0005,1
42_patch_0011_0006,4
42_patch_0011_0007,1
42_patch_0011_0008,3
42_patch_0011_0009,2
42_patch_0011_0010,2
42_patch_0011_0011,3
42_patch_0011_0012,-1
42_patch_0011_0013,3
42_patch_0011_0014,1
42_patch_0011_0015,2
42_patch_0011_0016,3
42_patch_0011_0017,4
42_patch_0011_0018,1
42_patch_0011_0019,3
42_patch_0011_0020,1
42_patch_0011_0021,2
42_patch_0011_0022,2
42_patch_0011_0023,4
42_patch_0011_0024,0
42_patch_0011_0025,3
42_patch_0012_0000,1
42_patch_0012_0001,-1
42_patch_0012_0002,-1
42_patch_0012_0003,2
42_patch_0012_0004,-1
42_patch_0012_0005,3
42_patch_0012_0006,2
42_patch_0012_0007,1
42_patch_0012_0008,1
42_patch_0012_0009,2
42_patch_0012_0010,0
42_patch_0012_0011,4
42_patch_0012_0012,2
42_patch_0012_0013,0
42_patch_0012_0014,3
42_patch_0012_0015,2
42_patch_0012_0016,4
42_patch_0012_0017,-1
42_patch_0012_0018,1
42_patch_0012_0019,1
42_patch_0012_0020,4
42_patch_0012_0021,-1
42_patch_0012_0022,3
42_patch_0012_0023,4
42_patch_0012_0024,2
42_patch_0012_0025,2
42_patch_0013_0000,2
42_patch_0013_0001,1
42_patch_0013_0002,3
42_patch_0013_0003,4
42_patch_0013_0004,3
42_patch_0013_0005,2
42_patch_0013_0006,3
42_patch_0013_0007,1
42_patch_0013_0008,2
42_patch_0013_0009,2
42_patch_0013_0010,1
42_patch_0013_0011,2
42_patch_0013_0012,1
42_patch_0013_0013,3
42_patch_0013_0014,1
42_patch_0013_0015,3
42_patch_0013_0016,2
42_patch_0013_0017,3
42_patch_0013_0018,2
42_patch_0013_0019,1
42_patch_0013_0020,2
42_patch_0013_0021,-1
42_patch_0013_0022,2
42_patch_0013_0023,1
42_patch_0013_0024,2
42_patch_0013_0025,2
42_patch_0014_0000,1
42_patch_0014_0001,1
42_patch_0014_0002,3
42_patch_0014_0003,4
42_patch_0014_0004,-1
42_patch_0014_0005,0
42_patch_0014_0006,4
42_patch_0014_0007,4
42_patch_0014_0008,4
42_patch_0014_0009,3
42_patch_0014_0010,2
42_patch_0014_0011,1
42_patch_0014_0012,2
42_patch_0014_0013,2
42_patch_0014_0014,-1
42_patch_0014_0015,4
42_patch_0014_0016,3
42_patch_0014_0017,4
42_patch_0014_0018,3
42_patch_0014_0019,4
42_patch_0014_0020,0
42_patch_0014_0021,0
42_patch_0014_0022,4
42_patch_0014_0023,2
42_patch_0014_0024,3
42_patch_0014_0025,-1
42_patch_0015_0000,-1
42_patch_0015_0001,4
42_patch_0015_0002,2
42_patch_0015_0003,1
42_patch_0015_0004,1
42_patch_0015_0005,4
42_patch_0015_0006,0
42_patch_0015_0007,2
42_patch_0015_0008,3
42_patch_0015_0009,4
42_patch_0015_0010,1
42_patch_0015_0011,3
42_patch_0015_0012,1
42_patch_0015_0013,2
42_patch_0015_0014,0
42_patch_0015_0015,-1
42_patch_0015_0016,4
42_patch_0015_0017,-1
42_patch_0015_0018,3
42_patch_0015_0019,3
42_patch_0015_0020,1
42_patch_0015_0021,3
42_patch_0015_0022,2
42_patch_0015_0023,1
42_patch_0015_0024,-1
42_patch_0015_0025,4
42_patch_0016_0000,1
42_patch_0016_0001,-1
42_patch_0016_0002,1
42_patch_0016_0003,2
42_patch_0016_0004,0
42_patch_0016_0005,-1
42_patch_0016_0006,-1
42_patch_0016_0007,4
42_patch_0016_0008,1
42_patch_0016_0009,4
42_patch_0016_0010,2
42_patch_0016_0011,2
42_patch_0016_0012,4
42_patch_0016_0013,1
42_patch_0016_0014,3
42_patch_0016_0015,3
42_patch_0016_0016,1
42_patch_0016_0017,1
42_patch_0016_0018,4
42_patch_0016_0019,4
42_patch_0016_0020,3
42_patch_0016_0021,2
42_patch_0016_0022,2
42_patch_0016_0023,1
42_patch_0016_0024,4
42_patch_0016_0025,2
42_patch_0017_0000,3
42_patch_0017_0001,3
42_patch_0017_0002,2
42_patch_0017_0003,1
42_patch_0017_0004,4
42_patch_0017_0005,3
42_patch_0017_0006,3
42_patch_0017_0007,3
42_patch_0017_0008,3
42_patch_0017_0009,4
42_patch_0017_0010,-1
42_patch_0017_0011,3
42_patch_0017_0012,-1
42_patch_0017_0013,4
42_patch_0017_0014,0
42_patch_0017_0015,3
42_patch_0017_0016,3
42_patch_0017_0017,1
42_patch_0017_0018,2
42_patch_0017_0019,4
42_patch_0017_0020,1
42_patch_0017_0021,1
42_patch_0017_0022,-1
42_patch_0017_0023,0
42_patch_0017_0024,0
42_patch_0017_0025,3
42_patch_0018_0000,1
42_patch_0018_0001,2
42_patch_0018_0002,1
42_patch_0018_0003,0
42_patch_0018_0004,1
42_patch_0018_0005,3
42_patch_0018_0006,3
42_patch_0018_0007,-1
42_patch_0018_0008,4
42_patch_0018_0009,2
42_patch_0018_0010,2
42_patch_0018_0011,1
42_patch_0018_0012,2
42_patch_0018_0013,0
42_patch_0018_0014,-1
42_patch_0018_0015,3
42_patch_0018_0016,2
42_patch_0018_0017,1
42_patch_0018_0018,3
42_patch_0018_0019,-1
42_patch_0018_0020,1
42_patch_0018_0021,1
42_patch_0018_0022,-1
42_patch_0018_0023,3
42_patch_0018_0024,3
42_patch_0018_0025,2
42_patch_0019_0000,3
42_patch_0019_0001,3
42_patch_0019_0002,3
42_patch_0019_0003,1
42_patch_0019_0004,0
42_patch_0019_0005,4
42_patch_0019_0006,4
42_patch_0019_0007,3
42_patch_0019_0008,-1
42_patch_0019_0009,3
42_patch_0019_0010,3
42_patch_0019_0011,2
42_patch_0019_0012,1
42_patch_0019_0013,2
42_patch_0019_0014,3
42_patch_0019_0015,0
42_patch_0019_0016,-1
42_patch_0019_0017,4
42_patch_0019_0018,4
42_patch_0019_0019,-1
42_patch_0019_0020,1
42_patch_0019_0021,0
42_patch_0019_0022,1
42_patch_0019_0023,3
42_patch_0019_0024,4
42_patch_0019_0025,1
43_patch_0000_0000,0
43_patch_0000_0001,2
43_patch_0000_0002,3
43_patch_0000_0003,4
43_patch_0000_0004,3
43_patch_0000_0005,2
43_patch_0000_0006,4
43_patch_0000_0007,0
43_patch_0000_0008,3
43_patch_0000_0009,2
43_patch_0000_0010,1
43_patch_0000_0011,1
43_patch_0000_0012,4
43_patch_0000_0013,3
43_patch_0000_0014,2
43_patch_0000_0015,3
43_patch_0000_0016,3
43_patch_0000_0017,1
43_patch_0000_0018,3
43_patch_0000_0019,1
43_patch_0000_0020,1
43_patch_0000_0021,1
43_patch_0000_0022,3
43_patch_0000_0023,3
43_patch_0000_0024,2
43_patch_0001_0000,1
43_patch_0001_0001,4
43_patch_0001_0002,3
43_patch_0001_0003,1
43_patch_0001_0004,-1
43_patch_0001_0005,2
43_patch_0001_0006,3
43_patch_0001_0007,2
43_patch_0001_0008,3
43_patch_0001_0009,4
43_patch_0001_0010,-1
43_patch_0001_0011,1
43_patch_0001_0012,1
43_patch_0001_0013,0
43_patch_0001_0014,1
43_patch_0001_0015,3
43_patch_0001_0016,-1
43_patch_0001_0017,2
43_patch_0001_0018,3
43_patch_0001_0019,2
43_patch_0001_0020,1
43_patch_0001_0021,3
43_patch_0001_0022,4
43_patch_0001_0023,1
43_patch_0001_0024,-1
43_patch_0002_0000,4
43_patch_0002_0001,1
43_patch_0002_0002,4
43_patch_0002_0003,3
43_patch_0002_0004,2
43_patch_0002_0005,3
43_patch_0002_0006,3
43_patch_0002_0007,2
43_patch_0002_0008,4
43_patch_0002_0009,4
43_patch_0002_0010,4
43_patch_0002_0011,1
43_patch_0002_0012,3
43_patch_0002_0013,2
43_patch_0002_0014,1
43_patch_0002_0015,2
43_patch_0002_0016,4
43_patch_0002_0017,4
43_patch_0002_0018,1
43_patch_0002_0019,4
43_patch_0002_0020,2
43_patch_0002_0021,3
43_patch_0002_0022,1
43_patch_0002_0023,4
43_patch_0002_0024,1
43_patch_0003_0000,0
43_patch_0003_0001,0
43_patch_0003_0002,4
43_patch_0003_0003,3
43_patch_0003_0004,0
43_patch_0003_0005,-1
43_patch_0003_0006,4
43_patch_0003_0007,1
43_patch_0003_0008,2
43_patch_0003_0009,-1
43_patch_0003_0010,0
43_patch_0003_0011,4
43_patch_0003_0012,4
43_patch_0003_0013,3
43_patch_0003_0014,1
43_patch_0003_0015,3
43_patch_0003_0016,1
43_patch_0003_0017,3
43_patch_0003_0018,0
43_patch_0003_0019,1
43_patch_0003_0020,4
43_patch_0003_0021,4
43_patch_0003_0022,3
43_patch_0003_0023,4
43_patch_0003_0024,0
43_patch_0004_0000,1
43_patch_0004_0001,-1
43_patch_0004_0002,3
43_patch_0004_0003,1
43_patch_0004_0004,1
43_patch_0004_0005,0
43_patch_0004_0006,2
43_patch_0004_0007,4
43_patch_0004_0008,0
43_patch_0004_0009,4
43_patch_0004_0010,4
43_patch_0004_0011,0
43_patch_0004_0012,3
43_patch_0004_0013,3
43_patch_0004_0014,2
43_patch_0004_0015,4
43_patch_0004_0016,2
43_patch_0004_0017,2
43_patch_0004_0018,0
43_patch_0004_0019,2
43_patch_0004_0020,3
43_patch_0004_0021,2
43_patch_0004_0022,2
43_patch_0004_0023,3
43_patch_0004_0024,3
43_patch_0005_0000,4
43_patch_0005_0001,2
43_patch_0005_0002,2
43_patch_0005_0003,4
43_patch_0005_0004,1
43_patch_0005_0005,3
43_patch_0005_0006,-1
43_patch_0005_0007,2
43_patch_0005_0008,4
43_patch_0005_0009,2
43_patch_0005_0010,0
43_patch_0005_0011,1
43_patch_0005_0012,3
43_patch_0005_0013,2
43_patch_0005_0014,4
43_patch_0005_0015,2
43_patch_0005_0016,0
43_patch_0005_0017,3
43_patch_0005_0018,2
43_patch_0005_0019,0
43_patch_0005_0020,3
43_patch_0005_0021,0
43_patch_0005_0022,3
43_patch_0005_0023,2
43_patch_0005_0024,0
43_patch_0006_0000,4
43_patch_0006_0001,3
43_patch_0006_0002,3
43_patch_0006_0003,0
43_patch_0006_0004,-1
43_patch_0006_0005,4
43_patch_0006_0006,4
43_patch_0006_0007,0
43_patch_0006_0008,-1
43_patch_0006_0009,2
43_patch_0006_0010,2
43_patch_0006_0011,4
43_patch_0006_0012,2
43_patch_0006_0013,3
43_patch_0006_0014,2
43_patch_0006_0015,-1
43_patch_0006_0016,4
43_patch_0006_0017,3
43_patch_0006_0018,4
43_patch_0006_0019,1
43_patch_0006_0020,2
43_patch_0006_0021,3
43_patch_0006_0022,2
43_patch_0006_0023,3
43_patch_0006_0024,0
43_patch_0007_0000,1
43_patch_0007_0001,3
43_patch_0007_0002,4
43_patch_0007_0003,4
43_patch_0007_0004,4
43_patch_0007_0005,2
43_patch_0007_0006,2
43_patch_0007_0007,3
43_patch_0007_0008,1
43_patch_0007_0009,4
43_patch_0007_0010,0
43_patch_0007_0011,3
43_patch_0007_0012,4
43_patch_0007_0013,3
43_patch_0007_0014,4
43_patch_0007_0015,-1
43_patch_0007_0016,2
43_patch_0007_0017,4
43_patch_0007_0018,3
43_patch_0007_0019,3
43_patch_0007_0020,2
43_patch_0007_0021,4
43_patch_0007_0022,1
43_patch_0007_0023,4
43_patch_0007_0024,-1
43_patch_0008_0000,-1
43_patch_0008_0001,4
43_patch_0008_0002,4
43_patch_0008_0003,0
43_patch_0008_0004,2
43_patch_0008_0005,2
43_patch_0008_0006,1
43_patch_0008_0007,2
43_patch_0008_0008,3
43_patch_0008_0009,1
43_patch_0008_0010,0
43_patch_0008_0011,4
43_patch_0008_0012,0
43_patch_0008_0013,1
43_patch_0008_0014,1
43_patch_0008_0015,2
43_patch_0008_0016,1
43_patch_0008_0017,3
43_patch_0008_0018,1
43_patch_0008_0019,2
43_patch_0008_0020,1
43_patch_0008_0021,1
43_patch_0008_0022,0
43_patch_0008_0023,3
43_patch_0008_0024,1
43_patch_0009_0000,1
43_patch_0009_0001,2
43_patch_0009_0002,1
43_patch_0009_0003,4
43_patch_0009_0004,1
43_patch_0009_0005,1
43_patch_0009_0006,3
43_patch_0009_0007,1
43_patch_0009_0008,-1
43_patch_0009_0009,2
43_patch_0009_0010,3
43_patch_0009_0011,2
43_patch_0009_0012,3
43_patch_0009_0013,2
43_patch_0009_0014,2
43_patch_0009_0015,3
43_patch_0009_0016,1
43_patch_0009_0017,4
43_patch_0009_0018,4
43_patch_0009_0019,4
43_patch_0009_0020,-1
43_patch_0009_0021,1
43_patch_0009_0022,1
43_patch_0009_0023,-1
43_patch_0009_0024,4
43_patch_0010_0000,-1
43_patch_0010_0001,4
43_patch_0010_0002,4
43_patch_0010_0003,1
43_patch_0010_0004,0
43_patch_0010_0005,1
43_patch_0010_0006,0
43_patch_0010_0007,4
43_patch_0010_0008,3
43_patch_0010_0009,4
43_patch_0010_0010,2
43_patch_0010_0011,1
43_patch_0010_0012,1
43_patch_0010_0013,0
43_patch_0010_0014,4
43_patch_0010_0015,-1
43_patch_0010_0016,0
43_patch_0010_0017,3
43_patch_0010_0018,4
43_patch_0010_0019,1
43_patch_0010_0020,4
43_patch_0010_0021,3
43_patch_0010_0022,2
43_patch_0010_0023,4
43_patch_0010_0024,2
43_patch_0011_0000,3
43_patch_0011_0001,2
43_patch_0011_0002,4
43_patch_0011_0003,1
43_patch_0011_0004,2
43_patch_0011_0005,2
43_patch_0011_0006,1
43_patch_0011_0007,1
43_patch_0011_0008,2
43_patch_0011_0009,4
43_patch_0011_0010,2
43_patch_0011_0011,4
43_patch_0011_0012,2
43_patch_0011_0013,0
43_patch_0011_0014,4
43_patch_0011_0015,2
43_patch_0011_0016,1
43_patch_0011_0017,4
43_patch_0011_0018,3
43_patch_0011_0019,3
43_patch_0011_0020,4
43_patch_0011_0021,4
43_patch_0011_0022,2
43_patch_0011_0023,0
43_patch_0011_0024,1
43_patch_0012_0000,3
43_patch_0012_0001,4
43_patch_0012_0002,4
43_patch_0012_0003,4
43_patch_0012_0004,2
43_patch_0012_0005,0
43_patch_0012_0006,4
43_patch_0012_0007,3
43_patch_0012_0008,1
43_patch_0012_0009,1
43_patch_0012_0010,-1
43_patch_0012_0011,3
43_patch_0012_0012,2
43_patch_0012_0013,4
43_patch_0012_0014,2
43_patch_0012_0015,0
43_patch_0012_0016,3
43_patch_0012_0017,1
43_patch_0012_0018,4
43_patch_0012_0019,4
43_patch_0012_0020,2
43_patch_0012_0021,1
43_patch_0012_0022,4
43_patch_0012_0023,4
43_patch_0012_0024,1
43_patch_0013_0000,3
43_patch_0013_0001,1
43_patch_0013_0002,2
43_patch_0013_0003,1
43_patch_0013_0004,3
43_patch_0013_0005,0
43_patch_0013_0006,2
43_patch_0013_0007,-1
43_patch_0013_0008,4
43_patch_0013_0009,1
43_patch_0013_0010,-1
43_patch_0013_0011,2
43_patch_0013_0012,0
43_patch_0013_0013,4
43_patch_0013_0014,2
43_patch_0013_0015,1
43_patch_0013_0016,4
43_patch_0013_0017,3
43_patch_0013_0018,1
43_patch_0013_0019,2
43_patch_0013_0020,2
43_patch_0013_0021,-1
43_patch_0013_0022,3
43_patch_0013_0023,3
43_patch_0013_0024,2
43_patch_0014_0000,4
43_patch_0014_0001,2
43_patch_0014_0002,-1
43_patch_0014_0003,1
43_patch_0014_0004,4
43_patch_0014_0005,4
43_patch_0014_0006,0
43_patch_0014_0007,3
43_patch_0014_0008,-1
43_patch_0014_0009,2
43_patch_0014_0010,4
43_patch_0014_0011,1
43_patch_0014_0012,3
43_patch_0014_0013,-1
43_patch_0014_0014,0
43_patch_0014_0015,0
43_patch_0014_0016,1
43_patch_0014_0017,2
43_patch_0014_0018,3
43_patch_0014_0019,4
43_patch_0014_0020,3
43_patch_0014_0021,1
43_patch_0014_0022,4
43_patch_0014_0023,4
43_patch_0014_0024,4
43_patch_0015_0000,3
43_patch_0015_0001,3
43_patch_0015_0002,2
43_patch_0015_0003,0
43_patch_0015_0004,3
43_patch_0015_0005,1
43_patch_0015_0006,2
43_patch_0015_0007,1
43_patch_0015_0008,0
43_patch_0015_0009,0
43_patch_0015_0010,1
43_patch_0015_0011,-1
43_patch_0015_0012,-1
43_patch_0015_0013,4
43_patch_0015_0014,0
43_patch_0015_0015,-1
43_patch_0015_0016,4
43_patch_0015_0017,4
43_patch_0015_0018,4
43_patch_0015_0019,1
43_patch_0015_0020,0
43_patch_0015_0021,1
43_patch_0015_0022,2
43_patch_0015_0023,4
43_patch_0015_0024,4
43_patch_0016_0000,1
43_patch_0016_0001,4
43_patch_0016_0002,4
43_patch_0016_0003,4
43_patch_0016_0004,3
43_patch_0016_0005,3
43_patch_0016_0006,1
43_patch_0016_0007,-1
43_patch_0016_0008,1
43_patch_0016_0009,-1
43_patch_0016_0010,2
43_patch_0016_0011,-1
43_patch_0016_0012,4
43_patch_0016_0013,3
43_patch_0016_0014,4
43_patch_0016_0015,3
43_patch_0016_0016,1
43_patch_0016_0017,0
43_patch_0016_0018,3
43_patch_0016_0019,1
43_patch_0016_0020,3
43_patch_0016_0021,2
43_patch_0016_0022,0
43_patch_0016_0023,3
43_patch_0016_0024,3
43_patch_0017_0000,-1
43_patch_0017_0001,0
43_patch_0017_0002,4
43_patch_0017_0003,2
43_patch_0017_0004,3
43_patch_0017_0005,1
43_patch_0017_0006,3
43_patch_0017_0007,2
43_patch_0017_0008,2
43_patch_0017_0009,0
43_patch_0017_0010,3
43_patch_0017_0011,4
43_patch_0017_0012,3
43_patch_0017_0013,3
43_patch_0017_0014,1
43_patch_0017_0015,4
43_patch_0017_0016,3
43_patch_0017_0017,3
43_patch_0017_0018,4
43_patch_0017_0019,4
43_patch_0017_0020,4
43_patch_0017_0021,1
43_patch_0017_0022,1
43_patch_0017_0023,4
43_patch_0017_0024,2
43_patch_0018_0000,-1
43_patch_0018_0001,-1
43_patch_0018_0002,4
43_patch_0018_0003,2
43_patch_0018_0004,3
43_patch_0018_0005,-1
43_patch_0018_0006,4
43_patch_0018_0007,3
43_patch_0018_0008,1
43_patch_0018_0009,-1
43_patch_0018_0010,1
43_patch_0018_0011,-1
43_patch_0018_0012,0
43_patch_0018_0013,1
43_patch_0018_0014,3
43_patch_0018_0015,3
43_patch_0018_0016,4
43_patch_0018_0017,0
43_patch_0018_0018,2
43_patch_0018_0019,4
43_patch_0018_0020,1
43_patch_0018_0021,3
43_patch_0018_0022,1
43_patch_0018_0023,2
43_patch_0018_0024,4
43_patch_0019_0000,2
43_patch_0019_0001,-1
43_patch_0019_0002,1
43_patch_0019_0003,2
43_patch_0019_0004,3
43_patch_0019_0005,1
43_patch_0019_0006,3
43_patch_0019_0007,2
43_patch_0019_0008,4
43_patch_0019_0009,2
43_patch_0019_0010,1
43_patch_0019_0011,4
43_patch_0019_0012,3
43_patch_0019_0013,3
43_patch_0019_0014,0
43_patch_0019_0015,1
43_patch_0019_0016,4
43_patch_0019_0017,0
43_patch_0019_0018,3
43_patch_0019_0019,1
43_patch_0019_0020,4
43_patch_0019_0021,3
43_patch_0019_0022,3
43_patch_0019_0023,1
43_patch_0019_0024,2
43_patch_0020_0000,4
43_patch_0020_0001,4
43_patch_0020_0002,-1
43_patch_0020_0003,-1
43_patch_0020_0004,0
43_patch_0020_0005,2
43_patch_0020_0006,-1
43_patch_0020_0007,1
43_patch_0020_0008,1
43_patch_0020_0009,4
43_patch_0020_0010,-1
43_patch_0020_0011,1
43_patch_0020_0012,4
43_patch_0020_0013,-1
43_patch_0020_0014,-1
43_patch_0020_0015,4
43_patch_0020_0016,3
43_patch_0020_0017,4
43_patch_0020_0018,1
43_patch_0020_0019,3
43_patch_0020_0020,-1
43_patch_0020_0021,2
43_patch_0020_0022,1
43_patch_0020_0023,3
43_patch_0020_0024,2
43_patch_0021_0000,2
43_patch_0021_0001,0
43_patch_0021_0002,1
43_patch_0021_0003,-1
43_patch_0021_0004,1
43_patch_0021_0005,0
43_patch_0021_0006,2
43_patch_0021_0007,-1
43_patch_0021_0008,-1
43_patch_0021_0009,2
43_patch_0021_0010,2
43_patch_0021_0011,-1
43_patch_0021_0012,4
43_patch_0021_0013,4
43_patch_0021_0014,3
43_patch_0021_0015,1
43_patch_0021_0016,2
43_patch_0021_0017,2
43_patch_0021_0018,4
43_patch_0021_0019,4
43_patch_0021_0020,-1
43_patch_0021_0021,2
43_patch_0021_0022,1
43_patch_0021_0023,-1
43_patch_0021_0024,4
44_patch_0000_0000,4
44_patch_0000_0001,0
44_patch_0000_0002,4
44_patch_0000_0003,4
44_patch_0000_0004,4
44_patch_0000_0005,-1
44_patch_0000_0006,0
44_patch_0000_0007,-1
44_patch_0000_0008,1
44_patch_0000_0009,4
44_patch_0000_0010,4
44_patch_0000_0011,1
44_patch_0000_0012,1
44_patch_0000_0013,-1
44_patch_0000_0014,0
44_patch_0000_0015,2
44_patch_0000_0016,3
44_patch_0000_0017,4
44_patch_0000_0018,3
44_patch_0000_0019,3
44_patch_0000_0020,4
44_patch_0000_0021,4
44_patch_0000_0022,1
44_patch_0000_0023,2
44_patch_0000_0024,1
44_patch_0000_0025,4
44_patch_0000_0026,1
44_patch_0001_0000,1
44_patch_0001_0001,3
44_patch_0001_0002,4
44_patch_0001_0003,1
44_patch_0001_0004,3
44_patch_0001_0005,2
44_patch_0001_0006,4
44_patch_0001_0007,-1
44_patch_0001_0008,4
44_patch_0001_0009,0
44_patch_0001_0010,1
44_patch_0001_0011,2
44_patch_0001_0012,3
44_patch_0001_0013,3
44_patch_0001_0014,2
44_patch_0001_0015,4
44_patch_0001_0016,4
44_patch_0001_0017,-1
44_patch_0001_0018,-1
44_patch_0001_0019,4
44_patch_0001_0020,3
44_patch_0001_0021,2
44_patch_0001_0022,-1
44_patch_0001_0023,-1
44_patch_0001_0024,2
44_patch_0001_0025,0
44_patch_0001_0026,4
44_patch_0002_0000,3
44_patch_0002_0001,3
44_patch_0002_0002,3
44_patch_0002_0003,4
44_patch_0002_0004,4
44_patch_0002_0005,-1
44_patch_0002_0006,1
44_patch_0002_0007,4
44_patch_0002_0008,0
44_patch_0002_0009,2
44_patch_0002_0010,1
44_patch_0002_0011,4
44_patch_0002_0012,3
44_patch_0002_0013,4
44_patch_0002_0014,3
44_patch_0002_0015,4
44_patch_0002_0016,2
44_patch_0002_0017,4
44_patch_0002_0018,2
44_patch_0002_0019,2
44_patch_0002_0020,4
44_patch_0002_0021,1
44_patch_0002_0022,2
44_patch_0002_0023,-1
44_patch_0002_0024,4
44_patch_0002_0025,1
44_patch_0002_0026,1
44_patch_0003_0000,3
44_patch_0003_0001,4
44_patch_0003_0002,1
44_patch_0003_0003,2
44_patch_0003_0004,4
44_patch_0003_0005,0
44_patch_0003_0006,2
44_patch_0003_0007,-1
44_patch_0003_0008,0
44_patch_0003_0009,4
44_patch_0003_0010,2
44_patch_0003_0011,1
44_patch_0003_0012,0
44_patch_0003_0013,3
44_patch_0003_0014,3
44_patch_0003_0015,3
44_patch_0003_0016,4
44_patch_0003_0017,4
44_patch_0003_0018,4
44_patch_0003_0019,1
44_patch_0003_0020,2
44_patch_0003_0021,2
44_patch_0003_0022,2
44_patch_0003_0023,4
44_patch_0003_0024,1
44_patch_0003_0025,3
44_patch_0003_0026,4
44_patch_0004_0000,4
44_patch_0004_0001,2
44_patch_0004_0002,2
44_patch_0004_0003,-1
44_patch_0004_0004,0
44_patch_0004_0005,1
44_patch_0004_0006,4
44_patch_0004_0007,2
44_patch_0004_0008,1
44_patch_0004_0009,1
44_patch_0004_0010,-1
44_patch_0004_0011,2
44_patch_0004_0012,4
44_patch_0004_0013,4
44_patch_0004_0014,4
44_patch_0004_0015,1
44_patch_0004_0016,4
44_patch_0004_0017,-1
44_patch_0004_0018,4
44_patch_0004_0019,1
44_patch_0004_0020,1
44_patch_0004_0021,-1
44_patch_0004_0022,2
44_patch_0004_0023,1
44_patch_0004_0024,1
44_patch_0004_0025,0
44_patch_0004_0026,2
44_patch_0005_0000,4
44_patch_0005_0001,4
44_patch_0005_0002,4
44_patch_0005_0003,4
44_patch_0005_0004,3
44_patch_0005_0005,0
44_patch_0005_0006,-1
44_patch_0005_0007,2
44_patch_0005_0008,4
44_patch_0005_0009,3
44_patch_0005_0010,4
44_patch_0005_0011,3
44_patch_0005_0012,1
44_patch_0005_0013,2
44_patch_0005_0014,2
44_patch_0005_0015,3
44_patch_0005_0016,-1
44_patch_0005_0017,4
44_patch_0005_0018,2
44_patch_0005_0019,-1
44_patch_0005_0020,2
44_patch_0005_0021,0
44_patch_0005_0022,2
44_patch_0005_0023,1
44_patch_0005_0024,4
44_patch_0005_0025,3
44_patch_0005_0026,3
44_patch_0006_0000,1
44_patch_0006_0001,4
44_patch_0006_0002,1
44_patch_0006_0003,4
44_patch_0006_0004,3
44_patch_0006_0005,4
44_patch_0006_0006,2
44_patch_0006_0007,2
44_patch_0006_0008,3
44_patch_0006_0009,4
44_patch_0006_0010,1
44_patch_0006_0011,3
44_patch_0006_0012,3
44_patch_0006_0013,1
44_patch_0006_0014,-1
44_patch_0006_0015,4
44_patch_0006_0016,1
44_patch_0006_0017,4
44_patch_0006_0018,2
44_patch_0006_0019,4
44_patch_0006_0020,4
44_patch_0006_0021,-1
44_patch_0006_0022,3
44_patch_0006_0023,1
44_patch_0006_0024,2
44_patch_0006_0025,4
44_patch_0006_0026,4
44_patch_0007_0000,0
44_patch_0007_0001,4
44_patch_0007_0002,-1
44_patch_0007_0003,3
44_patch_0007_0004,4
44_patch_0007_0005,4
44_patch_0007_0006,1
44_patch_0007_0007,3
44_patch_0007_0008,0
44_patch_0007_0009,1
44_patch_0007_0010,2
44_patch_0007_0011,2
44_patch_0007_0012,4
44_patch_0007_0013,3
44_patch_0007_0014,3
44_patch_0007_0015,-1
44_patch_0007_0016,1
44_patch_0007_0017,-1
44_patch_0007_0018,3
44_patch_0007_0019,3
44_patch_0007_0020,4
44_patch_0007_0021,-1
44_patch_0007_0022,-1
44_patch_0007_0023,2
44_patch_0007_0024,3
44_patch_0007_0025,2
44_patch_0007_0026,4
44_patch_0008_0000,2
44_patch_0008_0001,-1
44_patch_0008_0002,3
44_patch_0008_0003,4
44_patch_0008_0004,1
44_patch_0008_0005,2
44_patch_0008_0006,3
44_patch_0008_0007,0
44_patch_0008_0008,1
44_patch_0008_0009,2
44_patch_0008_0010,0
44_patch_0008_0011,0
44_patch_0008_0012,4
44_patch_0008_0013,2
44_patch_0008_0014,3
44_patch_0008_0015,1
44_patch_0008_0016,-1
44_patch_0008_0017,2
44_patch_0008_0018,3
44_patch_0008_0019,4
44_patch_0008_0020,2
44_patch_0008_0021,4
44_patch_0008_0022,2
44_patch_0008_0023,1
44_patch_0008_0024,3
44_patch_0008_0025,3
44_patch_0008_0026,4
44_patch_0009_0000,-1
44_patch_0009_0001,3
44_patch_0009_0002,4
44_patch_0009_0003,4
44_patch_0009_0004,1
44_patch_0009_0005,4
44_patch_0009_0006,4
44_patch_0009_0007,1
44_patch_0009_0008,1
44_patch_0009_0009,3
44_patch_0009_0010,-1
44_patch_0009_0011,2
44_patch_0009_0012,-1
44_patch_0009_0013,3
44_patch_0009_0014,3
44_patch_0009_0015,4
44_patch_0009_0016,2
44_patch_0009_0017,4
44_patch_0009_0018,3
44_patch_0009_0019,4
44_patch_0009_0020,3
44_patch_0009_0021,4
44_patch_0009_0022,4
44_patch_0009_0023,4
44_patch_0009_0024,1
44_patch_0009_0025,2
44_patch_0009_0026,-1
44_patch_0010_0000,2
44_patch_0010_0001,0
44_patch_0010_0002,-1
44_patch_0010_0003,2
44_patch_0010_0004,0
44_patch_0010_0005,1
44_patch_0010_0006,4
44_patch_0010_0007,0
44_patch_0010_0008,-1
44_patch_0010_0009,-1
44_patch_0010_0010,1
44_patch_0010_0011,1
44_patch_0010_0012,4
44_patch_0010_0013,1
44_patch_0010_0014,4
44_patch_0010_0015,3
44_patch_0010_0016,0
44_patch_0010_0017,2
44_patch_0010_0018,4
44_patch_0010_0019,2
44_patch_0010_0020,1
44_patch_0010_0021,-1
44_patch_0010_0022,1
44_patch_0010_0023,3
44_patch_0010_0024,-1
44_patch_0010_0025,4
44_patch_0010_0026,1
44_patch_0011_0000,2
44_patch_0011_0001,2
44_patch_0011_0002,0
44_patch_0011_0003,4
44_patch_0011_0004,0
44_patch_0011_0005,0
44_patch_0011_0006,-1
44_patch_0011_0007,3
44_patch_0011_0008,1
44_patch_0011_0009,4
44_patch_0011_0010,4
44_patch_0011_0011,4
44_patch_0011_0012,1
44_patch_0011_0013,-1
44_patch_0011_0014,1
44_patch_0011_0015,4
44_patch_0011_0016,0
44_patch_0011_0017,4
44_patch_0011_0018,2
44_patch_0011_0019,3
44_patch_0011_0020,2
44_patch_0011_0021,4
44_patch_0011_0022,0
44_patch_0011_0023,-1
44_patch_0011_0024,1
44_patch_0011_0025,4
44_patch_0011_0026,3
44_patch_0012_0000,-1
44_patch_0012_0001,-1
44_patch_0012_0002,1
44_patch_0012_0003,2
44_patch_0012_0004,2
44_patch_0012_0005,3
44_patch_0012_0006,-1
44_patch_0012_0007,4
44_patch_0012_0008,4
44_patch_0012_0009,3
44_patch_0012_0010,2
44_patch_0012_0011,1
44_patch_0012_0012,2
44_patch_0012_0013,0
44_patch_0012_0014,4
44_patch_0012_0015,4
44_patch_0012_0016,4
44_patch_0012_0017,2
44_patch_0012_0018,1
44_patch_0012_0019,1
44_patch_0012_0020,2
44_patch_0012_0021,1
44_patch_0012_0022,-1
44_patch_0012_0023,-1
44_patch_0012_0024,4
44_patch_0012_0025,0
44_patch_0012_0026,1
44_patch_0013_0000,2
44_patch_0013_0001,0
44_patch_0013_0002,1
44_patch_0013_0003,4
44_patch_0013_0004,3
44_patch_0013_0005,4
44_patch_0013_0006,0
44_patch_0013_0007,3
44_patch_0013_0008,4
44_patch_0013_0009,1
44_patch_0013_0010,2
44_patch_0013_0011,2
44_patch_0013_0012,1
44_patch_0013_0013,1
44_patch_0013_0014,2
44_patch_0013_0015,0
44_patch_0013_0016,2
44_patch_0013_0017,3
44_patch_0013_0018,3
44_patch_0013_0019,1
44_patch_0013_0020,4
44_patch_0013_0021,1
44_patch_0013_0022,3
44_patch_0013_0023,1
44_patch_0013_0024,3
44_patch_0013_0025,1
44_patch_0013_0026,4
44_patch_0014_0000,3
44_patch_0014_0001,3
44_patch_0014_0002,0
44_patch_0014_0003,-1
44_patch_0014_0004,2
44_patch_0014_0005,1
44_patch_0014_0006,3
44_patch_0014_0007,-1
44_patch_0014_0008,1
44_patch_0014_0009,3
44_patch_0014_0010,3
44_patch_0014_0011,0
44_patch_0014_0012,1
44_patch_0014_0013,3
44_patch_0014_0014,3
44_patch_0014_0015,3
44_patch_0014_0016,4
44_patch_0014_0017,0
44_patch_0014_0018,2
44_patch_0014_0019,2
44_patch_0014_0020,3
44_patch_0014_0021,1
44_patch_0014_0022,1
44_patch_0014_0023,2
44_patch_0014_0024,0
44_patch_0014_0025,4
44_patch_0014_0026,4
44_patch_0015_0000,2
44_patch_0015_0001,2
44_patch_0015_0002,-1
44_patch_0015_0003,1
44_patch_0015_0004,2
44_patch_0015_0005,3
44_patch_0015_0006,0
44_patch_0015_0007,-1
44_patch_0015_0008,-1
44_patch_0015_0009,3
44_patch_0015_0010,4
44_patch_0015_0011,4
44_patch_0015_0012,4
44_patch_0015_0013,1
44_patch_0015_0014,3
44_patch_0015_0015,4
44_patch_0015_0016,-1
44_patch_0015_0017,2
44_patch_0015_0018,0
44_patch_0015_0019,2
44_patch_0015_0020,2
44_patch_0015_0021,3
44_patch_0015_0022,4
44_patch_0015_0023,3
44_patch_0015_0024,0
44_patch_0015_0025,1
44_patch_0015_0026,2
44_patch_0016_0000,1
44_patch_0016_0001,4
44_patch_0016_0002,3
44_patch_0016_0003,2
44_patch_0016_0004,0
44_patch_0016_0005,3
44_patch_0016_0006,3
44_patch_0016_0007,1
44_patch_0016_0008,2
44_patch_0016_0009,3
44_patch_0016_0010,4
44_patch_0016_0011,-1
44_patch_0016_0012,4
44_patch_0016_0013,1
44_patch_0016_0014,4
44_patch_0016_0015,-1
44_patch_0016_0016,3
44_patch_0016_0017,-1
44_patch_0016_0018,3
44_patch_0016_0019,2
44_patch_0016_0020,1
44_patch_0016_0021,2
44_patch_0016_0022,0
44_patch_0016_0023,4
44_patch_0016_0024,0
44_patch_0016_0025,2
44_patch_0016_0026,0
44_patch_0017_0000,4
44_patch_0017_0001,2
44_patch_0017_0002,-1
44_patch_0017_0003,4
44_patch_0017_0004,1
44_patch_0017_0005,0
44_patch_0017_0006,0
44_patch_0017_0007,2
44_patch_0017_0008,1
44_patch_0017_0009,-1
44_patch_0017_0010,3
44_patch_0017_0011,2
44_patch_0017_0012,3
44_patch_0017_0013,3
44_patch_0017_0014,1
44_patch_0017_0015,3
44_patch_0017_0016,3
44_patch_0017_0017,4
44_patch_0017_0018,3
44_patch_0017_0019,2
44_patch_0017_0020,1
44_patch_0017_0021,0
44_patch_0017_0022,1
44_patch_0017_0023,3
44_patch_0017_0024,1
44_patch_0017_0025,2
44_patch_0017_0026,2
44_patch_0018_0000,3
44_patch_0018_0001,2
44_patch_0018_0002,3
44_patch_0018_0003,2
44_patch_0018_0004,2
44_patch_0018_0005,1
44_patch_0018_0006,1
44_patch_0018_0007,2
44_patch_0018_0008,2
44_patch_0018_0009,4
44_patch_0018_0010,2
44_patch_0018_0011,4
44_patch_0018_0012,3
44_patch_0018_0013,4
44_patch_0018_0014,2
44_patch_0018_0015,3
44_patch_0018_0016,-1
44_patch_0018_0017,4
44_patch_0018_0018,0
44_patch_0018_0019,1
44_patch_0018_0020,2
44_patch_0018_0021,2
44_patch_0018_0022,3
44_patch_0018_0023,4
44_patch_0018_0024,4
44_patch_0018_0025,3
44_patch_0018_0026,1
44_patch_0019_0000,2
44_patch_0019_0001,0
44_patch_0019_0002,4
44_patch_0019_0003,3
44_patch_0019_0004,1
44_patch_0019_0005,-1
44_patch_0019_0006,0
44_patch_0019_0007,1
44_patch_0019_0008,2
44_patch_0019_0009,1
44_patch_0019_0010,1
44_patch_0019_0011,1
44_patch_0019_0012,2
44_patch_0019_0013,2
44_patch_0019_0014,2
44_patch_0019_0015,3
44_patch_0019_0016,4
44_patch_0019_0017,-1
44_patch_0019_0018,4
44_patch_0019_0019,-1
44_patch_0019_0020,-1
44_patch_0019_0021,3
44_patch_0019_0022,4
44_patch_0019_0023,3
44_patch_0019_0024,2
44_patch_0019_0025,4
44_patch_0019_0026,3
44_patch_0020_0000,4
44_patch_0020_0001,2
44_patch_0020_0002,2
44_patch_0020_0003,1
44_patch_0020_0004,0
44_patch_0020_0005,3
44_patch_0020_0006,2
44_patch_0020_0007,1
44_patch_0020_0008,0
44_patch_0020_0009,1
44_patch_0020_0010,2
44_patch_0020_0011,1
44_patch_0020_0012,1
44_patch_0020_0013,2
44_patch_0020_0014,4
44_patch_0020_0015,1
44_patch_0020_0016,4
44_patch_0020_0017,4
44_patch_0020_0018,3
44_patch_0020_0019,4
44_patch_0020_0020,1
44_patch_0020_0021,2
44_patch_0020_0022,3
44_patch_0020_0023,3
44_patch_0020_0024,4
44_patch_0020_0025,-1
44_patch_0020_0026,4
44_patch_0021_0000,1
44_patch_0021_0001,3
44_patch_0021_0002,4
44_patch_0021_0003,4
44_patch_0021_0004,3
44_patch_0021_0005,3
44_patch_0021_0006,4
44_patch_0021_0007,-1
44_patch_0021_0008,0
44_patch_0021_0009,3
44_patch_0021_0010,2
44_patch_0021_0011,3
44_patch_0021_0012,2
44_patch_0021_0013,3
44_patch_0021_0014,4
44_patch_0021_0015,1
44_patch_0021_0016,4
44_patch_0021_0017,3
44_patch_0021_0018,4
44_patch_0021_0019,3
44_patch_0021_0020,-1
44_patch_0021_0021,2
44_patch_0021_0022,-1
44_patch_0021_0023,-1
44_patch_0021_0024,2
44_patch_0021_0025,3
44_patch_0021_0026,1
45_patch_0000_0000,1
45_patch_0000_0001,4
45_patch_0000_0002,3
45_patch_0000_0003,1
45_patch_0000_0004,3
45_patch_0000_0005,4
45_patch_0000_0006,1
45_patch_0000_0007,2
45_patch_0000_0008,1
45_patch_0000_0009,1
45_patch_0000_0010,0
45_patch_0000_0011,2
45_patch_0000_0012,1
45_patch_0000_0013,1
45_patch_0000_0014,1
45_patch_0000_0015,0
45_patch_0000_0016,1
45_patch_0000_0017,4
45_patch_0000_0018,2
45_patch_0000_0019,4
45_patch_0000_0020,4
45_patch_0000_0021,1
45_patch_0000_0022,2
45_patch_0000_0023,2
45_patch_0000_0024,4
45_patch_0001_0000,3
45_patch_0001_0001,1
45_patch_0001_0002,0
45_patch_0001_0003,2
45_patch_0001_0004,2
45_patch_0001_0005,1
45_patch_0001_0006,-1
45_patch_0001_0007,1
45_patch_0001_0008,3
45_patch_0001_0009,-1
45_patch_0001_0010,-1
45_patch_0001_0011,4
45_patch_0001_0012,1
45_patch_0001_0013,1
45_patch_0001_0014,0
45_patch_0001_0015,2
45_patch_0001_0016,4
45_patch_0001_0017,-1
45_patch_0001_0018,4
45_patch_0001_0019,4
45_patch_0001_0020,2
45_patch_0001_0021,2
45_patch_0001_0022,3
45_patch_0001_0023,4
45_patch_0001_0024,2
45_patch_0002_0000,3
45_patch_0002_0001,4
45_patch_0002_0002,2
45_patch_0002_0003,3
45_patch_0002_0004,4
45_patch_0002_0005,0
45_patch_0002_0006,-1
45_patch_0002_0007,3
45_patch_0002_0008,3
45_patch_0002_0009,2
45_patch_0002_0010,0
45_patch_0002_0011,1
45_patch_0002_0012,2
45_patch_0002_0013,-1
45_patch_0002_0014,1
45_patch_0002_0015,3
45_patch_0002_0016,2
45_patch_0002_0017,1
45_patch_0002_0018,4
45_patch_0002_0019,-1
45_patch_0002_0020,3
45_patch_0002_0021,4
45_patch_0002_0022,-1
45_patch_0002_0023,1
45_patch_0002_0024,2
45_patch_0003_0000,1
45_patch_0003_0001,-1
45_patch_0003_0002,4
45_patch_0003_0003,1
45_patch_0003_0004,3
45_patch_0003_0005,3
45_patch_0003_0006,1
45_patch_0003_0007,1
45_patch_0003_0008,1
45_patch_0003_0009,1
45_patch_0003_0010,0
45_patch_0003_0011,4
45_patch_0003_0012,0
45_patch_0003_0013,2
45_patch_0003_0014,1
45_patch_0003_0015,1
45_patch_0003_0016,1
45_patch_0003_0017,1
45_patch_0003_0018,4
45_patch_0003_0019,2
45_patch_0003_0020,1
45_patch_0003_0021,4
45_patch_0003_0022,1
45_patch_0003_0023,2
45_patch_0003_0024,3
45_patch_0004_0000,-1
45_patch_0004_0001,1
45_patch_0004_0002,0
45_patch_0004_0003,2
45_patch_0004_0004,1
45_patch_0004_0005,0
45_patch_0004_0006,2
45_patch_0004_0007,4
45_patch_0004_0008,2
45_patch_0004_0009,-1
45_patch_0004_0010,2
45_patch_0004_0011,3
45_patch_0004_0012,2
45_patch_0004_0013,1
45_patch_0004_0014,2
45_patch_0004_0015,3
45_patch_0004_0016,-1
45_patch_0004_0017,4
45_patch_0004_0018,4
45_patch_0004_0019,2
45_patch_0004_0020,0
45_patch_0004_0021,-1
45_patch_0004_0022,2
45_patch_0004_0023,-1
45_patch_0004_0024,3
45_patch_0005_0000,1
45_patch_0005_0001,-1
45_patch_0005_0002,3
45_patch_0005_0003,1
45_patch_0005_0004,2
45_patch_0005_0005,4
45_patch_0005_0006,2
45_patch_0005_0007,4
45_patch_0005_0008,4
45_patch_0005_0009,4
45_patch_0005_0010,3
45_patch_0005_0011,2
45_patch_0005_0012,4
45_patch_0005_0013,3
45_patch_0005_0014,4
45_patch_0005_0015,2
45_patch_0005_0016,4
45_patch_0005_0017,1
45_patch_0005_0018,-1
45_patch_0005_0019,3
45_patch_0005_0020,2
45_patch_0005_0021,4
45_patch_0005_0022,4
45_patch_0005_0023,2
45_patch_0005_0024,-1
45_patch_0006_0000,2
45_patch_0006_0001,2
45_patch_0006_0002,-1
45_patch_0006_0003,4
45_patch_0006_0004,1
45_patch_0006_0005,3
45_patch_0006_0006,1
45_patch_0006_0007,4
45_patch_0006_0008,4
45_patch_0006_0009,3
45_patch_0006_0010,2
45_patch_0006_0011,1
45_patch_0006_0012,2
45_patch_0006_0013,2
45_patch_0006_0014,-1
45_patch_0006_0015,2
45_patch_0006_0016,-1
45_patch_0006_0017,3
45_patch_0006_0018,1
45_patch_0006_0019,3
45_patch_0006_0020,1
45_patch_0006_0021,1
45_patch_0006_0022,2
45_patch_0006_0023,4
45_patch_0006_0024,3
45_patch_0007_0000,1
45_patch_0007_0001,3
45_patch_0007_0002,2
45_patch_0007_0003,1
45_patch_0007_0004,1
45_patch_0007_0005,-1
45_patch_0007_0006,-1
45_patch_0007_0007,2
45_patch_0007_0008,1
45_patch_0007_0009,3
45_patch_0007_0010,-1
45_patch_0007_0011,1
45_patch_0007_0012,-1
45_patch_0007_0013,2
45_patch_0007_0014,0
45_patch_0007_0015,4
45_patch_0007_0016,2
45_patch_0007_0017,-1
45_patch_0007_0018,1
45_patch_0007_0019,-1
45_patch_0007_0020,2
45_patch_0007_0021,4
45_patch_0007_0022,1
45_patch_0007_0023,4
45_patch_0007_0024,1
45_patch_0008_0000,-1
45_patch_0008_0001,4
45_patch_0008_0002,3
45_patch_0008_0003,-1
45_patch_0008_0004,3
45_patch_0008_0005,3
45_patch_0008_0006,3
45_patch_0008_0007,4
45_patch_0008_0008,-1
45_patch_0008_0009,2
45_patch_0008_0010,-1
45_patch_0008_0011,1
45_patch_0008_0012,1
45_patch_0008_0013,1
45_patch_0008_0014,1
45_patch_0008_0015,1
45_patch_0008_0016,4
45_patch_0008_0017,2
45_patch_0008_0018,1
45_patch_0008_0019,4
45_patch_0008_0020,0
45_patch_0008_0021,3
45_patch_0008_0022,-1
45_patch_0008_0023,3
45_patch_0008_0024,4
45_patch_0009_0000,4
45_patch_0009_0001,-1
45_patch_0009_0002,4
45_patch_0009_0003,3
45_patch_0009_0004,3
45_patch_0009_0005,0
45_patch_0009_0006,-1
45_patch_0009_0007,2
45_patch_0009_0008,-1
45_patch_0009_0009,-1
45_patch_0009_0010,1
45_patch_0009_0011,0
45_patch_0009_0012,2
45_patch_0009_0013,2
45_patch_0009_0014,-1
45_patch_0009_0015,1
45_patch_0009_0016,4
45_patch_0009_0017,3
45_patch_0009_0018,4
45_patch_0009_0019,1
45_patch_0009_0020,0
45_patch_0009_0021,3
45_patch_0009_0022,-1
45_patch_0009_0023,0
45_patch_0009_0024,3
45_patch_0010_0000,2
45_patch_0010_0001,1
45_patch_0010_0002,1
45_patch_0010_0003,1
45_patch_0010_0004,4
45_patch_0010_0005,-1
45_patch_0010_0006,0
45_patch_0010_0007,1
45_patch_0010_0008,4
45_patch_0010_0009,3
45_patch_0010_0010,4
45_patch_0010_0011,3
45_patch_0010_0012,1
45_patch_0010_0013,2
45_patch_0010_0014,4
45_patch_0010_0015,1
45_patch_0010_0016,-1
45_patch_0010_0017,-1
45_patch_0010_0018,2
45_patch_0010_0019,0
45_patch_0010_0020,1
45_patch_0010_0021,4
45_patch_0010_0022,3
45_patch_0010_0023,2
45_patch_0010_0024,4
45_patch_0011_0000,3
45_patch_0011_0001,4
45_patch_0011_0002,4
45_patch_0011_0003,4
45_patch_0011_0004,-1
45_patch_0011_0005,0
45_patch_0011_0006,2
45_patch_0011_0007,1
45_patch_0011_0008,1
45_patch_0011_0009,0
45_patch_0011_0010,3
45_patch_0011_0011,-1
45_patch_0011_0012,1
45_patch_0011_0013,-1
45_patch_0011_0014,2
45_patch_0011_0015,2
45_patch_0011_0016,-1
45_patch_0011_0017,3
45_patch_0011_0018,2
45_patch_0011_0019,4
45_patch_0011_0020,0
45_patch_0011_0021,4
45_patch_0011_0022,2
45_patch_0011_0023,3
45_patch_0011_0024,3
45_patch_0012_0000,0
45_patch_0012_0001,0
45_patch_0012_0002,1
45_patch_0012_0003,-1
45_patch_0012_0004,2
45_patch_0012_0005,2
45_patch_0012_0006,-1
45_patch_0012_0007,2
45_patch_0012_0008,4
45_patch_0012_0009,1
45_patch_0012_0010,3
45_patch_0012_0011,2
45_patch_0012_0012,4
45_patch_0012_0013,4
45_patch_0012_0014,4
45_patch_0012_0015,3
45_patch_0012_0016,2
45_patch_0012_0017,3
45_patch_0012_0018,0
45_patch_0012_0019,4
45_patch_0012_0020,3
45_patch_0012_0021,1
45_patch_0012_0022,1
45_patch_0012_0023,4
45_patch_0012_0024,4
45_patch_0013_0000,3
45_patch_0013_0001,4
45_patch_0013_0002,2
45_patch_0013_0003,3
45_patch_0013_0004,1
45_patch_0013_0005,2
45_patch_0013_0006,4
45_patch_0013_0007,4
45_patch_0013_0008,2
45_patch_0013_0009,0
45_patch_0013_0010,1
45_patch_0013_0011,-1
45_patch_0013_0012,2
45_patch_0013_0013,4
45_patch_0013_0014,0
45_patch_0013_0015,0
45_patch_0013_0016,2
45_patch_0013_0017,1
45_patch_0013_0018,4
45_patch_0013_0019,1
45_patch_0013_0020,3
45_patch_0013_0021,0
45_patch_0013_0022,3
45_patch_0013_0023,-1
45_patch_0013_0024,0
45_patch_0014_0000,-1
45_patch_0014_0001,0
45_patch_0014_0002,0
45_patch_0014_0003,3
45_patch_0014_0004,1
45_patch_0014_0005,2
45_patch_0014_0006,0
45_patch_0014_0007,2
45_patch_0014_0008,-1
45_patch_0014_0009,4
45_patch_0014_0010,1
45_patch_0014_0011,2
45_patch_0014_0012,0
45_patch_0014_0013,3
45_patch_0014_0014,2
45_patch_0014_0015,1
45_patch_0014_0016,-1
45_patch_0014_0017,1
45_patch_0014_0018,1
45_patch_0014_0019,4
45_patch_0014_0020,2
45_patch_0014_0021,2
45_patch_0014_0022,4
45_patch_0014_0023,1
45_patch_0014_0024,4
45_patch_0015_0000,2
45_patch_0015_0001,3
45_patch_0015_0002,1
45_patch_0015_0003,2
45_patch_0015_0004,3
45_patch_0015_0005,1
45_patch_0015_0006,3
45_patch_0015_0007,4
45_patch_0015_0008,1
45_patch_0015_0009,2
45_patch_0015_0010,4
45_patch_0015_0011,2
45_patch_0015_0012,4
45_patch_0015_0013,2
45_patch_0015_0014,1
45_patch_0015_0015,1
45_patch_0015_0016,4
45_patch_0015_0017,-1
45_patch_0015_0018,1
45_patch_0015_0019,2
45_patch_0015_0020,-1
45_patch_0015_0021,1
45_patch_0015_0022,3
45_patch_0015_0023,3
45_patch_0015_0024,2
45_patch_0016_0000,1
45_patch_0016_0001,0
45_patch_0016_0002,1
45_patch_0016_0003,3
45_patch_0016_0004,1
45_patch_0016_0005,3
45_patch_0016_0006,0
45_patch_0016_0007,2
45_patch_0016_0008,-1
45_patch_0016_0009,1
45_patch_0016_0010,1
45_patch_0016_0011,0
45_patch_0016_0012,1
45_patch_0016_0013,0
45_patch_0016_0014,2
45_patch_0016_0015,4
45_patch_0016_0016,3
45_patch_0016_0017,1
45_patch_0016_0018,4
45_patch_0016_0019,4
45_patch_0016_0020,-1
45_patch_0016_0021,1
45_patch_0016_0022,4
45_patch_0016_0023,1
45_patch_0016_0024,4
45_patch_0017_0000,-1
45_patch_0017_0001,4
45_patch_0017_0002,-1
45_patch_0017_0003,4
45_patch_0017_0004,-1
45_patch_0017_0005,4
45_patch_0017_0006,3
45_patch_0017_0007,0
45_patch_0017_0008,-1
45_patch_0017_0009,4
45_patch_0017_0010,2
45_patch_0017_0011,-1
45_patch_0017_0012,1
45_patch_0017_0013,3
45_patch_0017_0014,4
45_patch_0017_0015,3
45_patch_0017_0016,3
45_patch_0017_0017,1
45_patch_0017_0018,1
45_patch_0017_0019,-1
45_patch_0017_0020,1
45_patch_0017_0021,3
45_patch_0017_0022,2
45_patch_0017_0023,1
45_patch_0017_0024,4
45_patch_0018_0000,3
45_patch_0018_0001,-1
45_patch_0018_0002,2
45_patch_0018_0003,0
45_patch_0018_0004,2
45_patch_0018_0005,4
45_patch_0018_0006,3
45_patch_0018_0007,1
45_patch_0018_0008,2
45_patch_0018_0009,-1
45_patch_0018_0010,1
45_patch_0018_0011,3
45_patch_0018_0012,1
45_patch_0018_0013,3
45_patch_0018_0014,3
45_patch_0018_0015,1
45_patch_0018_0016,4
45_patch_0018_0017,4
45_patch_0018_0018,2
45_patch_0018_0019,2
45_patch_0018_0020,0
45_patch_0018_0021,1
45_patch_0018_0022,3
45_patch_0018_0023,1
45_patch_0018_0024,3
45_patch_0019_0000,-1
45_patch_0019_0001,1
45_patch_0019_0002,4
45_patch_0019_0003,2
45_patch_0019_0004,4
45_patch_0019_0005,4
45_patch_0019_0006,4
45_patch_0019_0007,4
45_patch_0019_0008,2
45_patch_0019_0009,2
45_patch_0019_0010,4
45_patch_0019_0011,3
45_patch_0019_0012,1
45_patch_0019_0013,1
45_patch_0019_0014,4
45_patch_0019_0015,-1
45_patch_0019_0016,4
45_patch_0019_0017,3
45_patch_0019_0018,3
45_patch_0019_0019,1
45_patch_0019_0020,4
45_patch_0019_0021,4
45_patch_0019_0022,1
45_patch_0019_0023,1
45_patch_0019_0024,1
45_patch_0020_0000,0
45_patch_0020_0001,1
45_patch_0020_0002,3
45_patch_0020_0003,0
45_patch_0020_0004,4
45_patch_0020_0005,2
45_patch_0020_0006,1
45_patch_0020_0007,2
45_patch_0020_0008,4
45_patch_0020_0009,3
45_patch_0020_0010,0
45_patch_0020_0011,1
45_patch_0020_0012,0
45_patch_0020_0013,2
45_patch_0020_0014,1
45_patch_0020_0015,3
45_patch_0020_0016,4
45_patch_0020_0017,3
45_patch_0020_0018,-1
45_patch_0020_0019,2
45_patch_0020_0020,1
45_patch_0020_0021,3
45_patch_0020_0022,1
45_patch_0020_0023,1
45_patch_0020_0024,1
45_patch_0021_0000,-1
45_patch_0021_0001,-1
45_patch_0021_0002,-1
45_patch_0021_0003,4
45_patch_0021_0004,3
45_patch_0021_0005,2
45_patch_0021_0006,4
45_patch_0021_0007,-1
45_patch_0021_0008,1
45_patch_0021_0009,3
45_patch_0021_0010,-1
45_patch_0021_0011,0
45_patch_0021_0012,0
45_patch_0021_0013,1
45_patch_0021_0014,3
45_patch_0021_0015,0
45_patch_0021_0016,0
45_patch_0021_0017,2
45_patch_0021_0018,0
45_patch_0021_0019,0
45_patch_0021_0020,3
45_patch_0021_0021,1
45_patch_0021_0022,3
45_patch_0021_0023,2
45_patch_0021_0024,0
45_patch_0022_0000,2
45_patch_0022_0001,4
45_patch_0022_0002,4
45_patch_0022_0003,4
45_patch_0022_0004,3
45_patch_0022_0005,4
45_patch_0022_0006,2
45_patch_0022_0007,1
45_patch_0022_0008,1
45_patch_0022_0009,2
45_patch_0022_0010,2
45_patch_0022_0011,3
45_patch_0022_0012,4
45_patch_0022_0013,1
45_patch_0022_0014,0
45_patch_0022_0015,3
45_patch_0022_0016,-1
45_patch_0022_0017,1
45_patch_0022_0018,0
45_patch_0022_0019,-1
45_patch_0022_0020,4
45_patch_0022_0021,2
45_patch_0022_0022,4
45_patch_0022_0023,4
45_patch_0022_0024,3
46_patch_0000_0000,2
46_patch_0000_0001,1
46_patch_0000_0002,0
46_patch_0000_0003,3
46_patch_0000_0004,3
46_patch_0000_0005,2
46_patch_0000_0006,4
46_patch_0000_0007,3
46_patch_0000_0008,1
46_patch_0000_0009,2
46_patch_0000_0010,2
46_patch_0000_0011,4
46_patch_0000_0012,3
46_patch_0000_0013,2
46_patch_0000_0014,1
46_patch_0000_0015,4
46_patch_0000_0016,1
46_patch_0000_0017,3
46_patch_0000_0018,2
46_patch_0000_0019,4
46_patch_0000_0020,0
46_patch_0000_0021,1
46_patch_0000_0022,3
46_patch_0000_0023,4
46_patch_0000_0024,2
46_patch_0000_0025,4
46_patch_0001_0000,0
46_patch_0001_0001,1
46_patch_0001_0002,4
46_patch_0001_0003,-1
46_patch_0001_0004,4
46_patch_0001_0005,0
46_patch_0001_0006,1
46_patch_0001_0007,3
46_patch_0001_0008,4
46_patch_0001_0009,3
46_patch_0001_0010,4
46_patch_0001_0011,0
46_patch_0001_0012,2
46_patch_0001_0013,1
46_patch_0001_0014,-1
46_patch_0001_0015,4
46_patch_0001_0016,2
46_patch_0001_0017,1
46_patch_0001_0018,3
46_patch_0001_0019,4
46_patch_0001_0020,3
46_patch_0001_0021,4
46_patch_0001_0022,2
46_patch_0001_0023,4
46_patch_0001_0024,4
46_patch_0001_0025,2
46_patch_0002_0000,1
46_patch_0002_0001,4
46_patch_0002_0002,1
46_patch_0002_0003,4
46_patch_0002_0004,3
46_patch_0002_0005,1
46_patch_0002_0006,1
46_patch_0002_0007,-1
46_patch_0002_0008,1
46_patch_0002_0009,0
46_patch_0002_0010,0
46_patch_0002_0011,0
46_patch_0002_0012,4
46_patch_0002_0013,3
46_patch_0002_0014,1
46_patch_0002_0015,1
46_patch_0002_0016,2
46_patch_0002_0017,1
46_patch_0002_0018,1
46_patch_0002_0019,3
46_patch_0002_0020,-1
46_patch_0002_0021,4
46_patch_0002_0022,3
46_patch_0002_0023,1
46_patch_0002_0024,4
46_patch_0002_0025,1
46_patch_0003_0000,2
46_patch_0003_0001,4
46_patch_0003_0002,4
46_patch_0003_0003,3
46_patch_0003_0004,2
46_patch_0003_0005,2
46_patch_0003_0006,3
46_patch_0003_0007,2
46_patch_0003_0008,4
46_patch_0003_0009,4
46_patch_0003_0010,2
46_patch_0003_0011,1
46_patch_0003_0012,4
46_patch_0003_0013,4
46_patch_0003_0014,0
46_patch_0003_0015,3
46_patch_0003_0016,4
46_patch_0003_0017,0
46_patch_0003_0018,2
46_patch_0003_0019,3
46_patch_0003_0020,3
46_patch_0003_0021,2
46_patch_0003_0022,0
46_patch_0003_0023,4
46_patch_0003_0024,2
46_patch_0003_0025,4
46_patch_0004_0000,4
46_patch_0004_0001,4
46_patch_0004_0002,1
46_patch_0004_0003,3
46_patch_0004_0004,3
46_patch_0004_0005,4
46_patch_0004_0006,3
46_patch_0004_0007,4
46_patch_0004_0008,4
46_patch_0004_0009,0
46_patch_0004_0010,2
46_patch_0004_0011,2
46_patch_0004_0012,1
46_patch_0004_0013,3
46_patch_0004_0014,3
46_patch_0004_0015,0
46_patch_0004_0016,2
46_patch_0004_0017,3
46_patch_0004_0018,3
46_patch_0004_0019,3
46_patch_0004_0020,0
46_patch_0004_0021,4
46_patch_0004_0022,4
46_patch_0004_0023,-1
46_patch_0004_0024,2
46_patch_0004_0025,3
46_patch_0005_0000,2
46_patch_0005_0001,1
46_patch_0005_0002,2
46_patch_0005_0003,1
46_patch_0005_0004,4
46_patch_0005_0005,4
46_patch_0005_0006,3
46_patch_0005_0007,3
46_patch_0005_0008,-1
46_patch_0005_0009,3
46_patch_0005_0010,-1
46_patch_0005_0011,-1
46_patch_0005_0012,-1
46_patch_0005_0013,3
46_patch_0005_0014,3
46_patch_0005_0015,2
46_patch_0005_0016,3
46_patch_0005_0017,3
46_patch_0005_0018,4
46_patch_0005_0019,1
46_patch_0005_0020,1
46_patch_0005_0021,2
46_patch_0005_0022,1
46_patch_0005_0023,3
46_patch_0005_0024,1
46_patch_0005_0025,0
46_patch_0006_0000,4
46_patch_0006_0001,4
46_patch_0006_0002,2
46_patch_0006_0003,1
46_patch_0006_0004,0
46_patch_0006_0005,2
46_patch_0006_0006,-1
46_patch_0006_0007,1
46_patch_0006_0008,4
46_patch_0006_0009,-1
46_patch_0006_0010,1
46_patch_0006_0011,3
46_patch_0006_0012,-1
46_patch_0006_0013,1
46_patch_0006_0014,-1
46_patch_0006_0015,3
46_patch_0006_0016,2
46_patch_0006_0017,1
46_patch_0006_0018,0
46_patch_0006_0019,4
46_patch_0006_0020,3
46_patch_0006_0021,-1
46_patch_0006_0022,0
46_patch_0006_0023,1
46_patch_0006_0024,1
46_patch_0006_0025,2
46_patch_0007_0000,4
46_patch_0007_0001,2
46_patch_0007_0002,1
46_patch_0007_0003,1
46_patch_0007_0004,3
46_patch_0007_0005,3
46_patch_0007_0006,1
46_patch_0007_0007,2
46_patch_0007_0008,0
46_patch_0007_0009,3
46_patch_0007_0010,4
46_patch_0007_0011,3
46_patch_0007_0012,3
46_patch_0007_0013,4
46_patch_0007_0014,4
46_patch_0007_0015,2
46_patch_0007_0016,2
46_patch_0007_0017,1
46_patch_0007_0018,0
46_patch_0007_0019,-1
46_patch_0007_0020,2
46_patch_0007_0021,4
46_patch_0007_0022,3
46_patch_0007_0023,4
46_patch_0007_0024,1
46_patch_0007_0025,1
46_patch_0008_0000,4
46_patch_0008_0001,4
46_patch_0008_0002,4
46_patch_0008_0003,1
46_patch_0008_0004,2
46_patch_0008_0005,2
46_patch_0008_0006,2
46_patch_0008_0007,4
46_patch_0008_0008,3
46_patch_0008_0009,3
46_patch_0008_0010,4
46_patch_0008_0011,-1
46_patch_0008_0012,2
46_patch_0008_0013,4
46_patch_0008_0014,2
46_patch_0008_0015,3
46_patch_0008_0016,-1
46_patch_0008_0017,1
46_patch_0008_0018,1
46_patch_0008_0019,3
46_patch_0008_0020,4
46_patch_0008_0021,3
46_patch_0008_0022,0
46_patch_0008_0023,2
46_patch_0008_0024,2
46_patch_0008_0025,0
46_patch_0009_0000,0
46_patch_0009_0001,4
46_patch_0009_0002,0
46_patch_0009_0003,4
46_patch_0009_0004,1
46_patch_0009_0005,3
46_patch_0009_0006,3
46_patch_0009_0007,3
46_patch_0009_0008,2
46_patch_0009_0009,0
46_patch_0009_0010,4
46_patch_0009_0011,1
46_patch_0009_0012,4
46_patch_0009_0013,2
46_patch_0009_0014,-1
46_patch_0009_0015,3
46_patch_0009_0016,1
46_patch_0009_0017,1
46_patch_0009_0018,4
46_patch_0009_0019,4
46_patch_0009_0020,4
46_patch_0009_0021,0
46_patch_0009_0022,3
46_patch_0009_0023,3
46_patch_0009_0024,4
46_patch_0009_0025,1
46_patch_0010_0000,4
46_patch_0010_0001,1
46_patch_0010_0002,3
46_patch_0010_0003,0
46_patch_0010_0004,4
46_patch_0010_0005,2
46_patch_0010_0006,3
46_patch_0010_0007,1
46_patch_0010_0008,-1
46_patch_0010_0009,1
46_patch_0010_0010,1
46_patch_0010_0011,1
46_patch_0010_0012,0
46_patch_0010_0013,4
46_patch_0010_0014,3
46_patch_0010_0015,1
46_patch_0010_0016,3
46_patch_0010_0017,4
46_patch_0010_0018,1
46_patch_0010_0019,2
46_patch_0010_0020,2
46_patch_0010_0021,4
46_patch_0010_0022,1
46_patch_0010_0023,4
46_patch_0010_0024,3
46_patch_0010_0025,1
46_patch_0011_0000,4
46_patch_0011_0001,1
46_patch_0011_0002,0
46_patch_0011_0003,3
46_patch_0011_0004,3
46_patch_0011_0005,4
46_patch_0011_0006,4
46_patch_0011_0007,3
46_patch_0011_0008,3
46_patch_0011_0009,2
46_patch_0011_0010,4
46_patch_0011_0011,3
46_patch_0011_0012,0
46_patch_0011_0013,4
46_patch_0011_0014,-1
46_patch_0011_0015,2
46_patch_0011_0016,0
46_patch_0011_0017,4
46_patch_0011_0018,4
46_patch_0011_0019,2
46_patch_0011_0020,0
46_patch_0011_0021,2
46_patch_0011_0022,0
46_patch_0011_0023,2
46_patch_0011_0024,1
46_patch_0011_0025,3
46_patch_0012_0000,-1
46_patch_0012_0001,2
46_patch_0012_0002,3
46_patch_0012_0003,4
46_patch_0012_0004,3
46_patch_0012_0005,1
46_patch_0012_0006,2
46_patch_0012_0007,2
46_patch_0012_0008,1
46_patch_0012_0009,-1
46_patch_0012_0010,4
46_patch_0012_0011,0
46_patch_0012_0012,3
46_patch_0012_0013,1
46_patch_0012_0014,3
46_patch_0012_0015,4
46_patch_0012_0016,2
46_patch_0012_0017,2
46_patch_0012_0018,3
46_patch_0012_0019,4
46_patch_0012_0020,3
46_patch_0012_0021,2
46_patch_0012_0022,-1
46_patch_0012_0023,2
46_patch_0012_0024,2
46_patch_0012_0025,1
46_patch_0013_0000,4
46_patch_0013_0001,3
46_patch_0013_0002,2
46_patch_0013_0003,3
46_patch_0013_0004,3
46_patch_0013_0005,0
46_patch_0013_0006,2
46_patch_0013_0007,3
46_patch_0013_0008,-1
46_patch_0013_0009,2
46_patch_0013_0010,4
46_patch_0013_0011,-1
46_patch_0013_0012,3
46_patch_0013_0013,2
46_patch_0013_0014,1
46_patch_0013_0015,1
46_patch_0013_0016,1
46_patch_0013_0017,2
46_patch_0013_0018,2
46_patch_0013_0019,0
46_patch_0013_0020,0
46_patch_0013_0021,2
46_patch_0013_0022,2
46_patch_0013_0023,3
46_patch_0013_0024,2
46_patch_0013_0025,4
46_patch_0014_0000,2
46_patch_0014_0001,4
46_patch_0014_0002,2
46_patch_0014_0003,4
46_patch_0014_0004,3
46_patch_0014_0005,1
46_patch_0014_0006,4
46_patch_0014_0007,4
46_patch_0014_0008,2
46_patch_0014_0009,2
46_patch_0014_0010,0
46_patch_0014_0011,-1
46_patch_0014_0012,4
46_patch_0014_0013,1
46_patch_0014_0014,0
46_patch_0014_0015,2
46_patch_0014_0016,3
46_patch_0014_0017,4
46_patch_0014_0018,1
46_patch_0014_0019,2
46_patch_0014_0020,2
46_patch_0014_0021,4
46_patch_0014_0022,1
46_patch_0014_0023,2
46_patch_0014_0024,2
46_patch_0014_0025,3
46_patch_0015_0000,1
46_patch_0015_0001,1
46_patch_0015_0002,4
46_patch_0015_0003,-1
46_patch_0015_0004,4
46_patch_0015_0005,2
46_patch_0015_0006,1
46_patch_0015_0007,1
46_patch_0015_0008,4
46_patch_0015_0009,4
46_patch_0015_0010,2
46_patch_0015_0011,2
46_patch_0015_0012,2
46_patch_0015_0013,2
46_patch_0015_0014,1
46_patch_0015_0015,3
46_patch_0015_0016,3
46_patch_0015_0017,2
46_patch_0015_0018,1
46_patch_0015_0019,1
46_patch_0015_0020,0
46_patch_0015_0021,4
46_patch_0015_0022,3
46_patch_0015_0023,1
46_patch_0015_0024,2
46_patch_0015_0025,1
46_patch_0016_0000,1
46_patch_0016_0001,-1
46_patch_0016_0002,4
46_patch_0016_0003,2
46_patch_0016_0004,4
46_patch_0016_0005,1
46_patch_0016_0006,2
46_patch_0016_0007,1
46_patch_0016_0008,2
46_patch_0016_0009,-1
46_patch_0016_0010,4
46_patch_0016_0011,4
46_patch_0016_0012,3
46_patch_0016_0013,4
46_patch_0016_0014,3
46_patch_0016_0015,4
46_patch_0016_0016,3
46_patch_0016_0017,3
46_patch_0016_0018,2
46_patch_0016_0019,3
46_patch_0016_0020,3
46_patch_0016_0021,2
46_patch_0016_0022,4
46_patch_0016_0023,2
46_patch_0016_0024,2
46_patch_0016_0025,-1
46_patch_0017_0000,0
46_patch_0017_0001,4
46_patch_0017_0002,2
46_patch_0017_0003,2
46_patch_0017_0004,-1
46_patch_0017_0005,4
46_patch_0017_0006,1
46_patch_0017_0007,-1
46_patch_0017_0008,2
46_patch_0017_0009,1
46_patch_0017_0010,4
46_patch_0017_0011,2
46_patch_0017_0012,1
46_patch_0017_0013,3
46_patch_0017_0014,2
46_patch_0017_0015,1
46_patch_0017_0016,2
46_patch_0017_0017,-1
46_patch_0017_0018,1
46_patch_0017_0019,0
46_patch_0017_0020,1
46_patch_0017_0021,3
46_patch_0017_0022,4
46_patch_0017_0023,2
46_patch_0017_0024,-1
46_patch_0017_0025,2
46_patch_0018_0000,0
46_patch_0018_0001,0
46_patch_0018_0002,0
46_patch_0018_0003,2
46_patch_0018_0004,2
46_patch_0018_0005,2
46_patch_0018_0006,3
46_patch_0018_0007,1
46_patch_0018_0008,3
46_patch_0018_0009,3
46_patch_0018_0010,4
46_patch_0018_0011,4
46_patch_0018_0012,2
46_patch_0018_0013,4
46_patch_0018_0014,3
46_patch_0018_0015,3
46_patch_0018_0016,3
46_patch_0018_0017,4
46_patch_0018_0018,0
46_patch_0018_0019,2
46_patch_0018_0020,4
46_patch_0018_0021,1
46_patch_0018_0022,2
46_patch_0018_0023,-1
46_patch_0018_0024,-1
46_patch_0018_0025,3
46_patch_0019_0000,0
46_patch_0019_0001,4
46_patch_0019_0002,2
46_patch_0019_0003,3
46_patch_0019_0004,4
46_patch_0019_0005,3
46_patch_0019_0006,1
46_patch_0019_0007,1
46_patch_0019_0008,1
46_patch_0019_0009,1
46_patch_0019_0010,4
46_patch_0019_0011,3
46_patch_0019_0012,4
46_patch_0019_0013,2
46_patch_0019_0014,3
46_patch_0019_0015,4
46_patch_0019_0016,1
46_patch_0019_0017,3
46_patch_0019_0018,4
46_patch_0019_0019,2
46_patch_0019_0020,3
46_patch_0019_0021,3
46_patch_0019_0022,3
46_patch_0019_0023,4
46_patch_0019_0024,2
46_patch_0019_0025,-1
47_patch_0000_0000,1
47_patch_0000_0001,3
47_patch_0000_0002,3
47_patch_0000_0003,4
47_patch_0000_0004,4
47_patch_0000_0005,0
47_patch_0000_0006,3
47_patch_0000_0007,2
47_patch_0000_0008,3
47_patch_0000_0009,3
47_patch_0000_0010,1
47_patch_0000_0011,0
47_patch_0000_0012,3
47_patch_0000_0013,-1
47_patch_0000_0014,3
47_patch_0000_0015,2
47_patch_0000_0016,1
47_patch_0000_0017,3
47_patch_0000_0018,2
47_patch_0000_0019,3
47_patch_0000_0020,2
47_patch_0000_0021,1
47_patch_0000_0022,4
47_patch_0000_0023,3
47_patch_0000_0024,1
47_patch_0001_0000,2
47_patch_0001_0001,-1
47_patch_0001_0002,3
47_patch_0001_0003,2
47_patch_0001_0004,1
47_patch_0001_0005,2
47_patch_0001_0006,2
47_patch_0001_0007,4
47_patch_0001_0008,2
47_patch_0001_0009,1
47_patch_0001_0010,-1
47_patch_0001_0011,1
47_patch_0001_0012,4
47_patch_0001_0013,2
47_patch_0001_0014,3
47_patch_0001_0015,1
47_patch_0001_0016,3
47_patch_0001_0017,3
47_patch_0001_0018,2
47_patch_0001_0019,3
47_patch_0001_0020,4
47_patch_0001_0021,0
47_patch_0001_0022,-1
47_patch_0001_0023,3
47_patch_0001_0024,1
47_patch_0002_0000,3
47_patch_0002_0001,4
47_patch_0002_0002,3
47_patch_0002_0003,1
47_patch_0002_0004,-1
47_patch_0002_0005,-1
47_patch_0002_0006,3
47_patch_0002_0007,3
47_patch_0002_0008,1
47_patch_0002_0009,0
47_patch_0002_0010,3
47_patch_0002_0011,3
47_patch_0002_0012,2
47_patch_0002_0013,4
47_patch_0002_0014,2
47_patch_0002_0015,3
47_patch_0002_0016,4
47_patch_0002_0017,3
47_patch_0002_0018,2
47_patch_0002_0019,2
47_patch_0002_0020,2
47_patch_0002_0021,2
47_patch_0002_0022,1
47_patch_0002_0023,1
47_patch_0002_0024,3
47_patch_0003_0000,-1
47_patch_0003_0001,2
47_patch_0003_0002,4
47_patch_0003_0003,0
47_patch_0003_0004,1
47_patch_0003_0005,2
47_patch_0003_0006,3
47_patch_0003_0007,-1
47_patch_0003_0008,3
47_patch_0003_0009,2
47_patch_0003_0010,4
47_patch_0003_0011,2
47_patch_0003_0012,2
47_patch_0003_0013,-1
47_patch_0003_0014,-1
47_patch_0003_0015,-1
47_patch_0003_0016,3
47_patch_0003_0017,0
47_patch_0003_0018,1
47_patch_0003_0019,4
47_patch_0003_0020,1
47_patch_0003_0021,4
47_patch_0003_0022,2
47_patch_0003_0023,2
47_patch_0003_0024,3
47_patch_0004_0000,4
47_patch_0004_0001,4
47_patch_0004_0002,3
47_patch_0004_0003,4
47_patch_0004_0004,4
47_patch_0004_0005,4
47_patch_0004_0006,0
47_patch_0004_0007,-1
47_patch_0004_0008,1
47_patch_0004_0009,4
47_patch_0004_0010,1
47_patch_0004_0011,4
47_patch_0004_0012,4
47_patch_0004_0013,2
47_patch_0004_0014,1
47_patch_0004_0015,3
47_patch_0004_0016,0
47_patch_0004_0017,3
47_patch_0004_0018,2
47_patch_0004_0019,1
47_patch_0004_0020,-1
47_patch_0004_0021,1
47_patch_0004_0022,2
47_patch_0004_0023,4
47_patch_0004_0024,-1
47_patch_0005_0000,1
47_patch_0005_0001,3
47_patch_0005_0002,0
47_patch_0005_0003,-1
47_patch_0005_0004,3
47_patch_0005_0005,-1
47_patch_0005_0006,4
47_patch_0005_0007,4
47_patch_0005_0008,2
47_patch_0005_0009,2
47_patch_0005_0010,-1
47_patch_0005_0011,-1
47_patch_0005_0012,4
47_patch_0005_0013,1
47_patch_0005_0014,2
47_patch_0005_0015,1
47_patch_0005_0016,1
47_patch_0005_0017,4
47_patch_0005_0018,4
47_patch_0005_0019,4
47_patch_0005_0020,3
47_patch_0005_0021,2
47_patch_0005_0022,2
47_patch_0005_0023,4
47_patch_0005_0024,1
47_patch_0006_0000,2
47_patch_0006_0001,0
47_patch_0006_0002,3
47_patch_0006_0003,4
47_patch_0006_0004,0
47_patch_0006_0005,4
47_patch_0006_0006,1
47_patch_0006_0007,3
47_patch_0006_0008,1
47_patch_0006_0009,2
47_patch_0006_0010,1
47_patch_0006_0011,3
47_patch_0006_0012,4
47_patch_0006_0013,4
47_patch_0006_0014,-1
47_patch_0006_0015,1
47_patch_0006_0016,0
47_patch_0006_0017,4
47_patch_0006_0018,3
47_patch_0006_0019,3
47_patch_0006_0020,2
47_patch_0006_0021,0
47_patch_0006_0022,3
47_patch_0006_0023,3
47_patch_0006_0024,3
47_patch_0007_0000,4
47_patch_0007_0001,1
47_patch_0007_0002,4
47_patch_0007_0003,2
47_patch_0007_0004,1
47_patch_0007_0005,4
47_patch_0007_0006,1
47_patch_0007_0007,-1
47_patch_0007_0008,-1
47_patch_0007_0009,0
47_patch_0007_0010,0
47_patch_0007_0011,3
47_patch_0007_0012,2
47_patch_0007_0013,4
47_patch_0007_0014,1
47_patch_0007_0015,4
47_patch_0007_0016,-1
47_patch_0007_0017,1
47_patch_0007_0018,3
47_patch_0007_0019,1
47_patch_0007_0020,4
47_patch_0007_0021,3
47_patch_0007_0022,2
47_patch_0007_0023,4
47_patch_0007_0024,-1
47_patch_0008_0000,4
47_patch_0008_0001,3
47_patch_0008_0002,-1
47_patch_0008_0003,1
47_patch_0008_0004,1
47_patch_0008_0005,1
47_patch_0008_0006,4
47_patch_0008_0007,3
47_patch_0008_0008,3
47_patch_0008_0009,0
47_patch_0008_0010,3
47_patch_0008_0011,4
47_patch_0008_0012,0
47_patch_0008_0013,3
47_patch_0008_0014,-1
47_patch_0008_0015,0
47_patch_0008_0016,2
47_patch_0008_0017,2
47_patch_0008_0018,3
47_patch_0008_0019,3
47_patch_0008_0020,3
47_patch_0008_0021,2
47_patch_0008_0022,1
47_patch_0008_0023,3
47_patch_0008_0024,2
47_patch_0009_0000,-1
47_patch_0009_0001,2
47_patch_0009_0002,1
47_patch_0009_0003,-1
47_patch_0009_0004,-1
47_patch_0009_0005,4
47_patch_0009_0006,2
47_patch_0009_0007,2
47_patch_0009_0008,-1
47_patch_0009_0009,-1
47_patch_0009_0010,2
47_patch_0009_0011,4
47_patch_0009_0012,1
47_patch_0009_0013,2
47_patch_0009_0014,0
47_patch_0009_0015,1
47_patch_0009_0016,2
47_patch_0009_0017,2
47_patch_0009_0018,4
47_patch_0009_0019,1
47_patch_0009_0020,1
47_patch_0009_0021,4
47_patch_0009_0022,-1
47_patch_0009_0023,2
47_patch_0009_0024,2
47_patch_0010_0000,2
47_patch_0010_0001,3
47_patch_0010_0002,3
47_patch_0010_0003,1
47_patch_0010_0004,3
47_patch_0010_0005,3
47_patch_0010_0006,4
47_patch_0010_0007,3
47_patch_0010_0008,4
47_patch_0010_0009,-1
47_patch_0010_0010,2
47_patch_0010_0011,2
47_patch_0010_0012,1
47_patch_0010_0013,1
47_patch_0010_0014,4
47_patch_0010_0015,0
47_patch_0010_0016,2
47_patch_0010_0017,4
47_patch_0010_0018,4
47_patch_0010_0019,4
47_patch_0010_0020,-1
47_patch_0010_0021,3
47_patch_0010_0022,3
47_patch_0010_0023,3
47_patch_0010_0024,1
47_patch_0011_0000,4
47_patch_0011_0001,-1
47_patch_0011_0002,3
47_patch_0011_0003,2
47_patch_0011_0004,-1
47_patch_0011_0005,0
47_patch_0011_0006,-1
47_patch_0011_0007,4
47_patch_0011_0008,2
47_patch_0011_0009,1
47_patch_0011_0010,4
47_patch_0011_0011,0
47_patch_0011_0012,-1
47_patch_0011_0013,1
47_patch_0011_0014,1
47_patch_0011_0015,-1
47_patch_0011_0016,3
47_patch_0011_0017,2
47_patch_0011_0018,-1
47_patch_0011_0019,0
47_patch_0011_0020,2
47_patch_0011_0021,3
47_patch_0011_0022,4
47_patch_0011_0023,4
47_patch_0011_0024,2
47_patch_0012_0000,-1
47_patch_0012_0001,3
47_patch_0012_0002,0
47_patch_0012_0003,2
47_patch_0012_0004,3
47_patch_0012_0005,3
47_patch_0012_0006,2
47_patch_0012_0007,3
47_patch_0012_0008,2
47_patch_0012_0009,0
47_patch_0012_0010,2
47_patch_0012_0011,4
47_patch_0012_0012,3
47_patch_0012_0013,0
47_patch_0012_0014,-1
47_patch_0012_0015,4
47_patch_0012_0016,-1
47_patch_0012_0017,3
47_patch_0012_0018,4
47_patch_0012_0019,1
47_patch_0012_0020,0
47_patch_0012_0021,4
47_patch_0012_0022,4
47_patch_0012_0023,-1
47_patch_0012_0024,1
47_patch_0013_0000,2
47_patch_0013_0001,3
47_patch_0013_0002,4
47_patch_0013_0003,1
47_patch_0013_0004,4
47_patch_0013_0005,1
47_patch_0013_0006,-1
47_patch_0013_0007,4
47_patch_0013_0008,3
47_patch_0013_0009,0
47_patch_0013_0010,4
47_patch_0013_0011,-1
47_patch_0013_0012,3
47_patch_0013_0013,3
47_patch_0013_0014,2
47_patch_0013_0015,1
47_patch_0013_0016,4
47_patch_0013_0017,2
47_patch_0013_0018,4
47_patch_0013_0019,1
47_patch_0013_0020,2
47_patch_0013_0021,2
47_patch_0013_0022,3
47_patch_0013_0023,-1
47_patch_0013_0024,2
47_patch_0014_0000,1
47_patch_0014_0001,3
47_patch_0014_0002,1
47_patch_0014_0003,0
47_patch_0014_0004,3
47_patch_0014_0005,1
47_patch_0014_0006,0
47_patch_0014_0007,2
47_patch_0014_0008,3
47_patch_0014_0009,3
47_patch_0014_0010,4
47_patch_0014_0011,3
47_patch_0014_0012,4
47_patch_0014_0013,4
47_patch_0014_0014,3
47_patch_0014_0015,1
47_patch_0014_0016,4
47_patch_0014_0017,3
47_patch_0014_0018,4
47_patch_0014_0019,-1
47_patch_0014_0020,1
47_patch_0014_0021,3
47_patch_0014_0022,4
47_patch_0014_0023,1
47_patch_0014_0024,2
47_patch_0015_0000,0
47_patch_0015_0001,0
47_patch_0015_0002,2
47_patch_0015_0003,4
47_patch_0015_0004,-1
47_patch_0015_0005,0
47_patch_0015_0006,-1
47_patch_0015_0007,4
47_patch_0015_0008,3
47_patch_0015_0009,1
47_patch_0015_0010,1
47_patch_0015_0011,4
47_patch_0015_0012,4
47_patch_0015_0013,4
47_patch_0015_0014,2
47_patch_0015_0015,3
47_patch_0015_0016,0
47_patch_0015_0017,4
47_patch_0015_0018,3
47_patch_0015_0019,2
47_patch_0015_0020,1
47_patch_0015_0021,1
47_patch_0015_0022,4
47_patch_0015_0023,3
47_patch_0015_0024,3
47_patch_0016_0000,1
47_patch_0016_0001,1
47_patch_0016_0002,1
47_patch_0016_0003,-1
47_patch_0016_0004,1
47_patch_0016_0005,2
47_patch_0016_0006,4
47_patch_0016_0007,4
47_patch_0016_0008,3
47_patch_0016_0009,4
47_patch_0016_0010,4
47_patch_0016_0011,4
47_patch_0016_0012,-1
47_patch_0016_0013,-1
47_patch_0016_0014,0
47_patch_0016_0015,2
47_patch_0016_0016,-1
47_patch_0016_0017,1
47_patch_0016_0018,0
47_patch_0016_0019,0
47_patch_0016_0020,4
47_patch_0016_0021,4
47_patch_0016_0022,0
47_patch_0016_0023,2
47_patch_0016_0024,-1
47_patch_0017_0000,4
47_patch_0017_0001,-1
47_patch_0017_0002,4
47_patch_0017_0003,4
47_patch_0017_0004,2
47_patch_0017_0005,3
47_patch_0017_0006,4
47_patch_0017_0007,-1
47_patch_0017_0008,-1
47_patch_0017_0009,3
47_patch_0017_0010,2
47_patch_0017_0011,1
47_patch_0017_0012,2
47_patch_0017_0013,2
47_patch_0017_0014,0
47_patch_0017_0015,1
47_patch_0017_0016,4
47_patch_0017_0017,3
47_patch_0017_0018,-1
47_patch_0017_0019,4
47_patch_0017_0020,2
47_patch_0017_0021,3
47_patch_0017_0022,3
47_patch_0017_0023,1
47_patch_0017_0024,0
47_patch_0018_0000,1
47_patch_0018_0001,1
47_patch_0018_0002,2
47_patch_0018_0003,-1
47_patch_0018_0004,1
47_patch_0018_0005,1
47_patch_0018_0006,3
47_patch_0018_0007,2
47_patch_0018_0008,1
47_patch_0018_0009,4
47_patch_0018_0010,1
47_patch_0018_0011,2
47_patch_0018_0012,4
47_patch_0018_0013,1
47_patch_0018_0014,3
47_patch_0018_0015,4
47_patch_0018_0016,1
47_patch_0018_0017,3
47_patch_0018_0018,1
47_patch_0018_0019,4
47_patch_0018_0020,4
47_patch_0018_0021,3
47_patch_0018_0022,3
47_patch_0018_0023,1
47_patch_0018_0024,0
47_patch_0019_0000,2
47_patch_0019_0001,1
47_patch_0019_0002,4
47_patch_0019_0003,3
47_patch_0019_0004,-1
47_patch_0019_0005,1
47_patch_0019_0006,1
47_patch_0019_0007,3
47_patch_0019_0008,2
47_patch_0019_0009,2
47_patch_0019_0010,3
47_patch_0019_0011,4
47_patch_0019_0012,3
47_patch_0019_0013,1
47_patch_0019_0014,3
47_patch_0019_0015,2
47_patch_0019_0016,4
47_patch_0019_0017,2
47_patch_0019_0018,3
47_patch_0019_0019,3
47_patch_0019_0020,1
47_patch_0019_0021,2
47_patch_0019_0022,-1
47_patch_0019_0023,1
47_patch_0019_0024,0
47_patch_0020_0000,4
47_patch_0020_0001,3
47_patch_0020_0002,4
47_patch_0020_0003,2
47_patch_0020_0004,1
47_patch_0020_0005,3
47_patch_0020_0006,3
47_patch_0020_0007,4
47_patch_0020_0008,4
47_patch_0020_0009,3
47_patch_0020_0010,2
47_patch_0020_0011,4
47_patch_0020_0012,-1
47_patch_0020_0013,4
47_patch_0020_0014,2
47_patch_0020_0015,1
47_patch_0020_0016,3
47_patch_0020_0017,3
47_patch_0020_0018,2
47_patch_0020_0019,0
47_patch_0020_0020,2
47_patch_0020_0021,2
47_patch_0020_0022,3
47_patch_0020_0023,2
47_patch_0020_0024,1
48_patch_0000_0000,3
48_patch_0000_0001,0
48_patch_0000_0002,2
48_patch_0000_0003,0
48_patch_0000_0004,3
48_patch_0000_0005,-1
48_patch_0000_0006,0
48_patch_0000_0007,3
48_patch_0000_0008,4
48_patch_0000_0009,2
48_patch_0000_0010,2
48_patch_0000_0011,1
48_patch_0000_0012,-1
48_patch_0000_0013,2
48_patch_0000_0014,1
48_patch_0000_0015,4
48_patch_0000_0016,3
48_patch_0000_0017,2
48_patch_0000_0018,2
48_patch_0000_0019,4
48_patch_0000_0020,-1
48_patch_0000_0021,1
48_patch_0000_0022,2
48_patch_0000_0023,4
48_patch_0000_0024,1
48_patch_0000_0025,2
48_patch_0000_0026,1
48_patch_0000_0027,0
48_patch_0001_0000,0
48_patch_0001_0001,3
48_patch_0001_0002,1
48_patch_0001_0003,1
48_patch_0001_0004,4
48_patch_0001_0005,4
48_patch_0001_0006,1
48_patch_0001_0007,0
48_patch_0001_0008,1
48_patch_0001_0009,4
48_patch_0001_0010,3
48_patch_0001_0011,4
48_patch_0001_0012,4
48_patch_0001_0013,1
48_patch_0001_0014,0
48_patch_0001_0015,2
48_patch_0001_0016,-1
48_patch_0001_0017,3
48_patch_0001_0018,-1
48_patch_0001_0019,2
48_patch_0001_0020,3
48_patch_0001_0021,0
48_patch_0001_0022,0
48_patch_0001_0023,1
48_patch_0001_0024,3
48_patch_0001_0025,-1
48_patch_0001_0026,2
48_patch_0001_0027,2
48_patch_0002_0000,-1
48_patch_0002_0001,4
48_patch_0002_0002,3
48_patch_0002_0003,-1
48_patch_0002_0004,2
48_patch_0002_0005,4
48_patch_0002_0006,-1
48_patch_0002_0007,3
48_patch_0002_0008,2
48_patch_0002_0009,2
48_patch_0002_0010,4
48_patch_0002_0011,-1
48_patch_0002_0012,2
48_patch_0002_0013,2
48_patch_0002_0014,2
48_patch_0002_0015,0
48_patch_0002_0016,-1
48_patch_0002_0017,1
48_patch_0002_0018,4
48_patch_0002_0019,2
48_patch_0002_0020,1
48_patch_0002_0021,1
48_patch_0002_0022,1
48_patch_0002_0023,4
48_patch_0002_0024,4
48_patch_0002_0025,2
48_patch_0002_0026,2
48_patch_0002_0027,1
48_patch_0003_0000,3
48_patch_0003_0001,1
48_patch_0003_0002,0
48_patch_0003_0003,3
48_patch_0003_0004,1
48_patch_0003_0005,0
48_patch_0003_0006,3
48_patch_0003_0007,4
48_patch_0003_0008,1
48_patch_0003_0009,4
48_patch_0003_0010,1
48_patch_0003_0011,4
48_patch_0003_0012,3
48_patch_0003_0013,4
48_patch_0003_0014,1
48_patch_0003_0015,4
48_patch_0003_0016,1
48_patch_0003_0017,-1
48_patch_0003_0018,-1
48_patch_0003_0019,-1
48_patch_0003_0020,2
48_patch_0003_0021,1
48_patch_0003_0022,1
48_patch_0003_0023,0
48_patch_0003_0024,2
48_patch_0003_0025,2
48_patch_0003_0026,2
48_patch_0003_0027,3
48_patch_0004_0000,3
48_patch_0004_0001,3
48_patch_0004_0002,0
48_patch_0004_0003,1
48_patch_0004_0004,0
48_patch_0004_0005,1
48_patch_0004_0006,2
48_patch_0004_0007,4
48_patch_0004_0008,2
48_patch_0004_0009,0
48_patch_0004_0010,4
48_patch_0004_0011,1
48_patch_0004_0012,4
48_patch_0004_0013,2
48_patch_0004_0014,4
48_patch_0004_0015,4
48_patch_0004_0016,3
48_patch_0004_0017,4
48_patch_0004_0018,3
48_patch_0004_0019,3
48_patch_0004_0020,3
48_patch_0004_0021,4
48_patch_0004_0022,4
48_patch_0004_0023,4
48_patch_0004_0024,1
48_patch_0004_0025,1
48_patch_0004_0026,3
48_patch_0004_0027,4
48_patch_0005_0000,-1
48_patch_0005_0001,-1
48_patch_0005_0002,3
48_patch_0005_0003,1
48_patch_0005_0004,4
48_patch_0005_0005,3
48_patch_0005_0006,4
48_patch_0005_0007,3
48_patch_0005_0008,4
48_patch_0005_0009,1
48_patch_0005_0010,1
48_patch_0005_0011,-1
48_patch_0005_0012,1
48_patch_0005_0013,2
48_patch_0005_0014,3
48_patch_0005_0015,4
48_patch_0005_0016,-1
48_patch_0005_0017,3
48_patch_0005_0018,4
48_patch_0005_0019,2
48_patch_0005_0020,4
48_patch_0005_0021,3
48_patch_0005_0022,4
48_patch_0005_0023,2
48_patch_0005_0024,2
48_patch_0005_0025,3
48_patch_0005_0026,3
48_patch_0005_0027,3
48_patch_0006_0000,4
48_patch_0006_0001,2
48_patch_0006_0002,0
48_patch_0006_0003,3
48_patch_0006_0004,0
48_patch_0006_0005,2
48_patch_0006_0006,2
48_patch_0006_0007,3
48_patch_0006_0008,4
48_patch_0006_0009,1
48_patch_0006_0010,1
48_patch_0006_0011,3
48_patch_0006_0012,3
48_patch_0006_0013,0
48_patch_0006_0014,4
48_patch_0006_0015,4
48_patch_0006_0016,3
48_patch_0006_0017,-1
48_patch_0006_0018,4
48_patch_0006_0019,3
48_patch_0006_0020,4
48_patch_0006_0021,3
48_patch_0006_0022,1
48_patch_0006_0023,4
48_patch_0006_0024,0
48_patch_0006_0025,3
48_patch_0006_0026,1
48_patch_0006_0027,1
48_patch_0007_0000,4
48_patch_0007_0001,-1
48_patch_0007_0002,2
48_patch_0007_0003,4
48_patch_0007_0004,-1
48_patch_0007_0005,3
48_patch_0007_0006,3
48_patch_0007_0007,3
48_patch_0007_0008,4
48_patch_0007_0009,1
48_patch_0007_0010,-1
48_patch_0007_0011,4
48_patch_0007_0012,4
48_patch_0007_0013,0
48_patch_0007_0014,1
48_patch_0007_0015,1
48_patch_0007_0016,0
48_patch_0007_0017,3
48_patch_0007_0018,4
48_patch_0007_0019,4
48_patch_0007_0020,3
48_patch_0007_0021,3
48_patch_0007_0022,3
48_patch_0007_0023,4
48_patch_0007_0024,1
48_patch_0007_0025,2
48_patch_0007_0026,4
48_patch_0007_0027,3
48_patch_0008_0000,2
48_patch_0008_0001,1
48_patch_0008_0002,4
48_patch_0008_0003,-1
48_patch_0008_0004,3
48_patch_0008_0005,2
48_patch_0008_0006,2
48_patch_0008_0007,2
48_patch_0008_0008,0
48_patch_0008_0009,0
48_patch_0008_0010,3
48_patch_0008_0011,4
48_patch_0008_0012,3
48_patch_0008_0013,1
48_patch_0008_0014,-1
48_patch_0008_0015,4
48_patch_0008_0016,0
48_patch_0008_0017,3
48_patch_0008_0018,1
48_patch_0008_0019,3
48_patch_0008_0020,2
48_patch_0008_0021,1
48_patch_0008_0022,4
48_patch_0008_0023,0
48_patch_0008_0024,3
48_patch_0008_0025,3
48_patch_0008_0026,1
48_patch_0008_0027,4
48_patch_0009_0000,1
48_patch_0009_0001,1
48_patch_0009_0002,4
48_patch_0009_0003,0
48_patch_0009_0004,2
48_patch_0009_0005,2
48_patch_0009_0006,1
48_patch_0009_0007,2
48_patch_0009_0008,2
48_patch_0009_0009,2
48_patch_0009_0010,3
48_patch_0009_0011,-1
48_patch_0009_0012,0
48_patch_0009_0013,0
48_patch_0009_0014,0
48_patch_0009_0015,3
48_patch_0009_0016,2
48_patch_0009_0017,2
48_patch_0009_0018,2
48_patch_0009_0019,0
48_patch_0009_0020,-1
48_patch_0009_0021,2
48_patch_0009_0022,1
48_patch_0009_0023,4
48_patch_0009_0024,-1
48_patch_0009_0025,2
48_patch_0009_0026,4
48_patch_0009_0027,-1
48_patch_0010_0000,4
48_patch_0010_0001,0
48_patch_0010_0002,3
48_patch_0010_0003,3
48_patch_0010_0004,4
48_patch_0010_0005,2
48_patch_0010_0006,4
48_patch_0010_0007,1
48_patch_0010_0008,2
48_patch_0010_0009,1
48_patch_0010_0010,1
48_patch_0010_0011,2
48_patch_0010_0012,2
48_patch_0010_0013,4
48_patch_0010_0014,3
48_patch_0010_0015,2
48_patch_0010_0016,3
48_patch_0010_0017,2
48_patch_0010_0018,1
48_patch_0010_0019,1
48_patch_0010_0020,1
48_patch_0010_0021,0
48_patch_0010_0022,2
48_patch_0010_0023,3
48_patch_0010_0024,0
48_patch_0010_0025,3
48_patch_0010_0026,1
48_patch_0010_0027,4
48_patch_0011_0000,1
48_patch_0011_0001,3
48_patch_0011_0002,2
48_patch_0011_0003,4
48_patch_0011_0004,1
48_patch_0011_0005,2
48_patch_0011_0006,4
48_patch_0011_0007,4
48_patch_0011_0008,0
48_patch_0011_0009,0
48_patch_0011_0010,2
48_patch_0011_0011,1
48_patch_0011_0012,2
48_patch_0011_0013,-1
48_patch_0011_0014,4
48_patch_0011_0015,2
48_patch_0011_0016,2
48_patch_0011_0017,3
48_patch_0011_0018,4
48_patch_0011_0019,2
48_patch_0011_0020,4
48_patch_0011_0021,2
48_patch_0011_0022,1
48_patch_0011_0023,3
48_patch_0011_0024,2
48_patch_0011_0025,4
48_patch_0011_0026,3
48_patch_0011_0027,2
48_patch_0012_0000,-1
48_patch_0012_0001,4
48_patch_0012_0002,3
48_patch_0012_0003,4
48_patch_0012_0004,-1
48_patch_0012_0005,2
48_patch_0012_0006,3
48_patch_0012_0007,4
48_patch_0012_0008,0
48_patch_0012_0009,2
48_patch_0012_0010,0
48_patch_0012_0011,2
48_patch_0012_0012,2
48_patch_0012_0013,3
48_patch_0012_0014,1
48_patch_0012_0015,4
48_patch_0012_0016,2
48_patch_0012_0017,0
48_patch_0012_0018,1
48_patch_0012_0019,1
48_patch_0012_0020,0
48_patch_0012_0021,3
48_patch_0012_0022,2
48_patch_0012_0023,1
48_patch_0012_0024,4
48_patch_0012_0025,0
48_patch_0012_0026,4
48_patch_0012_0027,4
48_patch_0013_0000,4
48_patch_0013_0001,1
48_patch_0013_0002,-1
48_patch_0013_0003,4
48_patch_0013_0004,-1
48_patch_0013_0005,2
48_patch_0013_0006,2
48_patch_0013_0007,3
48_patch_0013_0008,3
48_patch_0013_0009,3
48_patch_0013_0010,2
48_patch_0013_0011,1
48_patch_0013_0012,4
48_patch_0013_0013,2
48_patch_0013_0014,4
48_patch_0013_0015,2
48_patch_0013_0016,1
48_patch_0013_0017,4
48_patch_0013_0018,1
48_patch_0013_0019,0
48_patch_0013_0020,0
48_patch_0013_0021,1
48_patch_0013_0022,4
48_patch_0013_0023,2
48_patch_0013_0024,1
48_patch_0013_0025,3
48_patch_0013_0026,3
48_patch_0013_0027,4
48_patch_0014_0000,2
48_patch_0014_0001,3
48_patch_0014_0002,1
48_patch_0014_0003,2
48_patch_0014_0004,1
48_patch_0014_0005,3
48_patch_0014_0006,2
48_patch_0014_0007,4
48_patch_0014_0008,4
48_patch_0014_0009,1
48_patch_0014_0010,4
48_patch_0014_0011,2
48_patch_0014_0012,2
48_patch_0014_0013,2
48_patch_0014_0014,3
48_patch_0014_0015,0
48_patch_0014_0016,2
48_patch_0014_0017,0
48_patch_0014_0018,2
48_patch_0014_0019,1
48_patch_0014_0020,4
48_patch_0014_0021,2
48_patch_0014_0022,2
48_patch_0014_0023,4
48_patch_0014_0024,3
48_patch_0014_0025,4
48_patch_0014_0026,2
48_patch_0014_0027,1
48_patch_0015_0000,4
48_patch_0015_0001,3
48_patch_0015_0002,0
48_patch_0015_0003,-1
48_patch_0015_0004,1
48_patch_0015_0005,2
48_patch_0015_0006,2
48_patch_0015_0007,2
48_patch_0015_0008,1
48_patch_0015_0009,3
48_patch_0015_0010,-1
48_patch_0015_0011,4
48_patch_0015_0012,3
48_patch_0015_0013,0
48_patch_0015_0014,1
48_patch_0015_0015,2
48_patch_0015_0016,3
48_patch_0015_0017,-1
48_patch_0015_0018,3
48_patch_0015_0019,3
48_patch_0015_0020,3
48_patch_0015_0021,2
48_patch_0015_0022,2
48_patch_0015_0023,3
48_patch_0015_0024,4
48_patch_0015_0025,3
48_patch_0015_0026,0
48_patch_0015_0027,1
48_patch_0016_0000,3
48_patch_0016_0001,0
48_patch_0016_0002,2
48_patch_0016_0003,4
48_patch_0016_0004,2
48_patch_0016_0005,2
48_patch_0016_0006,1
48_patch_0016_0007,0
48_patch_0016_0008,2
48_patch_0016_0009,2
48_patch_0016_0010,-1
48_patch_0016_0011,1
48_patch_0016_0012,4
48_patch_0016_0013,-1
48_patch_0016_0014,3
48_patch_0016_0015,2
48_patch_0016_0016,0
48_patch_0016_0017,1
48_patch_0016_0018,0
48_patch_0016_0019,2
48_patch_0016_0020,1
48_patch_0016_0021,2
48_patch_0016_0022,4
48_patch_0016_0023,4
48_patch_0016_0024,1
48_patch_0016_0025,4
48_patch_0016_0026,4
48_patch_0016_0027,3
48_patch_0017_0000,4
48_patch_0017_0001,3
48_patch_0017_0002,2
48_patch_0017_0003,1
48_patch_0017_0004,2
48_patch_0017_0005,0
48_patch_0017_0006,3
48_patch_0017_0007,3
48_patch_0017_0008,0
48_patch_0017_0009,1
48_patch_0017_0010,3
48_patch_0017_0011,1
48_patch_0017_0012,3
48_patch_0017_0013,1
48_patch_0017_0014,1
48_patch_0017_0015,3
48_patch_0017_0016,1
48_patch_0017_0017,4
48_patch_0017_0018,4
48_patch_0017_0019,3
48_patch_0017_0020,3
48_patch_0017_0021,3
48_patch_0017_0022,3
48_patch_0017_0023,4
48_patch_0017_0024,-1
48_patch_0017_0025,3
48_patch_0017_0026,2
48_patch_0017_0027,2
48_patch_0018_0000,2
48_patch_0018_0001,1
48_patch_0018_0002,3
48_patch_0018_0003,4
48_patch_0018_0004,3
48_patch_0018_0005,2
48_patch_0018_0006,0
48_patch_0018_0007,1
48_patch_0018_0008,3
48_patch_0018_0009,0
48_patch_0018_0010,3
48_patch_0018_0011,2
48_patch_0018_0012,-1
48_patch_0018_0013,2
48_patch_0018_0014,1
48_patch_0018_0015,3
48_patch_0018_0016,4
48_patch_0018_0017,4
48_patch_0018_0018,2
48_patch_0018_0019,-1
48_patch_0018_0020,3
48_patch_0018_0021,1
48_patch_0018_0022,3
48_patch_0018_0023,4
48_patch_0018_0024,-1
48_patch_0018_0025,4
48_patch_0018_0026,-1
48_patch_0018_0027,2
48_patch_0019_0000,1
48_patch_0019_0001,3
48_patch_0019_0002,4
48_patch_0019_0003,4
48_patch_0019_0004,2
48_patch_0019_0005,1
48_patch_0019_0006,2
48_patch_0019_0007,1
48_patch_0019_0008,4
48_patch_0019_0009,3
48_patch_0019_0010,-1
48_patch_0019_0011,4
48_patch_0019_0012,-1
48_patch_0019_0013,1
48_patch_0019_0014,3
48_patch_0019_0015,1
48_patch_0019_0016,1
48_patch_0019_0017,2
48_patch_0019_0018,1
48_patch_0019_0019,0
48_patch_0019_0020,1
48_patch_0019_0021,3
48_patch_0019_0022,3
48_patch_0019_0023,0
48_patch_0019_0024,1
48_patch_0019_0025,3
48_patch_0019_0026,2
48_patch_0019_0027,0
49_patch_0000_0000,4
49_patch_0000_0001,3
49_patch_0000_0002,-1
49_patch_0000_0003,-1
49_patch_0000_0004,2
49_patch_0000_0005,0
49_patch_0000_0006,0
49_patch_0000_0007,0
49_patch_0000_0008,3
49_patch_0000_0009,1
49_patch_0000_0010,2
49_patch_0000_0011,4
49_patch_0000_0012,2
49_patch_0000_0013,2
49_patch_0000_0014,2
49_patch_0000_0015,2
49_patch_0000_0016,3
49_patch_0000_0017,3
49_patch_0000_0018,1
49_patch_0000_0019,4
49_patch_0000_0020,3
49_patch_0000_0021,1
49_patch_0000_0022,3
49_patch_0000_0023,-1
49_patch_0000_0024,4
49_patch_0000_0025,0
49_patch_0001_0000,4
49_patch_0001_0001,3
49_patch_0001_0002,0
49_patch_0001_0003,1
49_patch_0001_0004,4
49_patch_0001_0005,3
49_patch_0001_0006,2
49_patch_0001_0007,1
49_patch_0001_0008,3
49_patch_0001_0009,3
49_patch_0001_0010,4
49_patch_0001_0011,4
49_patch_0001_0012,1
49_patch_0001_0013,3
49_patch_0001_0014,3
49_patch_0001_0015,0
49_patch_0001_0016,1
49_patch_0001_0017,4
49_patch_0001_0018,1
49_patch_0001_0019,-1
49_patch_0001_0020,3
49_patch_0001_0021,1
49_patch_0001_0022,-1
49_patch_0001_0023,-1
49_patch_0001_0024,0
49_patch_0001_0025,3
49_patch_0002_0000,-1
49_patch_0002_0001,3
49_patch_0002_0002,2
49_patch_0002_0003,-1
49_patch_0002_0004,3
49_patch_0002_0005,1
49_patch_0002_0006,1
49_patch_0002_0007,4
49_patch_0002_0008,1
49_patch_0002_0009,1
49_patch_0002_0010,4
49_patch_0002_0011,2
49_patch_0002_0012,0
49_patch_0002_0013,4
49_patch_0002_0014,4
49_patch_0002_0015,0
49_patch_0002_0016,1
49_patch_0002_0017,4
49_patch_0002_0018,2
49_patch_0002_0019,1
49_patch_0002_0020,-1
49_patch_0002_0021,4
49_patch_0002_0022,3
49_patch_0002_0023,4
49_patch_0002_0024,2
49_patch_0002_0025,1
49_patch_0003_0000,1
49_patch_0003_0001,3
49_patch_0003_0002,4
49_patch_0003_0003,2
49_patch_0003_0004,1
49_patch_0003_0005,2
49_patch_0003_0006,1
49_patch_0003_0007,2
49_patch_0003_0008,2
49_patch_0003_0009,3
49_patch_0003_0010,1
49_patch_0003_0011,0
49_patch_0003_0012,3
49_patch_0003_0013,3
49_patch_0003_0014,3
49_patch_0003_0015,1
49_patch_0003_0016,3
49_patch_0003_0017,2
49_patch_0003_0018,1
49_patch_0003_0019,1
49_patch_0003_0020,-1
49_patch_0003_0021,1
49_patch_0003_0022,3
49_patch_0003_0023,-1
49_patch_0003_0024,0
49_patch_0003_0025,1
49_patch_0004_0000,2
49_patch_0004_0001,1
49_patch_0004_0002,2
49_patch_0004_0003,1
49_patch_0004_0004,3
49_patch_0004_0005,4
49_patch_0004_0006,1
49_patch_0004_0007,3
49_patch_0004_0008,3
49_patch_0004_0009,2
49_patch_0004_0010,2
49_patch_0004_0011,0
49_patch_0004_0012,3
49_patch_0004_0013,3
49_patch_0004_0014,1
49_patch_0004_0015,2
49_patch_0004_0016,3
49_patch_0004_0017,3
49_patch_0004_0018,4
49_patch_0004_0019,-1
49_patch_0004_0020,4
49_patch_0004_0021,2
49_patch_0004_0022,3
49_patch_0004_0023,4
49_patch_0004_0024,4
49_patch_0004_0025,1
49_patch_0005_0000,3
49_patch_0005_0001,4
49_patch_0005_0002,4
49_patch_0005_0003,0
49_patch_0005_0004,1
49_patch_0005_0005,1
49_patch_0005_0006,0
49_patch_0005_0007,0
49_patch_0005_0008,-1
49_patch_0005_0009,2
49_patch_0005_0010,1
49_patch_0005_0011,0
49_patch_0005_0012,0
49_patch_0005_0013,3
49_patch_0005_0014,2
49_patch_0005_0015,4
49_patch_0005_0016,1
49_patch_0005_0017,1
49_patch_0005_0018,1
49_patch_0005_0019,3
49_patch_0005_0020,1
49_patch_0005_0021,-1
49_patch_0005_0022,2
49_patch_0005_0023,2
49_patch_0005_0024,3
49_patch_0005_0025,1
49_patch_0006_0000,2
49_patch_0006_0001,2
49_patch_0006_0002,1
49_patch_0006_0003,2
49_patch_0006_0004,3
49_patch_0006_0005,3
49_patch_0006_0006,4
49_patch_0006_0007,1
49_patch_0006_0008,1
49_patch_0006_0009,3
49_patch_0006_0010,1
49_patch_0006_0011,0
49_patch_0006_0012,4
49_patch_0006_0013,3
49_patch_0006_0014,1
49_patch_0006_0015,2
49_patch_0006_0016,4
49_patch_0006_0017,1
49_patch_0006_0018,2
49_patch_0006_0019,1
49_patch_0006_0020,1
49_patch_0006_0021,4
49_patch_0006_0022,2
49_patch_0006_0023,3
49_patch_0006_0024,1
49_patch_0006_0025,2
49_patch_0007_0000,1
49_patch_0007_0001,4
49_patch_0007_0002,1
49_patch_0007_0003,1
49_patch_0007_0004,-1
49_patch_0007_0005,3
49_patch_0007_0006,2
49_patch_0007_0007,2
49_patch_0007_0008,3
49_patch_0007_0009,-1
49_patch_0007_0010,2
49_patch_0007_0011,0
49_patch_0007_0012,-1
49_patch_0007_0013,1
49_patch_0007_0014,4
49_patch_0007_0015,4
49_patch_0007_0016,4
49_patch_0007_0017,-1
49_patch_0007_0018,3
49_patch_0007_0019,3
49_patch_0007_0020,1
49_patch_0007_0021,4
49_patch_0007_0022,4
49_patch_0007_0023,3
49_patch_0007_0024,-1
49_patch_0007_0025,4
49_patch_0008_0000,3
49_patch_0008_0001,4
49_patch_0008_0002,2
49_patch_0008_0003,3
49_patch_0008_0004,3
49_patch_0008_0005,1
49_patch_0008_0006,1
49_patch_0008_0007,-1
49_patch_0008_0008,3
49_patch_0008_0009,4
49_patch_0008_0010,2
49_patch_0008_0011,4
49_patch_0008_0012,2
49_patch_0008_0013,2
49_patch_0008_0014,3
49_patch_0008_0015,4
49_patch_0008_0016,1
49_patch_0008_0017,1
49_patch_0008_0018,3
49_patch_0008_0019,3
49_patch_0008_0020,2
49_patch_0008_0021,4
49_patch_0008_0022,1
49_patch_0008_0023,4
49_patch_0008_0024,1
49_patch_0008_0025,1
49_patch_0009_0000,3
49_patch_0009_0001,2
49_patch_0009_0002,-1
49_patch_0009_0003,0
49_patch_0009_0004,1
49_patch_0009_0005,1
49_patch_0009_0006,2
49_patch_0009_0007,1
49_patch_0009_0008,3
49_patch_0009_0009,4
49_patch_0009_0010,0
49_patch_0009_0011,0
49_patch_0009_0012,1
49_patch_0009_0013,1
49_patch_0009_0014,4
49_patch_0009_0015,1
49_patch_0009_0016,4
49_patch_0009_0017,1
49_patch_0009_0018,-1
49_patch_0009_0019,3
49_patch_0009_0020,2
49_patch_0009_0021,3
49_patch_0009_0022,2
49_patch_0009_0023,4
49_patch_0009_0024,0
49_patch_0009_0025,0
49_patch_0010_0000,-1
49_patch_0010_0001,2
49_patch_0010_0002,2
49_patch_0010_0003,2
49_patch_0010_0004,3
49_patch_0010_0005,-1
49_patch_0010_0006,4
49_patch_0010_0007,4
49_patch_0010_0008,4
49_patch_0010_0009,4
49_patch_0010_0010,1
49_patch_0010_0011,1
49_patch_0010_0012,3
49_patch_0010_0013,4
49_patch_0010_0014,0
49_patch_0010_0015,-1
49_patch_0010_0016,1
49_patch_0010_0017,2
49_patch_0010_0018,-1
49_patch_0010_0019,2
49_patch_0010_0020,-1
49_patch_0010_0021,2
49_patch_0010_0022,3
49_patch_0010_0023,2
49_patch_0010_0024,4
49_patch_0010_0025,1
49_patch_0011_0000,2
49_patch_0011_0001,4
49_patch_0011_0002,3
49_patch_0011_0003,4
49_patch_0011_0004,2
49_patch_0011_0005,1
49_patch_0011_0006,0
49_patch_0011_0007,1
49_patch_0011_0008,4
49_patch_0011_0009,3
49_patch_0011_0010,1
49_patch_0011_0011,2
49_patch_0011_0012,-1
49_patch_0011_0013,4
49_patch_0011_0014,2
49_patch_0011_0015,2
49_patch_0011_0016,-1
49_patch_0011_0017,1
49_patch_0011_0018,4
49_patch_0011_0019,3
49_patch_0011_0020,4
49_patch_0011_0021,0
49_patch_0011_0022,3
49_patch_0011_0023,1
49_patch_0011_0024,3
49_patch_0011_0025,3
49_patch_0012_0000,4
49_patch_0012_0001,2
49_patch_0012_0002,3
49_patch_0012_0003,2
49_patch_0012_0004,3
49_patch_0012_0005,3
49_patch_0012_0006,1
49_patch_0012_0007,3
49_patch_0012_0008,0
49_patch_0012_0009,4
49_patch_0012_0010,4
49_patch_0012_0011,0
49_patch_0012_0012,0
49_patch_0012_0013,0
49_patch_0012_0014,1
49_patch_0012_0015,1
49_patch_0012_0016,4
49_patch_0012_0017,4
49_patch_0012_0018,-1
49_patch_0012_0019,4
49_patch_0012_0020,3
49_patch_0012_0021,1
49_patch_0012_0022,2
49_patch_0012_0023,2
49_patch_0012_0024,4
49_patch_0012_0025,1
49_patch_0013_0000,2
49_patch_0013_0001,1
49_patch_0013_0002,2
49_patch_0013_0003,1
49_patch_0013_0004,0
49_patch_0013_0005,1
49_patch_0013_0006,4
49_patch_0013_0007,4
49_patch_0013_0008,4
49_patch_0013_0009,4
49_patch_0013_0010,-1
49_patch_0013_0011,2
49_patch_0013_0012,-1
49_patch_0013_0013,4
49_patch_0013_0014,1
49_patch_0013_0015,4
49_patch_0013_0016,-1
49_patch_0013_0017,0
49_patch_0013_0018,4
49_patch_0013_0019,2
49_patch_0013_0020,1
49_patch_0013_0021,-1
49_patch_0013_0022,4
49_patch_0013_0023,4
49_patch_0013_0024,3
49_patch_0013_0025,1
49_patch_0014_0000,3
49_patch_0014_0001,4
49_patch_0014_0002,3
49_patch_0014_0003,2
49_patch_0014_0004,-1
49_patch_0014_0005,1
49_patch_0014_0006,1
49_patch_0014_0007,1
49_patch_0014_0008,4
49_patch_0014_0009,2
49_patch_0014_0010,2
49_patch_0014_0011,1
49_patch_0014_0012,4
49_patch_0014_0013,1
49_patch_0014_0014,1
49_patch_0014_0015,4
49_patch_0014_0016,1
49_patch_0014_0017,4
49_patch_0014_0018,4
49_patch_0014_0019,3
49_patch_0014_0020,4
49_patch_0014_0021,3
49_patch_0014_0022,0
49_patch_0014_0023,4
49_patch_0014_0024,2
49_patch_0014_0025,0
49_patch_0015_0000,4
49_patch_0015_0001,1
49_patch_0015_0002,3
49_patch_0015_0003,-1
49_patch_0015_0004,3
49_patch_0015_0005,0
49_patch_0015_0006,3
49_patch_0015_0007,2
49_patch_0015_0008,-1
49_patch_0015_0009,4
49_patch_0015_0010,1
49_patch_0015_0011,3
49_patch_0015_0012,-1
49_patch_0015_0013,4
49_patch_0015_0014,-1
49_patch_0015_0015,2
49_patch_0015_0016,2
49_patch_0015_0017,3
49_patch_0015_0018,2
49_patch_0015_0019,4
49_patch_0015_0020,1
49_patch_0015_0021,1
49_patch_0015_0022,-1
49_patch_0015_0023,1
49_patch_0015_0024,1
49_patch_0015_0025,3
49_patch_0016_0000,3
49_patch_0016_0001,-1
49_patch_0016_0002,2
49_patch_0016_0003,1
49_patch_0016_0004,1
49_patch_0016_0005,-1
49_patch_0016_0006,2
49_patch_0016_0007,3
49_patch_0016_0008,4
49_patch_0016_0009,3
49_patch_0016_0010,3
49_patch_0016_0011,0
49_patch_0016_0012,3
49_patch_0016_0013,1
49_patch_0016_0014,1
49_patch_0016_0015,3
49_patch_0016_0016,4
49_patch_0016_0017,3
49_patch_0016_0018,3
49_patch_0016_0019,-1
49_patch_0016_0020,3
49_patch_0016_0021,-1
49_patch_0016_0022,3
49_patch_0016_0023,2
49_patch_0016_0024,0
49_patch_0016_0025,3
49_patch_0017_0000,2
49_patch_0017_0001,-1
49_patch_0017_0002,-1
49_patch_0017_0003,4
49_patch_0017_0004,3
49_patch_0017_0005,4
49_patch_0017_0006,4
49_patch_0017_0007,1
49_patch_0017_0008,3
49_patch_0017_0009,-1
49_patch_0017_0010,2
49_patch_0017_0011,2
49_patch_0017_0012,4
49_patch_0017_0013,1
49_patch_0017_0014,3
49_patch_0017_0015,3
49_patch_0017_0016,1
49_patch_0017_0017,4
49_patch_0017_0018,3
49_patch_0017_0019,1
49_patch_0017_0020,3
49_patch_0017_0021,1
49_patch_0017_0022,4
49_patch_0017_0023,2
49_patch_0017_0024,-1
49_patch_0017_0025,-1
49_patch_0018_0000,2
49_patch_0018_0001,3
49_patch_0018_0002,4
49_patch_0018_0003,0
49_patch_0018_0004,1
49_patch_0018_0005,3
49_patch_0018_0006,3
49_patch_0018_0007,3
49_patch_0018_0008,2
49_patch_0018_0009,3
49_patch_0018_0010,2
49_patch_0018_0011,1
49_patch_0018_0012,1
49_patch_0018_0013,0
49_patch_0018_0014,4
49_patch_0018_0015,1
49_patch_0018_0016,1
49_patch_0018_0017,-1
49_patch_0018_0018,3
49_patch_0018_0019,3
49_patch_0018_0020,3
49_patch_0018_0021,1
49_patch_0018_0022,1
49_patch_0018_0023,2
49_patch_0018_0024,2
49_patch_0018_0025,3
49_patch_0019_0000,1
49_patch_0019_0001,1
49_patch_0019_0002,1
49_patch_0019_0003,1
49_patch_0019_0004,2
49_patch_0019_0005,4
49_patch_0019_0006,1
49_patch_0019_0007,2
49_patch_0019_0008,1
49_patch_0019_0009,1
49_patch_0019_0010,-1
49_patch_0019_0011,2
49_patch_0019_0012,4
49_patch_0019_0013,4
49_patch_0019_0014,2
49_patch_0019_0015,1
49_patch_0019_0016,3
49_patch_0019_0017,1
49_patch_0019_0018,0
49_patch_0019_0019,2
49_patch_0019_0020,4
49_patch_0019_0021,2
49_patch_0019_0022,2
49_patch_0019_0023,-1
49_patch_0019_0024,3
49_patch_0019_0025,4
49_patch_0020_0000,4
49_patch_0020_0001,0
49_patch_0020_0002,2
49_patch_0020_0003,1
49_patch_0020_0004,2
49_patch_0020_0005,-1
49_patch_0020_0006,4
49_patch_0020_0007,4
49_patch_0020_0008,3
49_patch_0020_0009,2
49_patch_0020_0010,1
49_patch_0020_0011,3
49_patch_0020_0012,1
49_patch_0020_0013,1
49_patch_0020_0014,4
49_patch_0020_0015,1
49_patch_0020_0016,2
49_patch_0020_0017,4
49_patch_0020_0018,-1
49_patch_0020_0019,2
49_patch_0020_0020,2
49_patch_0020_0021,1
49_patch_0020_0022,0
49_patch_0020_0023,3
49_patch_0020_0024,3
49_patch_0020_0025,2
49_patch_0021_0000,3
49_patch_0021_0001,3
49_patch_0021_0002,2
49_patch_0021_0003,-1
49_patch_0021_0004,0
49_patch_0021_0005,3
49_patch_0021_0006,1
49_patch_0021_0007,2
49_patch_0021_0008,4
49_patch_0021_0009,0
49_patch_0021_0010,3
49_patch_0021_0011,3
49_patch_0021_0012,3
49_patch_0021_0013,3
49_patch_0021_0014,3
49_patch_0021_0015,-1
49_patch_0021_0016,2
49_patch_0021_0017,2
49_patch_0021_0018,1
49_patch_0021_0019,4
49_patch_0021_0020,3
49_patch_0021_0021,4
49_patch_0021_0022,2
49_patch_0021_0023,3
49_patch_0021_0024,1
49_patch_0021_0025,1
4_patch_0000_0000,1
4_patch_0000_0001,0
4_patch_0000_0002,3
4_patch_0000_0003,4
4_patch_0000_0004,4
4_patch_0000_0005,2
4_patch_0000_0006,2
4_patch_0000_0007,4
4_patch_0000_0008,3
4_patch_0000_0009,2
4_patch_0000_0010,2
4_patch_0000_0011,3
4_patch_0000_0012,-1
4_patch_0000_0013,3
4_patch_0000_0014,4
4_patch_0000_0015,0
4_patch_0000_0016,1
4_patch_0000_0017,4
4_patch_0000_0018,0
4_patch_0000_0019,1
4_patch_0000_0020,0
4_patch_0000_0021,4
4_patch_0000_0022,4
4_patch_0000_0023,3
4_patch_0001_0000,-1
4_patch_0001_0001,2
4_patch_0001_0002,-1
4_patch_0001_0003,2
4_patch_0001_0004,3
4_patch_0001_0005,0
4_patch_0001_0006,1
4_patch_0001_0007,0
4_patch_0001_0008,4
4_patch_0001_0009,0
4_patch_0001_0010,-1
4_patch_0001_0011,-1
4_patch_0001_0012,1
4_patch_0001_0013,1
4_patch_0001_0014,1
4_patch_0001_0015,2
4_patch_0001_0016,1
4_patch_0001_0017,1
4_patch_0001_0018,-1
4_patch_0001_0019,3
4_patch_0001_0020,4
4_patch_0001_0021,1
4_patch_0001_0022,-1
4_patch_0001_0023,1
4_patch_0002_0000,2
4_patch_0002_0001,2
4_patch_0002_0002,0
4_patch_0002_0003,-1
4_patch_0002_0004,2
4_patch_0002_0005,0
4_patch_0002_0006,3
4_patch_0002_0007,4
4_patch_0002_0008,2
4_patch_0002_0009,4
4_patch_0002_0010,1
4_patch_0002_0011,1
4_patch_0002_0012,1
4_patch_0002_0013,0
4_patch_0002_0014,2
4_patch_0002_0015,3
4_patch_0002_0016,2
4_patch_0002_0017,4
4_patch_0002_0018,0
4_patch_0002_0019,2
4_patch_0002_0020,4
4_patch_0002_0021,-1
4_patch_0002_0022,2
4_patch_0002_0023,2
4_patch_0003_0000,4
4_patch_0003_0001,2
4_patch_0003_0002,2
4_patch_0003_0003,4
4_patch_0003_0004,3
4_patch_0003_0005,1
4_patch_0003_0006,1
4_patch_0003_0007,2
4_patch_0003_0008,1
4_patch_0003_0009,3
4_patch_0003_0010,1
4_patch_0003_0011,0
4_patch_0003_0012,1
4_patch_0003_0013,1
4_patch_0003_0014,2
4_patch_0003_0015,3
4_patch_0003_0016,3
4_patch_0003_0017,3
4_patch_0003_0018,4
4_patch_0003_0019,1
4_patch_0003_0020,4
4_patch_0003_0021,3
4_patch_0003_0022,2
4_patch_0003_0023,4
4_patch_0004_0000,2
4_patch_0004_0001,3
4_patch_0004_0002,3
4_patch_0004_0003,3
4_patch_0004_0004,1
4_patch_0004_0005,2
4_patch_0004_0006,1
4_patch_0004_0007,1
4_patch_0004_0008,3
4_patch_0004_0009,2
4_patch_0004_0010,4
4_patch_0004_0011,3
4_patch_0004_0012,3
4_patch_0004_0013,0
4_patch_0004_0014,3
4_patch_0004_0015,-1
4_patch_0004_0016,2
4_patch_0004_0017,1
4_patch_0004_0018,-1
4_patch_0004_0019,3
4_patch_0004_0020,1
4_patch_0004_0021,4
4_patch_0004_0022,4
4_patch_0004_0023,-1
4_patch_0005_0000,3
4_patch_0005_0001,1
4_patch_0005_0002,0
4_patch_0005_0003,4
4_patch_0005_0004,1
4_patch_0005_0005,1
4_patch_0005_0006,3
4_patch_0005_0007,4
4_patch_0005_0008,0
4_patch_0005_0009,2
4_patch_0005_0010,4
4_patch_0005_0011,1
4_patch_0005_0012,2
4_patch_0005_0013,-1
4_patch_0005_0014,4
4_patch_0005_0015,1
4_patch_0005_0016,2
4_patch_0005_0017,0
4_patch_0005_0018,0
4_patch_0005_0019,3
4_patch_0005_0020,1
4_patch_0005_0021,1
4_patch_0005_0022,1
4_patch_0005_0023,3
4_patch_0006_0000,-1
4_patch_0006_0001,3
4_patch_0006_0002,2
4_patch_0006_0003,-1
4_patch_0006_0004,4
4_patch_0006_0005,2
4_patch_0006_0006,3
4_patch_0006_0007,-1
4_patch_0006_0008,3
4_patch_0006_0009,3
4_patch_0006_0010,4
4_patch_0006_0011,1
4_patch_0006_0012,-1
4_patch_0006_0013,3
4_patch_0006_0014,1
4_patch_0006_0015,4
4_patch_0006_0016,1
4_patch_0006_0017,2
4_patch_0006_0018,0
4_patch_0006_0019,4
4_patch_0006_0020,1
4_patch_0006_0021,1
4_patch_0006_0022,0
4_patch_0006_0023,3
4_patch_0007_0000,-1
4_patch_0007_0001,4
4_patch_0007_0002,4
4_patch_0007_0003,1
4_patch_0007_0004,4
4_patch_0007_0005,4
4_patch_0007_0006,3
4_patch_0007_0007,2
4_patch_0007_0008,1
4_patch_0007_0009,3
4_patch_0007_0010,2
4_patch_0007_0011,1
4_patch_0007_0012,4
4_patch_0007_0013,-1
4_patch_0007_0014,4
4_patch_0007_0015,2
4_patch_0007_0016,4
4_patch_0007_0017,-1
4_patch_0007_0018,3
4_patch_0007_0019,1
4_patch_0007_0020,-1
4_patch_0007_0021,2
4_patch_0007_0022,3
4_patch_0007_0023,3
4_patch_0008_0000,1
4_patch_0008_0001,4
4_patch_0008_0002,2
4_patch_0008_0003,1
4_patch_0008_0004,2
4_patch_0008_0005,1
4_patch_0008_0006,3
4_patch_0008_0007,1
4_patch_0008_0008,0
4_patch_0008_0009,-1
4_patch_0008_0010,1
4_patch_0008_0011,1
4_patch_0008_0012,2
4_patch_0008_0013,0
4_patch_0008_0014,3
4_patch_0008_0015,0
4_patch_0008_0016,3
4_patch_0008_0017,3
4_patch_0008_0018,3
4_patch_0008_0019,2
4_patch_0008_0020,3
4_patch_0008_0021,4
4_patch_0008_0022,3
4_patch_0008_0023,4
4_patch_0009_0000,4
4_patch_0009_0001,0
4_patch_0009_0002,2
4_patch_0009_0003,-1
4_patch_0009_0004,3
4_patch_0009_0005,4
4_patch_0009_0006,4
4_patch_0009_0007,2
4_patch_0009_0008,4
4_patch_0009_0009,-1
4_patch_0009_0010,3
4_patch_0009_0011,2
4_patch_0009_0012,3
4_patch_0009_0013,0
4_patch_0009_0014,2
4_patch_0009_0015,2
4_patch_0009_0016,4
4_patch_0009_0017,4
4_patch_0009_0018,1
4_patch_0009_0019,2
4_patch_0009_0020,1
4_patch_0009_0021,0
4_patch_0009_0022,2
4_patch_0009_0023,0
4_patch_0010_0000,4
4_patch_0010_0001,1
4_patch_0010_0002,4
4_patch_0010_0003,3
4_patch_0010_0004,2
4_patch_0010_0005,3
4_patch_0010_0006,-1
4_patch_0010_0007,1
4_patch_0010_0008,1
4_patch_0010_0009,3
4_patch_0010_0010,2
4_patch_0010_0011,-1
4_patch_0010_0012,4
4_patch_0010_0013,3
4_patch_0010_0014,-1
4_patch_0010_0015,0
4_patch_0010_0016,2
4_patch_0010_0017,4
4_patch_0010_0018,4
4_patch_0010_0019,-1
4_patch_0010_0020,1
4_patch_0010_0021,3
4_patch_0010_0022,-1
4_patch_0010_0023,3
4_patch_0011_0000,2
4_patch_0011_0001,1
4_patch_0011_0002,2
4_patch_0011_0003,3
4_patch_0011_0004,1
4_patch_0011_0005,3
4_patch_0011_0006,1
4_patch_0011_0007,1
4_patch_0011_0008,0
4_patch_0011_0009,1
4_patch_0011_0010,3
4_patch_0011_0011,1
4_patch_0011_0012,4
4_patch_0011_0013,3
4_patch_0011_0014,4
4_patch_0011_0015,3
4_patch_0011_0016,3
4_patch_0011_0017,2
4_patch_0011_0018,-1
4_patch_0011_0019,-1
4_patch_0011_0020,4
4_patch_0011_0021,1
4_patch_0011_0022,4
4_patch_0011_0023,-1
4_patch_0012_0000,0
4_patch_0012_0001,3
4_patch_0012_0002,3
4_patch_0012_0003,4
4_patch_0012_0004,0
4_patch_0012_0005,4
4_patch_0012_0006,3
4_patch_0012_0007,4
4_patch_0012_0008,0
4_patch_0012_0009,3
4_patch_0012_0010,0
4_patch_0012_0011,4
4_patch_0012_0012,-1
4_patch_0012_0013,2
4_patch_0012_0014,0
4_patch_0012_0015,2
4_patch_0012_0016,3
4_patch_0012_0017,2
4_patch_0012_0018,-1
4_patch_0012_0019,4
4_patch_0012_0020,4
4_patch_0012_0021,3
4_patch_0012_0022,0
4_patch_0012_0023,-1
4_patch_0013_0000,0
4_patch_0013_0001,-1
4_patch_0013_0002,1
4_patch_0013_0003,3
4_patch_0013_0004,3
4_patch_0013_0005,3
4_patch_0013_0006,3
4_patch_0013_0007,1
4_patch_0013_0008,-1
4_patch_0013_0009,3
4_patch_0013_0010,0
4_patch_0013_0011,0
4_patch_0013_0012,4
4_patch_0013_0013,2
4_patch_0013_0014,-1
4_patch_0013_0015,0
4_patch_0013_0016,3
4_patch_0013_0017,-1
4_patch_0013_0018,3
4_patch_0013_0019,4
4_patch_0013_0020,3
4_patch_0013_0021,1
4_patch_0013_0022,1
4_patch_0013_0023,0
4_patch_0014_0000,2
4_patch_0014_0001,4
4_patch_0014_0002,0
4_patch_0014_0003,1
4_patch_0014_0004,0
4_patch_0014_0005,1
4_patch_0014_0006,3
4_patch_0014_0007,0
4_patch_0014_0008,-1
4_patch_0014_0009,3
4_patch_0014_0010,3
4_patch_0014_0011,2
4_patch_0014_0012,1
4_patch_0014_0013,3
4_patch_0014_0014,1
4_patch_0014_0015,1
4_patch_0014_0016,3
4_patch_0014_0017,3
4_patch_0014_0018,1
4_patch_0014_0019,3
4_patch_0014_0020,3
4_patch_0014_0021,4
4_patch_0014_0022,4
4_patch_0014_0023,-1
4_patch_0015_0000,4
4_patch_0015_0001,4
4_patch_0015_0002,1
4_patch_0015_0003,1
4_patch_0015_0004,0
4_patch_0015_0005,1
4_patch_0015_0006,1
4_patch_0015_0007,2
4_patch_0015_0008,4
4_patch_0015_0009,1
4_patch_0015_0010,-1
4_patch_0015_0011,2
4_patch_0015_0012,4
4_patch_0015_0013,0
4_patch_0015_0014,0
4_patch_0015_0015,4
4_patch_0015_0016,3
4_patch_0015_0017,2
4_patch_0015_0018,1
4_patch_0015_0019,3
4_patch_0015_0020,1
4_patch_0015_0021,4
4_patch_0015_0022,4
4_patch_0015_0023,0
4_patch_0016_0000,4
4_patch_0016_0001,4
4_patch_0016_0002,2
4_patch_0016_0003,-1
4_patch_0016_0004,3
4_patch_0016_0005,0
4_patch_0016_0006,4
4_patch_0016_0007,3
4_patch_0016_0008,2
4_patch_0016_0009,1
4_patch_0016_0010,3
4_patch_0016_0011,4
4_patch_0016_0012,-1
4_patch_0016_0013,4
4_patch_0016_0014,4
4_patch_0016_0015,1
4_patch_0016_0016,2
4_patch_0016_0017,2
4_patch_0016_0018,3
4_patch_0016_0019,2
4_patch_0016_0020,1
4_patch_0016_0021,4
4_patch_0016_0022,4
4_patch_0016_0023,-1
4_patch_0017_0000,4
4_patch_0017_0001,-1
4_patch_0017_0002,1
4_patch_0017_0003,0
4_patch_0017_0004,2
4_patch_0017_0005,3
4_patch_0017_0006,1
4_patch_0017_0007,3
4_patch_0017_0008,2
4_patch_0017_0009,4
4_patch_0017_0010,-1
4_patch_0017_0011,3
4_patch_0017_0012,3
4_patch_0017_0013,1
4_patch_0017_0014,0
4_patch_0017_0015,3
4_patch_0017_0016,2
4_patch_0017_0017,4
4_patch_0017_0018,4
4_patch_0017_0019,3
4_patch_0017_0020,1
4_patch_0017_0021,3
4_patch_0017_0022,3
4_patch_0017_0023,4
4_patch_0018_0000,2
4_patch_0018_0001,2
4_patch_0018_0002,4
4_patch_0018_0003,4
4_patch_0018_0004,3
4_patch_0018_0005,2
4_patch_0018_0006,0
4_patch_0018_0007,3
4_patch_0018_0008,1
4_patch_0018_0009,3
4_patch_0018_0010,2
4_patch_0018_0011,-1
4_patch_0018_0012,2
4_patch_0018_0013,1
4_patch_0018_0014,1
4_patch_0018_0015,3
4_patch_0018_0016,4
4_patch_0018_0017,3
4_patch_0018_0018,0
4_patch_0018_0019,1
4_patch_0018_0020,2
4_patch_0018_0021,1
4_patch_0018_0022,4
4_patch_0018_0023,3
5_patch_0000_0000,2
5_patch_0000_0001,3
5_patch_0000_0002,-1
5_patch_0000_0003,2
5_patch_0000_0004,0
5_patch_0000_0005,1
5_patch_0000_0006,2
5_patch_0000_0007,-1
5_patch_0000_0008,3
5_patch_0000_0009,2
5_patch_0000_0010,0
5_patch_0000_0011,0
5_patch_0000_0012,2
5_patch_0000_0013,-1
5_patch_0000_0014,2
5_patch_0000_0015,2
5_patch_0000_0016,1
5_patch_0000_0017,4
5_patch_0000_0018,1
5_patch_0000_0019,4
5_patch_0000_0020,4
5_patch_0000_0021,3
5_patch_0000_0022,1
5_patch_0000_0023,0
5_patch_0000_0024,0
5_patch_0000_0025,1
5_patch_0000_0026,0
5_patch_0000_0027,-1
5_patch_0001_0000,4
5_patch_0001_0001,-1
5_patch_0001_0002,4
5_patch_0001_0003,4
5_patch_0001_0004,-1
5_patch_0001_0005,-1
5_patch_0001_0006,3
5_patch_0001_0007,4
5_patch_0001_0008,2
5_patch_0001_0009,4
5_patch_0001_0010,1
5_patch_0001_0011,2
5_patch_0001_0012,3
5_patch_0001_0013,1
5_patch_0001_0014,4
5_patch_0001_0015,2
5_patch_0001_0016,2
5_patch_0001_0017,3
5_patch_0001_0018,1
5_patch_0001_0019,1
5_patch_0001_0020,1
5_patch_0001_0021,2
5_patch_0001_0022,1
5_patch_0001_0023,4
5_patch_0001_0024,3
5_patch_0001_0025,3
5_patch_0001_0026,2
5_patch_0001_0027,4
5_patch_0002_0000,3
5_patch_0002_0001,3
5_patch_0002_0002,4
5_patch_0002_0003,1
5_patch_0002_0004,2
5_patch_0002_0005,2
5_patch_0002_0006,2
5_patch_0002_0007,4
5_patch_0002_0008,1
5_patch_0002_0009,-1
5_patch_0002_0010,2
5_patch_0002_0011,1
5_patch_0002_0012,0
5_patch_0002_0013,4
5_patch_0002_0014,3
5_patch_0002_0015,2
5_patch_0002_0016,1
5_patch_0002_0017,1
5_patch_0002_0018,0
5_patch_0002_0019,4
5_patch_0002_0020,2
5_patch_0002_0021,4
5_patch_0002_0022,1
5_patch_0002_0023,0
5_patch_0002_0024,4
5_patch_0002_0025,4
5_patch_0002_0026,2
5_patch_0002_0027,1
5_patch_0003_0000,0
5_patch_0003_0001,0
5_patch_0003_0002,3
5_patch_0003_0003,3
5_patch_0003_0004,3
5_patch_0003_0005,1
5_patch_0003_0006,2
5_patch_0003_0007,0
5_patch_0003_0008,0
5_patch_0003_0009,4
5_patch_0003_0010,-1
5_patch_0003_0011,0
5_patch_0003_0012,0
5_patch_0003_0013,3
5_patch_0003_0014,0
5_patch_0003_0015,0
5_patch_0003_0016,2
5_patch_0003_0017,1
5_patch_0003_0018,4
5_patch_0003_0019,2
5_patch_0003_0020,4
5_patch_0003_0021,1
5_patch_0003_0022,0
5_patch_0003_0023,-1
5_patch_0003_0024,1
5_patch_0003_0025,3
5_patch_0003_0026,4
5_patch_0003_0027,-1
5_patch_0004_0000,1
5_patch_0004_0001,3
5_patch_0004_0002,2
5_patch_0004_0003,1
5_patch_0004_0004,2
5_patch_0004_0005,2
5_patch_0004_0006,1
5_patch_0004_0007,3
5_patch_0004_0008,1
5_patch_0004_0009,4
5_patch_0004_0010,3
5_patch_0004_0011,-1
5_patch_0004_0012,3
5_patch_0004_0013,3
5_patch_0004_0014,1
5_patch_0004_0015,4
5_patch_0004_0016,1
5_patch_0004_0017,4
5_patch_0004_0018,4
5_patch_0004_0019,3
5_patch_0004_0020,2
5_patch_0004_0021,1
5_patch_0004_0022,4
5_patch_0004_0023,1
5_patch_0004_0024,1
5_patch_0004_0025,-1
5_patch_0004_0026,4
5_patch_0004_0027,1
5_patch_0005_0000,-1
5_patch_0005_0001,2
5_patch_0005_0002,4
5_patch_0005_0003,3
5_patch_0005_0004,0
5_patch_0005_0005,1
5_patch_0005_0006,1
5_patch_0005_0007,0
5_patch_0005_0008,4
5_patch_0005_0009,1
5_patch_0005_0010,3
5_patch_0005_0011,4
5_patch_0005_0012,4
5_patch_0005_0013,2
5_patch_0005_0014,1
5_patch_0005_0015,2
5_patch_0005_0016,0
5_patch_0005_0017,1
5_patch_0005_0018,0
5_patch_0005_0019,4
5_patch_0005_0020,3
5_patch_0005_0021,1
5_patch_0005_0022,3
5_patch_0005_0023,2
5_patch_0005_0024,2
5_patch_0005_0025,4
5_patch_0005_0026,3
5_patch_0005_0027,4
5_patch_0006_0000,4
5_patch_0006_0001,1
5_patch_0006_0002,3
5_patch_0006_0003,2
5_patch_0006_0004,2
5_patch_0006_0005,4
5_patch_0006_0006,1
5_patch_0006_0007,3
5_patch_0006_0008,4
5_patch_0006_0009,-1
5_patch_0006_0010,2
5_patch_0006_0011,3
5_patch_0006_0012,4
5_patch_0006_0013,1
5_patch_0006_0014,0
5_patch_0006_0015,4
5_patch_0006_0016,1
5_patch_0006_0017,3
5_patch_0006_0018,4
5_patch_0006_0019,2
5_patch_0006_0020,3
5_patch_0006_0021,4
5_patch_0006_0022,2
5_patch_0006_0023,-1
5_patch_0006_0024,2
5_patch_0006_0025,4
5_patch_0006_0026,3
5_patch_0006_0027,2
5_patch_0007_0000,1
5_patch_0007_0001,2
5_patch_0007_0002,2
5_patch_0007_0003,3
5_patch_0007_0004,1
5_patch_0007_0005,3
5_patch_0007_0006,3
5_patch_0007_0007,4
5_patch_0007_0008,3
5_patch_0007_0009,1
5_patch_0007_0010,3
5_patch_0007_0011,4
5_patch_0007_0012,2
5_patch_0007_0013,-1
5_patch_0007_0014,4
5_patch_0007_0015,0
5_patch_0007_0016,2
5_patch_0007_0017,1
5_patch_0007_0018,0
5_patch_0007_0019,-1
5_patch_0007_0020,3
5_patch_0007_0021,-1
5_patch_0007_0022,1
5_patch_0007_0023,3
5_patch_0007_0024,3
5_patch_0007_0025,4
5_patch_0007_0026,-1
5_patch_0007_0027,4
5_patch_0008_0000,1
5_patch_0008_0001,3
5_patch_0008_0002,1
5_patch_0008_0003,3
5_patch_0008_0004,2
5_patch_0008_0005,1
5_patch_0008_0006,0
5_patch_0008_0007,-1
5_patch_0008_0008,3
5_patch_0008_0009,1
5_patch_0008_0010,3
5_patch_0008_0011,0
5_patch_0008_0012,3
5_patch_0008_0013,3
5_patch_0008_0014,1
5_patch_0008_0015,0
5_patch_0008_0016,4
5_patch_0008_0017,4
5_patch_0008_0018,4
5_patch_0008_0019,4
5_patch_0008_0020,3
5_patch_0008_0021,1
5_patch_0008_0022,0
5_patch_0008_0023,1
5_patch_0008_0024,1
5_patch_0008_0025,2
5_patch_0008_0026,1
5_patch_0008_0027,1
5_patch_0009_0000,0
5_patch_0009_0001,1
5_patch_0009_0002,3
5_patch_0009_0003,1
5_patch_0009_0004,3
5_patch_0009_0005,2
5_patch_0009_0006,1
5_patch_0009_0007,3
5_patch_0009_0008,4
5_patch_0009_0009,4
5_patch_0009_0010,2
5_patch_0009_0011,4
5_patch_0009_0012,1
5_patch_0009_0013,2
5_patch_0009_0014,2
5_patch_0009_0015,0
5_patch_0009_0016,2
5_patch_0009_0017,3
5_patch_0009_0018,1
5_patch_0009_0019,0
5_patch_0009_0020,4
5_patch_0009_0021,3
5_patch_0009_0022,3
5_patch_0009_0023,4
5_patch_0009_0024,1
5_patch_0009_0025,3
5_patch_0009_0026,4
5_patch_0009_0027,2
5_patch_0010_0000,3
5_patch_0010_0001,1
5_patch_0010_0002,2
5_patch_0010_0003,2
5_patch_0010_0004,1
5_patch_0010_0005,2
5_patch_0010_0006,4
5_patch_0010_0007,4
5_patch_0010_0008,3
5_patch_0010_0009,1
5_patch_0010_0010,2
5_patch_0010_0011,2
5_patch_0010_0012,1
5_patch_0010_0013,2
5_patch_0010_0014,1
5_patch_0010_0015,2
5_patch_0010_0016,4
5_patch_0010_0017,3
5_patch_0010_0018,3
5_patch_0010_0019,1
5_patch_0010_0020,-1
5_patch_0010_0021,1
5_patch_0010_0022,4
5_patch_0010_0023,2
5_patch_0010_0024,2
5_patch_0010_0025,3
5_patch_0010_0026,-1
5_patch_0010_0027,-1
5_patch_0011_0000,4
5_patch_0011_0001,0
5_patch_0011_0002,4
5_patch_0011_0003,2
5_patch_0011_0004,1
5_patch_0011_0005,1
5_patch_0011_0006,2
5_patch_0011_0007,0
5_patch_0011_0008,2
5_patch_0011_0009,-1
5_patch_0011_0010,3
5_patch_0011_0011,3
5_patch_0011_0012,4
5_patch_0011_0013,3
5_patch_0011_0014,3
5_patch_0011_0015,1
5_patch_0011_0016,3
5_patch_0011_0017,2
5_patch_0011_0018,0
5_patch_0011_0019,4
5_patch_0011_0020,3
5_patch_0011_0021,1
5_patch_0011_0022,1
5_patch_0011_0023,3
5_patch_0011_0024,3
5_patch_0011_0025,4
5_patch_0011_0026,4
5_patch_0011_0027,1
5_patch_0012_0000,-1
5_patch_0012_0001,1
5_patch_0012_0002,2
5_patch_0012_0003,4
5_patch_0012_0004,4
5_patch_0012_0005,3
5_patch_0012_0006,4
5_patch_0012_0007,4
5_patch_0012_0008,2
5_patch_0012_0009,4
5_patch_0012_0010,2
5_patch_0012_0011,3
5_patch_0012_0012,4
5_patch_0012_0013,2
5_patch_0012_0014,-1
5_patch_0012_0015,2
5_patch_0012_0016,0
5_patch_0012_0017,2
5_patch_0012_0018,0
5_patch_0012_0019,2
5_patch_0012_0020,4
5_patch_0012_0021,1
5_patch_0012_0022,1
5_patch_0012_0023,2
5_patch_0012_0024,4
5_patch_0012_0025,3
5_patch_0012_0026,1
5_patch_0012_0027,3
5_patch_0013_0000,4
5_patch_0013_0001,4
5_patch_0013_0002,4
5_patch_0013_0003,3
5_patch_0013_0004,1
5_patch_0013_0005,2
5_patch_0013_0006,0
5_patch_0013_0007,0
5_patch_0013_0008,1
5_patch_0013_0009,1
5_patch_0013_0010,2
5_patch_0013_0011,0
5_patch_0013_0012,4
5_patch_0013_0013,0
5_patch_0013_0014,3
5_patch_0013_0015,2
5_patch_0013_0016,-1
5_patch_0013_0017,2
5_patch_0013_0018,3
5_patch_0013_0019,3
5_patch_0013_0020,3
5_patch_0013_0021,3
5_patch_0013_0022,0
5_patch_0013_0023,4
5_patch_0013_0024,-1
5_patch_0013_0025,3
5_patch_0013_0026,3
5_patch_0013_0027,2
5_patch_0014_0000,3
5_patch_0014_0001,4
5_patch_0014_0002,-1
5_patch_0014_0003,-1
5_patch_0014_0004,4
5_patch_0014_0005,3
5_patch_0014_0006,4
5_patch_0014_0007,1
5_patch_0014_0008,4
5_patch_0014_0009,2
5_patch_0014_0010,1
5_patch_0014_0011,3
5_patch_0014_0012,0
5_patch_0014_0013,2
5_patch_0014_0014,1
5_patch_0014_0015,3
5_patch_0014_0016,1
5_patch_0014_0017,-1
5_patch_0014_0018,4
5_patch_0014_0019,0
5_patch_0014_0020,2
5_patch_0014_0021,3
5_patch_0014_0022,2
5_patch_0014_0023,2
5_patch_0014_0024,0
5_patch_0014_0025,4
5_patch_0014_0026,2
5_patch_0014_0027,1
5_patch_0015_0000,4
5_patch_0015_0001,3
5_patch_0015_0002,-1
5_patch_0015_0003,3
5_patch_0015_0004,3
5_patch_0015_0005,3
5_patch_0015_0006,2
5_patch_0015_0007,4
5_patch_0015_0008,3
5_patch_0015_0009,1
5_patch_0015_0010,4
5_patch_0015_0011,1
5_patch_0015_0012,2
5_patch_0015_0013,3
5_patch_0015_0014,1
5_patch_0015_0015,1
5_patch_0015_0016,2
5_patch_0015_0017,1
5_patch_0015_0018,2
5_patch_0015_0019,4
5_patch_0015_0020,3
5_patch_0015_0021,4
5_patch_0015_0022,3
5_patch_0015_0023,3
5_patch_0015_0024,3
5_patch_0015_0025,1
5_patch_0015_0026,1
5_patch_0015_0027,-1
5_patch_0016_0000,0
5_patch_0016_0001,3
5_patch_0016_0002,2
5_patch_0016_0003,1
5_patch_0016_0004,3
5_patch_0016_0005,4
5_patch_0016_0006,3
5_patch_0016_0007,3
5_patch_0016_0008,4
5_patch_0016_0009,2
5_patch_0016_0010,1
5_patch_0016_0011,1
5_patch_0016_0012,-1
5_patch_0016_0013,3
5_patch_0016_0014,3
5_patch_0016_0015,4
5_patch_0016_0016,1
5_patch_0016_0017,4
5_patch_0016_0018,3
5_patch_0016_0019,4
5_patch_0016_0020,0
5_patch_0016_0021,1
5_patch_0016_0022,4
5_patch_0016_0023,2
5_patch_0016_0024,4
5_patch_0016_0025,3
5_patch_0016_0026,1
5_patch_0016_0027,2
5_patch_0017_0000,1
5_patch_0017_0001,0
5_patch_0017_0002,1
5_patch_0017_0003,4
5_patch_0017_0004,-1
5_patch_0017_0005,-1
5_patch_0017_0006,4
5_patch_0017_0007,1
5_patch_0017_0008,3
5_patch_0017_0009,2
5_patch_0017_0010,1
5_patch_0017_0011,1
5_patch_0017_0012,-1
5_patch_0017_0013,2
5_patch_0017_0014,4
5_patch_0017_0015,2
5_patch_0017_0016,4
5_patch_0017_0017,1
5_patch_0017_0018,0
5_patch_0017_0019,2
5_patch_0017_0020,3
5_patch_0017_0021,1
5_patch_0017_0022,3
5_patch_0017_0023,2
5_patch_0017_0024,0
5_patch_0017_0025,4
5_patch_0017_0026,0
5_patch_0017_0027,-1
5_patch_0018_0000,3
5_patch_0018_0001,4
5_patch_0018_0002,4
5_patch_0018_0003,1
5_patch_0018_0004,2
5_patch_0018_0005,4
5_patch_0018_0006,2
5_patch_0018_0007,2
5_patch_0018_0008,-1
5_patch_0018_0009,0
5_patch_0018_0010,0
5_patch_0018_0011,1
5_patch_0018_0012,4
5_patch_0018_0013,2
5_patch_0018_0014,-1
5_patch_0018_0015,1
5_patch_0018_0016,2
5_patch_0018_0017,0
5_patch_0018_0018,0
5_patch_0018_0019,4
5_patch_0018_0020,1
5_patch_0018_0021,2
5_patch_0018_0022,2
5_patch_0018_0023,2
5_patch_0018_0024,3
5_patch_0018_0025,3
5_patch_0018_0026,-1
5_patch_0018_0027,3
5_patch_0019_0000,0
5_patch_0019_0001,4
5_patch_0019_0002,-1
5_patch_0019_0003,1
5_patch_0019_0004,1
5_patch_0019_0005,1
5_patch_0019_0006,1
5_patch_0019_0007,3
5_patch_0019_0008,3
5_patch_0019_0009,3
5_patch_0019_0010,1
5_patch_0019_0011,3
5_patch_0019_0012,3
5_patch_0019_0013,2
5_patch_0019_0014,1
5_patch_0019_0015,4
5_patch_0019_0016,0
5_patch_0019_0017,4
5_patch_0019_0018,3
5_patch_0019_0019,2
5_patch_0019_0020,-1
5_patch_0019_0021,2
5_patch_0019_0022,3
5_patch_0019_0023,3
5_patch_0019_0024,3
5_patch_0019_0025,1
5_patch_0019_0026,2
5_patch_0019_0027,-1
5_patch_0020_0000,1
5_patch_0020_0001,0
5_patch_0020_0002,2
5_patch_0020_0003,3
5_patch_0020_0004,4
5_patch_0020_0005,4
5_patch_0020_0006,3
5_patch_0020_0007,1
5_patch_0020_0008,0
5_patch_0020_0009,4
5_patch_0020_0010,1
5_patch_0020_0011,2
5_patch_0020_0012,3
5_patch_0020_0013,4
5_patch_0020_0014,4
5_patch_0020_0015,1
5_patch_0020_0016,3
5_patch_0020_0017,0
5_patch_0020_0018,0
5_patch_0020_0019,1
5_patch_0020_0020,3
5_patch_0020_0021,1
5_patch_0020_0022,-1
5_patch_0020_0023,1
5_patch_0020_0024,1
5_patch_0020_0025,2
5_patch_0020_0026,3
5_patch_0020_0027,4
6_patch_0000_0000,3
6_patch_0000_0001,1
6_patch_0000_0002,3
6_patch_0000_0003,0
6_patch_0000_0004,-1
6_patch_0000_0005,-1
6_patch_0000_0006,-1
6_patch_0000_0007,1
6_patch_0000_0008,2
6_patch_0000_0009,4
6_patch_0000_0010,4
6_patch_0000_0011,1
6_patch_0000_0012,4
6_patch_0000_0013,0
6_patch_0000_0014,3
6_patch_0000_0015,4
6_patch_0000_0016,2
6_patch_0000_0017,4
6_patch_0000_0018,4
6_patch_0000_0019,-1
6_patch_0000_0020,4
6_patch_0000_0021,1
6_patch_0000_0022,3
6_patch_0000_0023,-1
6_patch_0000_0024,1
6_patch_0000_0025,3
6_patch_0000_0026,1
6_patch_0000_0027,-1
6_patch_0001_0000,-1
6_patch_0001_0001,3
6_patch_0001_0002,0
6_patch_0001_0003,2
6_patch_0001_0004,2
6_patch_0001_0005,4
6_patch_0001_0006,2
6_patch_0001_0007,1
6_patch_0001_0008,3
6_patch_0001_0009,-1
6_patch_0001_0010,1
6_patch_0001_0011,3
6_patch_0001_0012,3
6_patch_0001_0013,2
6_patch_0001_0014,1
6_patch_0001_0015,-1
6_patch_0001_0016,2
6_patch_0001_0017,2
6_patch_0001_0018,2
6_patch_0001_0019,4
6_patch_0001_0020,3
6_patch_0001_0021,0
6_patch_0001_0022,-1
6_patch_0001_0023,2
6_patch_0001_0024,-1
6_patch_0001_0025,1
6_patch_0001_0026,3
6_patch_0001_0027,3
6_patch_0002_0000,3
6_patch_0002_0001,3
6_patch_0002_0002,3
6_patch_0002_0003,3
6_patch_0002_0004,4
6_patch_0002_0005,0
6_patch_0002_0006,0
6_patch_0002_0007,4
6_patch_0002_0008,4
6_patch_0002_0009,0
6_patch_0002_0010,3
6_patch_0002_0011,4
6_patch_0002_0012,1
6_patch_0002_0013,0
6_patch_0002_0014,4
6_patch_0002_0015,4
6_patch_0002_0016,3
6_patch_0002_0017,3
6_patch_0002_0018,-1
6_patch_0002_0019,1
6_patch_0002_0020,0
6_patch_0002_0021,4
6_patch_0002_0022,1
6_patch_0002_0023,4
6_patch_0002_0024,2
6_patch_0002_0025,3
6_patch_0002_0026,2
6_patch_0002_0027,2
6_patch_0003_0000,4
6_patch_0003_0001,4
6_patch_0003_0002,4
6_patch_0003_0003,-1
6_patch_0003_0004,0
6_patch_0003_0005,1
6_patch_0003_0006,2
6_patch_0003_0007,3
6_patch_0003_0008,2
6_patch_0003_0009,4
6_patch_0003_0010,1
6_patch_0003_0011,1
6_patch_0003_0012,1
6_patch_0003_0013,4
6_patch_0003_0014,4
6_patch_0003_0015,0
6_patch_0003_0016,-1
6_patch_0003_0017,1
6_patch_0003_0018,2
6_patch_0003_0019,2
6_patch_0003_0020,1
6_patch_0003_0021,4
6_patch_0003_0022,2
6_patch_0003_0023,3
6_patch_0003_0024,3
6_patch_0003_0025,1
6_patch_0003_0026,2
6_patch_0003_0027,4
6_patch_0004_0000,1
6_patch_0004_0001,0
6_patch_0004_0002,3
6_patch_0004_0003,4
6_patch_0004_0004,1
6_patch_0004_0005,3
6_patch_0004_0006,1
6_patch_0004_0007,1
6_patch_0004_0008,1
6_patch_0004_0009,2
6_patch_0004_0010,3
6_patch_0004_0011,1
6_patch_0004_0012,2
6_patch_0004_0013,0
6_patch_0004_0014,2
6_patch_0004_0015,3
6_patch_0004_0016,3
6_patch_0004_0017,1
6_patch_0004_0018,0
6_patch_0004_0019,3
6_patch_0004_0020,4
6_patch_0004_0021,2
6_patch_0004_0022,3
6_patch_0004_0023,2
6_patch_0004_0024,4
6_patch_0004_0025,2
6_patch_0004_0026,1
6_patch_0004_0027,2
6_patch_0005_0000,3
6_patch_0005_0001,1
6_patch_0005_0002,4
6_patch_0005_0003,-1
6_patch_0005_0004,1
6_patch_0005_0005,2
6_patch_0005_0006,2
6_patch_0005_0007,-1
6_patch_0005_0008,-1
6_patch_0005_0009,1
6_patch_0005_0010,1
6_patch_0005_0011,4
6_patch_0005_0012,1
6_patch_0005_0013,3
6_patch_0005_0014,1
6_patch_0005_0015,4
6_patch_0005_0016,1
6_patch_0005_0017,1
6_patch_0005_0018,3
6_patch_0005_0019,0
6_patch_0005_0020,2
6_patch_0005_0021,1
6_patch_0005_0022,4
6_patch_0005_0023,1
6_patch_0005_0024,2
6_patch_0005_0025,2
6_patch_0005_0026,1
6_patch_0005_0027,1
6_patch_0006_0000,3
6_patch_0006_0001,4
6_patch_0006_0002,3
6_patch_0006_0003,1
6_patch_0006_0004,4
6_patch_0006_0005,3
6_patch_0006_0006,3
6_patch_0006_0007,2
6_patch_0006_0008,1
6_patch_0006_0009,3
6_patch_0006_0010,4
6_patch_0006_0011,4
6_patch_0006_0012,2
6_patch_0006_0013,4
6_patch_0006_0014,1
6_patch_0006_0015,1
6_patch_0006_0016,0
6_patch_0006_0017,3
6_patch_0006_0018,3
6_patch_0006_0019,0
6_patch_0006_0020,1
6_patch_0006_0021,2
6_patch_0006_0022,3
6_patch_0006_0023,1
6_patch_0006_0024,1
6_patch_0006_0025,3
6_patch_0006_0026,3
6_patch_0006_0027,3
6_patch_0007_0000,1
6_patch_0007_0001,3
6_patch_0007_0002,4
6_patch_0007_0003,2
6_patch_0007_0004,4
6_patch_0007_0005,3
6_patch_0007_0006,4
6_patch_0007_0007,-1
6_patch_0007_0008,-1
6_patch_0007_0009,3
6_patch_0007_0010,-1
6_patch_0007_0011,3
6_patch_0007_0012,1
6_patch_0007_0013,4
6_patch_0007_0014,3
6_patch_0007_0015,0
6_patch_0007_0016,3
6_patch_0007_0017,1
6_patch_0007_0018,-1
6_patch_0007_0019,0
6_patch_0007_0020,0
6_patch_0007_0021,4
6_patch_0007_0022,4
6_patch_0007_0023,4
6_patch_0007_0024,2
6_patch_0007_0025,2
6_patch_0007_0026,1
6_patch_0007_0027,0
6_patch_0008_0000,2
6_patch_0008_0001,-1
6_patch_0008_0002,0
6_patch_0008_0003,3
6_patch_0008_0004,1
6_patch_0008_0005,4
6_patch_0008_0006,1
6_patch_0008_0007,3
6_patch_0008_0008,3
6_patch_0008_0009,4
6_patch_0008_0010,0
6_patch_0008_0011,1
6_patch_0008_0012,-1
6_patch_0008_0013,2
6_patch_0008_0014,2
6_patch_0008_0015,1
6_patch_0008_0016,3
6_patch_0008_0017,1
6_patch_0008_0018,4
6_patch_0008_0019,3
6_patch_0008_0020,1
6_patch_0008_0021,1
6_patch_0008_0022,3
6_patch_0008_0023,-1
6_patch_0008_0024,4
6_patch_0008_0025,4
6_patch_0008_0026,3
6_patch_0008_0027,2
6_patch_0009_0000,3
6_patch_0009_0001,3
6_patch_0009_0002,4
6_patch_0009_0003,2
6_patch_0009_0004,1
6_patch_0009_0005,3
6_patch_0009_0006,3
6_patch_0009_0007,4
6_patch_0009_0008,2
6_patch_0009_0009,4
6_patch_0009_0010,2
6_patch_0009_0011,3
6_patch_0009_0012,2
6_patch_0009_0013,2
6_patch_0009_0014,4
6_patch_0009_0015,3
6_patch_0009_0016,1
6_patch_0009_0017,-1
6_patch_0009_0018,3
6_patch_0009_0019,3
6_patch_0009_0020,4
6_patch_0009_0021,2
6_patch_0009_0022,3
6_patch_0009_0023,2
6_patch_0009_0024,0
6_patch_0009_0025,-1
6_patch_0009_0026,1
6_patch_0009_0027,1
6_patch_0010_0000,0
6_patch_0010_0001,0
6_patch_0010_0002,0
6_patch_0010_0003,1
6_patch_0010_0004,3
6_patch_0010_0005,4
6_patch_0010_0006,1
6_patch_0010_0007,-1
6_patch_0010_0008,2
6_patch_0010_0009,3
6_patch_0010_0010,4
6_patch_0010_0011,0
6_patch_0010_0012,2
6_patch_0010_0013,-1
6_patch_0010_0014,4
6_patch_0010_0015,4
6_patch_0010_0016,4
6_patch_0010_0017,3
6_patch_0010_0018,3
6_patch_0010_0019,3
6_patch_0010_0020,1
6_patch_0010_0021,1
6_patch_0010_0022,4
6_patch_0010_0023,4
6_patch_0010_0024,2
6_patch_0010_0025,0
6_patch_0010_0026,1
6_patch_0010_0027,1
6_patch_0011_0000,2
6_patch_0011_0001,4
6_patch_0011_0002,3
6_patch_0011_0003,1
6_patch_0011_0004,2
6_patch_0011_0005,2
6_patch_0011_0006,4
6_patch_0011_0007,4
6_patch_0011_0008,-1
6_patch_0011_0009,1
6_patch_0011_0010,2
6_patch_0011_0011,1
6_patch_0011_0012,1
6_patch_0011_0013,-1
6_patch_0011_0014,3
6_patch_0011_0015,2
6_patch_0011_0016,0
6_patch_0011_0017,0
6_patch_0011_0018,-1
6_patch_0011_0019,3
6_patch_0011_0020,1
6_patch_0011_0021,-1
6_patch_0011_0022,3
6_patch_0011_0023,2
6_patch_0011_0024,4
6_patch_0011_0025,0
6_patch_0011_0026,3
6_patch_0011_0027,1
6_patch_0012_0000,1
6_patch_0012_0001,1
6_patch_0012_0002,-1
6_patch_0012_0003,4
6_patch_0012_0004,4
6_patch_0012_0005,2
6_patch_0012_0006,4
6_patch_0012_0007,-1
6_patch_0012_0008,1
6_patch_0012_0009,1
6_patch_0012_0010,3
6_patch_0012_0011,0
6_patch_0012_0012,2
6_patch_0012_0013,4
6_patch_0012_0014,1
6_patch_0012_0015,0
6_patch_0012_0016,1
6_patch_0012_0017,3
6_patch_0012_0018,3
6_patch_0012_0019,4
6_patch_0012_0020,-1
6_patch_0012_0021,2
6_patch_0012_0022,2
6_patch_0012_0023,-1
6_patch_0012_0024,4
6_patch_0012_0025,3
6_patch_0012_0026,2
6_patch_0012_0027,1
6_patch_0013_0000,1
6_patch_0013_0001,3
6_patch_0013_0002,1
6_patch_0013_0003,1
6_patch_0013_0004,-1
6_patch_0013_0005,1
6_patch_0013_0006,4
6_patch_0013_0007,3
6_patch_0013_0008,4
6_patch_0013_0009,4
6_patch_0013_0010,3
6_patch_0013_0011,2
6_patch_0013_0012,4
6_patch_0013_0013,3
6_patch_0013_0014,4
6_patch_0013_0015,3
6_patch_0013_0016,1
6_patch_0013_0017,4
6_patch_0013_0018,0
6_patch_0013_0019,3
6_patch_0013_0020,2
6_patch_0013_0021,3
6_patch_0013_0022,3
6_patch_0013_0023,4
6_patch_0013_0024,2
6_patch_0013_0025,-1
6_patch_0013_0026,3
6_patch_0013_0027,3
6_patch_0014_0000,1
6_patch_0014_0001,3
6_patch_0014_0002,3
6_patch_0014_0003,0
6_patch_0014_0004,-1
6_patch_0014_0005,2
6_patch_0014_0006,1
6_patch_0014_0007,2
6_patch_0014_0008,0
6_patch_0014_0009,3
6_patch_0014_0010,2
6_patch_0014_0011,4
6_patch_0014_0012,-1
6_patch_0014_0013,1
6_patch_0014_0014,2
6_patch_0014_0015,3
6_patch_0014_0016,-1
6_patch_0014_0017,1
6_patch_0014_0018,4
6_patch_0014_0019,-1
6_patch_0014_0020,1
6_patch_0014_0021,4
6_patch_0014_0022,2
6_patch_0014_0023,4
6_patch_0014_0024,-1
6_patch_0014_0025,0
6_patch_0014_0026,2
6_patch_0014_0027,3
6_patch_0015_0000,4
6_patch_0015_0001,3
6_patch_0015_0002,3
6_patch_0015_0003,3
6_patch_0015_0004,0
6_patch_0015_0005,1
6_patch_0015_0006,1
6_patch_0015_0007,2
6_patch_0015_0008,-1
6_patch_0015_0009,1
6_patch_0015_0010,1
6_patch_0015_0011,2
6_patch_0015_0012,4
6_patch_0015_0013,3
6_patch_0015_0014,1
6_patch_0015_0015,1
6_patch_0015_0016,2
6_patch_0015_0017,0
6_patch_0015_0018,3
6_patch_0015_0019,2
6_patch_0015_0020,2
6_patch_0015_0021,2
6_patch_0015_0022,-1
6_patch_0015_0023,-1
6_patch_0015_0024,1
6_patch_0015_0025,0
6_patch_0015_0026,3
6_patch_0015_0027,3
6_patch_0016_0000,2
6_patch_0016_0001,-1
6_patch_0016_0002,4
6_patch_0016_0003,2
6_patch_0016_0004,4
6_patch_0016_0005,0
6_patch_0016_0006,2
6_patch_0016_0007,2
6_patch_0016_0008,1
6_patch_0016_0009,4
6_patch_0016_0010,3
6_patch_0016_0011,3
6_patch_0016_0012,0
6_patch_0016_0013,1
6_patch_0016_0014,2
6_patch_0016_0015,0
6_patch_0016_0016,3
6_patch_0016_0017,4
6_patch_0016_0018,2
6_patch_0016_0019,1
6_patch_0016_0020,4
6_patch_0016_0021,4
6_patch_0016_0022,1
6_patch_0016_0023,4
6_patch_0016_0024,-1
6_patch_0016_0025,-1
6_patch_0016_0026,1
6_patch_0016_0027,1
6_patch_0017_0000,1
6_patch_0017_0001,4
6_patch_0017_0002,3
6_patch_0017_0003,3
6_patch_0017_0004,-1
6_patch_0017_0005,-1
6_patch_0017_0006,2
6_patch_0017_0007,2
6_patch_0017_0008,4
6_patch_0017_0009,4
6_patch_0017_0010,0
6_patch_0017_0011,3
6_patch_0017_0012,1
6_patch_0017_0013,0
6_patch_0017_0014,1
6_patch_0017_0015,4
6_patch_0017_0016,1
6_patch_0017_0017,1
6_patch_0017_0018,4
6_patch_0017_0019,-1
6_patch_0017_0020,1
6_patch_0017_0021,1
6_patch_0017_0022,-1
6_patch_0017_0023,1
6_patch_0017_0024,4
6_patch_0017_0025,1
6_patch_0017_0026,1
6_patch_0017_0027,4
6_patch_0018_0000,2
6_patch_0018_0001,2
6_patch_0018_0002,4
6_patch_0018_0003,3
6_patch_0018_0004,2
6_patch_0018_0005,-1
6_patch_0018_0006,4
6_patch_0018_0007,3
6_patch_0018_0008,1
6_patch_0018_0009,3
6_patch_0018_0010,4
6_patch_0018_0011,2
6_patch_0018_0012,-1
6_patch_0018_0013,4
6_patch_0018_0014,3
6_patch_0018_0015,3
6_patch_0018_0016,1
6_patch_0018_0017,3
6_patch_0018_0018,-1
6_patch_0018_0019,2
6_patch_0018_0020,4
6_patch_0018_0021,3
6_patch_0018_0022,4
6_patch_0018_0023,3
6_patch_0018_0024,3
6_patch_0018_0025,0
6_patch_0018_0026,1
6_patch_0018_0027,3
6_patch_0019_0000,2
6_patch_0019_0001,2
6_patch_0019_0002,2
6_patch_0019_0003,2
6_patch_0019_0004,1
6_patch_0019_0005,4
6_patch_0019_0006,-1
6_patch_0019_0007,4
6_patch_0019_0008,3
6_patch_0019_0009,3
6_patch_0019_0010,2
6_patch_0019_0011,2
6_patch_0019_0012,4
6_patch_0019_0013,-1
6_patch_0019_0014,4
6_patch_0019_0015,0
6_patch_0019_0016,3
6_patch_0019_0017,-1
6_patch_0019_0018,4
6_patch_0019_0019,4
6_patch_0019_0020,4
6_patch_0019_0021,1
6_patch_0019_0022,4
6_patch_0019_0023,3
6_patch_0019_0024,2
6_patch_0019_0025,2
6_patch_0019_0026,2
6_patch_0019_0027,3
7_patch_0000_0000,2
7_patch_0000_0001,3
7_patch_0000_0002,4
7_patch_0000_0003,4
7_patch_0000_0004,1
7_patch_0000_0005,0
7_patch_0000_0006,0
7_patch_0000_0007,1
7_patch_0000_0008,1
7_patch_0000_0009,-1
7_patch_0000_0010,2
7_patch_0000_0011,-1
7_patch_0000_0012,4
7_patch_0000_0013,0
7_patch_0000_0014,0
7_patch_0000_0015,2
7_patch_0000_0016,-1
7_patch_0000_0017,1
7_patch_0000_0018,4
7_patch_0000_0019,3
7_patch_0000_0020,2
7_patch_0000_0021,3
7_patch_0000_0022,2
7_patch_0000_0023,3
7_patch_0000_0024,2
7_patch_0001_0000,1
7_patch_0001_0001,1
7_patch_0001_0002,4
7_patch_0001_0003,1
7_patch_0001_0004,2
7_patch_0001_0005,4
7_patch_0001_0006,0
7_patch_0001_0007,3
7_patch_0001_0008,1
7_patch_0001_0009,1
7_patch_0001_0010,1
7_patch_0001_0011,1
7_patch_0001_0012,2
7_patch_0001_0013,2
7_patch_0001_0014,3
7_patch_0001_0015,4
7_patch_0001_0016,-1
7_patch_0001_0017,0
7_patch_0001_0018,3
7_patch_0001_0019,1
7_patch_0001_0020,1
7_patch_0001_0021,1
7_patch_0001_0022,4
7_patch_0001_0023,2
7_patch_0001_0024,2
7_patch_0002_0000,1
7_patch_0002_0001,0
7_patch_0002_0002,-1
7_patch_0002_0003,1
7_patch_0002_0004,1
7_patch_0002_0005,4
7_patch_0002_0006,-1
7_patch_0002_0007,2
7_patch_0002_0008,4
7_patch_0002_0009,2
7_patch_0002_0010,2
7_patch_0002_0011,4
7_patch_0002_0012,-1
7_patch_0002_0013,1
7_patch_0002_0014,0
7_patch_0002_0015,3
7_patch_0002_0016,4
7_patch_0002_0017,1
7_patch_0002_0018,2
7_patch_0002_0019,4
7_patch_0002_0020,-1
7_patch_0002_0021,1
7_patch_0002_0022,0
7_patch_0002_0023,0
7_patch_0002_0024,4
7_patch_0003_0000,1
7_patch_0003_0001,2
7_patch_0003_0002,2
7_patch_0003_0003,2
7_patch_0003_0004,4
7_patch_0003_0005,2
7_patch_0003_0006,-1
7_patch_0003_0007,4
7_patch_0003_0008,4
7_patch_0003_0009,-1
7_patch_0003_0010,2
7_patch_0003_0011,1
7_patch_0003_0012,3
7_patch_0003_0013,4
7_patch_0003_0014,1
7_patch_0003_0015,4
7_patch_0003_0016,-1
7_patch_0003_0017,-1
7_patch_0003_0018,1
7_patch_0003_0019,4
7_patch_0003_0020,4
7_patch_0003_0021,2
7_patch_0003_0022,1
7_patch_0003_0023,4
7_patch_0003_0024,1
7_patch_0004_0000,1
7_patch_0004_0001,1
7_patch_0004_0002,-1
7_patch_0004_0003,1
7_patch_0004_0004,0
7_patch_0004_0005,4
7_patch_0004_0006,3
7_patch_0004_0007,1
7_patch_0004_0008,2
7_patch_0004_0009,-1
7_patch_0004_0010,3
7_patch_0004_0011,3
7_patch_0004_0012,4
7_patch_0004_0013,4
7_patch_0004_0014,3
7_patch_0004_0015,3
7_patch_0004_0016,0
7_patch_0004_0017,-1
7_patch_0004_0018,-1
7_patch_0004_0019,1
7_patch_0004_0020,2
7_patch_0004_0021,3
7_patch_0004_0022,1
7_patch_0004_0023,0
7_patch_0004_0024,0
7_patch_0005_0000,0
7_patch_0005_0001,4
7_patch_0005_0002,2
7_patch_0005_0003,2
7_patch_0005_0004,3
7_patch_0005_0005,1
7_patch_0005_0006,-1
7_patch_0005_0007,3
7_patch_0005_0008,1
7_patch_0005_0009,-1
7_patch_0005_0010,0
7_patch_0005_0011,2
7_patch_0005_0012,3
7_patch_0005_0013,3
7_patch_0005_0014,4
7_patch_0005_0015,1
7_patch_0005_0016,1
7_patch_0005_0017,1
7_patch_0005_0018,2
7_patch_0005_0019,1
7_patch_0005_0020,0
7_patch_0005_0021,3
7_patch_0005_0022,3
7_patch_0005_0023,1
7_patch_0005_0024,2
7_patch_0006_0000,2
7_patch_0006_0001,4
7_patch_0006_0002,2
7_patch_0006_0003,-1
7_patch_0006_0004,2
7_patch_0006_0005,-1
7_patch_0006_0006,4
7_patch_0006_0007,0
7_patch_0006_0008,2
7_patch_0006_0009,3
7_patch_0006_0010,2
7_patch_0006_0011,3
7_patch_0006_0012,2
7_patch_0006_0013,2
7_patch_0006_0014,1
7_patch_0006_0015,2
7_patch_0006_0016,1
7_patch_0006_0017,3
7_patch_0006_0018,3
7_patch_0006_0019,3
7_patch_0006_0020,0
7_patch_0006_0021,3
7_patch_0006_0022,-1
7_patch_0006_0023,4
7_patch_0006_0024,-1
7_patch_0007_0000,4
7_patch_0007_0001,3
7_patch_0007_0002,1
7_patch_0007_0003,3
7_patch_0007_0004,1
7_patch_0007_0005,2
7_patch_0007_0006,4
7_patch_0007_0007,0
7_patch_0007_0008,-1
7_patch_0007_0009,1
7_patch_0007_0010,4
7_patch_0007_0011,-1
7_patch_0007_0012,1
7_patch_0007_0013,2
7_patch_0007_0014,-1
7_patch_0007_0015,1
7_patch_0007_0016,1
7_patch_0007_0017,2
7_patch_0007_0018,2
7_patch_0007_0019,0
7_patch_0007_0020,3
7_patch_0007_0021,0
7_patch_0007_0022,1
7_patch_0007_0023,1
7_patch_0007_0024,2
7_patch_0008_0000,3
7_patch_0008_0001,3
7_patch_0008_0002,4
7_patch_0008_0003,1
7_patch_0008_0004,-1
7_patch_0008_0005,0
7_patch_0008_0006,3
7_patch_0008_0007,1
7_patch_0008_0008,2
7_patch_0008_0009,3
7_patch_0008_0010,-1
7_patch_0008_0011,3
7_patch_0008_0012,3
7_patch_0008_0013,-1
7_patch_0008_0014,3
7_patch_0008_0015,4
7_patch_0008_0016,2
7_patch_0008_0017,-1
7_patch_0008_0018,4
7_patch_0008_0019,1
7_patch_0008_0020,0
7_patch_0008_0021,3
7_patch_0008_0022,4
7_patch_0008_0023,4
7_patch_0008_0024,0
7_patch_0009_0000,2
7_patch_0009_0001,3
7_patch_0009_0002,-1
7_patch_0009_0003,2
7_patch_0009_0004,1
7_patch_0009_0005,3
7_patch_0009_0006,1
7_patch_0009_0007,1
7_patch_0009_0008,2
7_patch_0009_0009,4
7_patch_0009_0010,3
7_patch_0009_0011,4
7_patch_0009_0012,1
7_patch_0009_0013,2
7_patch_0009_0014,3
7_patch_0009_0015,3
7_patch_0009_0016,4
7_patch_0009_0017,1
7_patch_0009_0018,1
7_patch_0009_0019,2
7_patch_0009_0020,1
7_patch_0009_0021,0
7_patch_0009_0022,-1
7_patch_0009_0023,1
7_patch_0009_0024,2
7_patch_0010_0000,3
7_patch_0010_0001,2
7_patch_0010_0002,2
7_patch_0010_0003,1
7_patch_0010_0004,4
7_patch_0010_0005,1
7_patch_0010_0006,1
7_patch_0010_0007,1
7_patch_0010_0008,1
7_patch_0010_0009,1
7_patch_0010_0010,2
7_patch_0010_0011,3
7_patch_0010_0012,0
7_patch_0010_0013,-1
7_patch_0010_0014,1
7_patch_0010_0015,1
7_patch_0010_0016,4
7_patch_0010_0017,2
7_patch_0010_0018,1
7_patch_0010_0019,1
7_patch_0010_0020,3
7_patch_0010_0021,4
7_patch_0010_0022,1
7_patch_0010_0023,2
7_patch_0010_0024,1
7_patch_0011_0000,3
7_patch_0011_0001,2
7_patch_0011_0002,2
7_patch_0011_0003,0
7_patch_0011_0004,3
7_patch_0011_0005,1
7_patch_0011_0006,-1
7_patch_0011_0007,1
7_patch_0011_0008,2
7_patch_0011_0009,2
7_patch_0011_0010,4
7_patch_0011_0011,-1
7_patch_0011_0012,4
7_patch_0011_0013,3
7_patch_0011_0014,0
7_patch_0011_0015,3
7_patch_0011_0016,1
7_patch_0011_0017,2
7_patch_0011_0018,4
7_patch_0011_0019,2
7_patch_0011_0020,1
7_patch_0011_0021,-1
7_patch_0011_0022,3
7_patch_0011_0023,1
7_patch_0011_0024,4
7_patch_0012_0000,4
7_patch_0012_0001,0
7_patch_0012_0002,1
7_patch_0012_0003,4
7_patch_0012_0004,3
7_patch_0012_0005,4
7_patch_0012_0006,0
7_patch_0012_0007,2
7_patch_0012_0008,2
7_patch_0012_0009,2
7_patch_0012_0010,2
7_patch_0012_0011,3
7_patch_0012_0012,1
7_patch_0012_0013,2
7_patch_0012_0014,1
7_patch_0012_0015,-1
7_patch_0012_0016,2
7_patch_0012_0017,3
7_patch_0012_0018,1
7_patch_0012_0019,4
7_patch_0012_0020,-1
7_patch_0012_0021,1
7_patch_0012_0022,1
7_patch_0012_0023,4
7_patch_0012_0024,-1
7_patch_0013_0000,2
7_patch_0013_0001,4
7_patch_0013_0002,3
7_patch_0013_0003,4
7_patch_0013_0004,-1
7_patch_0013_0005,1
7_patch_0013_0006,0
7_patch_0013_0007,2
7_patch_0013_0008,3
7_patch_0013_0009,-1
7_patch_0013_0010,0
7_patch_0013_0011,4
7_patch_0013_0012,3
7_patch_0013_0013,4
7_patch_0013_0014,4
7_patch_0013_0015,2
7_patch_0013_0016,0
7_patch_0013_0017,1
7_patch_0013_0018,1
7_patch_0013_0019,1
7_patch_0013_0020,1
7_patch_0013_0021,3
7_patch_0013_0022,1
7_patch_0013_0023,4
7_patch_0013_0024,2
7_patch_0014_0000,4
7_patch_0014_0001,0
7_patch_0014_0002,4
7_patch_0014_0003,1
7_patch_0014_0004,1
7_patch_0014_0005,2
7_patch_0014_0006,-1
7_patch_0014_0007,4
7_patch_0014_0008,0
7_patch_0014_0009,2
7_patch_0014_0010,2
7_patch_0014_0011,4
7_patch_0014_0012,0
7_patch_0014_0013,3
7_patch_0014_0014,-1
7_patch_0014_0015,4
7_patch_0014_0016,2
7_patch_0014_0017,1
7_patch_0014_0018,2
7_patch_0014_0019,1
7_patch_0014_0020,1
7_patch_0014_0021,3
7_patch_0014_0022,2
7_patch_0014_0023,1
7_patch_0014_0024,3
7_patch_0015_0000,3
7_patch_0015_0001,2
7_patch_0015_0002,4
7_patch_0015_0003,4
7_patch_0015_0004,2
7_patch_0015_0005,0
7_patch_0015_0006,3
7_patch_0015_0007,1
7_patch_0015_0008,1
7_patch_0015_0009,1
7_patch_0015_0010,4
7_patch_0015_0011,3
7_patch_0015_0012,2
7_patch_0015_0013,1
7_patch_0015_0014,4
7_patch_0015_0015,4
7_patch_0015_0016,2
7_patch_0015_0017,0
7_patch_0015_0018,2
7_patch_0015_0019,4
7_patch_0015_0020,1
7_patch_0015_0021,4
7_patch_0015_0022,4
7_patch_0015_0023,2
7_patch_0015_0024,4
7_patch_0016_0000,4
7_patch_0016_0001,4
7_patch_0016_0002,3
7_patch_0016_0003,3
7_patch_0016_0004,1
7_patch_0016_0005,2
7_patch_0016_0006,0
7_patch_0016_0007,2
7_patch_0016_0008,1
7_patch_0016_0009,0
7_patch_0016_0010,4
7_patch_0016_0011,1
7_patch_0016_0012,2
7_patch_0016_0013,2
7_patch_0016_0014,2
7_patch_0016_0015,3
7_patch_0016_0016,0
7_patch_0016_0017,3
7_patch_0016_0018,2
7_patch_0016_0019,2
7_patch_0016_0020,-1
7_patch_0016_0021,0
7_patch_0016_0022,4
7_patch_0016_0023,1
7_patch_0016_0024,3
7_patch_0017_0000,2
7_patch_0017_0001,2
7_patch_0017_0002,3
7_patch_0017_0003,3
7_patch_0017_0004,2
7_patch_0017_0005,3
7_patch_0017_0006,3
7_patch_0017_0007,2
7_patch_0017_0008,1
7_patch_0017_0009,2
7_patch_0017_0010,0
7_patch_0017_0011,3
7_patch_0017_0012,0
7_patch_0017_0013,1
7_patch_0017_0014,2
7_patch_0017_0015,2
7_patch_0017_0016,2
7_patch_0017_0017,0
7_patch_0017_0018,0
7_patch_0017_0019,2
7_patch_0017_0020,4
7_patch_0017_0021,4
7_patch_0017_0022,4
7_patch_0017_0023,0
7_patch_0017_0024,2
7_patch_0018_0000,4
7_patch_0018_0001,2
7_patch_0018_0002,0
7_patch_0018_0003,2
7_patch_0018_0004,2
7_patch_0018_0005,-1
7_patch_0018_0006,1
7_patch_0018_0007,4
7_patch_0018_0008,2
7_patch_0018_0009,2
7_patch_0018_0010,2
7_patch_0018_0011,3
7_patch_0018_0012,2
7_patch_0018_0013,3
7_patch_0018_0014,2
7_patch_0018_0015,-1
7_patch_0018_0016,1
7_patch_0018_0017,4
7_patch_0018_0018,4
7_patch_0018_0019,0
7_patch_0018_0020,1
7_patch_0018_0021,2
7_patch_0018_0022,-1
7_patch_0018_0023,0
7_patch_0018_0024,4
7_patch_0019_0000,2
7_patch_0019_0001,-1
7_patch_0019_0002,2
7_patch_0019_0003,1
7_patch_0019_0004,2
7_patch_0019_0005,-1
7_patch_0019_0006,3
7_patch_0019_0007,2
7_patch_0019_0008,2
7_patch_0019_0009,4
7_patch_0019_0010,1
7_patch_0019_0011,4
7_patch_0019_0012,1
7_patch_0019_0013,4
7_patch_0019_0014,1
7_patch_0019_0015,-1
7_patch_0019_0016,-1
7_patch_0019_0017,0
7_patch_0019_0018,2
7_patch_0019_0019,0
7_patch_0019_0020,2
7_patch_0019_0021,-1
7_patch_0019_0022,4
7_patch_0019_0023,-1
7_patch_0019_0024,4
7_patch_0020_0000,4
7_patch_0020_0001,2
7_patch_0020_0002,1
7_patch_0020_0003,2
7_patch_0020_0004,-1
7_patch_0020_0005,3
7_patch_0020_0006,3
7_patch_0020_0007,3
7_patch_0020_0008,3
7_patch_0020_0009,2
7_patch_0020_0010,2
7_patch_0020_0011,3
7_patch_0020_0012,4
7_patch_0020_0013,-1
7_patch_0020_0014,2
7_patch_0020_0015,4
7_patch_0020_0016,0
7_patch_0020_0017,-1
7_patch_0020_0018,1
7_patch_0020_0019,3
7_patch_0020_0020,3
7_patch_0020_0021,2
7_patch_0020_0022,3
7_patch_0020_0023,3
7_patch_0020_0024,-1
7_patch_0021_0000,2
7_patch_0021_0001,0
7_patch_0021_0002,1
7_patch_0021_0003,-1
7_patch_0021_0004,0
7_patch_0021_0005,1
7_patch_0021_0006,4
7_patch_0021_0007,3
7_patch_0021_0008,4
7_patch_0021_0009,1
7_patch_0021_0010,2
7_patch_0021_0011,2
7_patch_0021_0012,2
7_patch_0021_0013,4
7_patch_0021_0014,4
7_patch_0021_0015,3
7_patch_0021_0016,0
7_patch_0021_0017,3
7_patch_0021_0018,2
7_patch_0021_0019,1
7_patch_0021_0020,2
7_patch_0021_0021,2
7_patch_0021_0022,4
7_patch_0021_0023,3
7_patch_0021_0024,-1
8_patch_0000_0000,2
8_patch_0000_0001,0
8_patch_0000_0002,1
8_patch_0000_0003,4
8_patch_0000_0004,0
8_patch_0000_0005,2
8_patch_0000_0006,2
8_patch_0000_0007,3
8_patch_0000_0008,1
8_patch_0000_0009,0
8_patch_0000_0010,2
8_patch_0000_0011,0
8_patch_0000_0012,3
8_patch_0000_0013,1
8_patch_0000_0014,2
8_patch_0000_0015,2
8_patch_0000_0016,2
8_patch_0000_0017,4
8_patch_0000_0018,0
8_patch_0000_0019,4
8_patch_0000_0020,1
8_patch_0000_0021,-1
8_patch_0000_0022,3
8_patch_0000_0023,1
8_patch_0000_0024,1
8_patch_0000_0025,3
8_patch_0001_0000,4
8_patch_0001_0001,3
8_patch_0001_0002,3
8_patch_0001_0003,4
8_patch_0001_0004,-1
8_patch_0001_0005,4
8_patch_0001_0006,-1
8_patch_0001_0007,2
8_patch_0001_0008,2
8_patch_0001_0009,2
8_patch_0001_0010,-1
8_patch_0001_0011,-1
8_patch_0001_0012,3
8_patch_0001_0013,4
8_patch_0001_0014,3
8_patch_0001_0015,0
8_patch_0001_0016,3
8_patch_0001_0017,3
8_patch_0001_0018,-1
8_patch_0001_0019,2
8_patch_0001_0020,-1
8_patch_0001_0021,4
8_patch_0001_0022,3
8_patch_0001_0023,2
8_patch_0001_0024,2
8_patch_0001_0025,1
8_patch_0002_0000,4
8_patch_0002_0001,0
8_patch_0002_0002,4
8_patch_0002_0003,2
8_patch_0002_0004,0
8_patch_0002_0005,3
8_patch_0002_0006,0
8_patch_0002_0007,-1
8_patch_0002_0008,2
8_patch_0002_0009,1
8_patch_0002_0010,3
8_patch_0002_0011,2
8_patch_0002_0012,2
8_patch_0002_0013,0
8_patch_0002_0014,-1
8_patch_0002_0015,3
8_patch_0002_0016,1
8_patch_0002_0017,0
8_patch_0002_0018,3
8_patch_0002_0019,1
8_patch_0002_0020,3
8_patch_0002_0021,3
8_patch_0002_0022,2
8_patch_0002_0023,-1
8_patch_0002_0024,4
8_patch_0002_0025,0
8_patch_0003_0000,4
8_patch_0003_0001,3
8_patch_0003_0002,4
8_patch_0003_0003,-1
8_patch_0003_0004,1
8_patch_0003_0005,2
8_patch_0003_0006,2
8_patch_0003_0007,4
8_patch_0003_0008,3
8_patch_0003_0009,3
8_patch_0003_0010,1
8_patch_0003_0011,2
8_patch_0003_0012,1
8_patch_0003_0013,2
8_patch_0003_0014,4
8_patch_0003_0015,1
8_patch_0003_0016,1
8_patch_0003_0017,0
8_patch_0003_0018,4
8_patch_0003_0019,1
8_patch_0003_0020,4
8_patch_0003_0021,0
8_patch_0003_0022,1
8_patch_0003_0023,3
8_patch_0003_0024,2
8_patch_0003_0025,1
8_patch_0004_0000,2
8_patch_0004_0001,4
8_patch_0004_0002,3
8_patch_0004_0003,1
8_patch_0004_0004,1
8_patch_0004_0005,4
8_patch_0004_0006,1
8_patch_0004_0007,2
8_patch_0004_0008,4
8_patch_0004_0009,3
8_patch_0004_0010,2
8_patch_0004_0011,2
8_patch_0004_0012,2
8_patch_0004_0013,1
8_patch_0004_0014,4
8_patch_0004_0015,2
8_patch_0004_0016,-1
8_patch_0004_0017,2
8_patch_0004_0018,3
8_patch_0004_0019,2
8_patch_0004_0020,0
8_patch_0004_0021,4
8_patch_0004_0022,3
8_patch_0004_0023,3
8_patch_0004_0024,3
8_patch_0004_0025,1
8_patch_0005_0000,3
8_patch_0005_0001,4
8_patch_0005_0002,3
8_patch_0005_0003,-1
8_patch_0005_0004,-1
8_patch_0005_0005,4
8_patch_0005_0006,3
8_patch_0005_0007,1
8_patch_0005_0008,2
8_patch_0005_0009,4
8_patch_0005_0010,0
8_patch_0005_0011,4
8_patch_0005_0012,1
8_patch_0005_0013,2
8_patch_0005_0014,0
8_patch_0005_0015,4
8_patch_0005_0016,2
8_patch_0005_0017,3
8_patch_0005_0018,0
8_patch_0005_0019,1
8_patch_0005_0020,2
8_patch_0005_0021,4
8_patch_0005_0022,3
8_patch_0005_0023,-1
8_patch_0005_0024,2
8_patch_0005_0025,2
8_patch_0006_0000,2
8_patch_0006_0001,-1
8_patch_0006_0002,-1
8_patch_0006_0003,4
8_patch_0006_0004,4
8_patch_0006_0005,3
8_patch_0006_0006,4
8_patch_0006_0007,2
8_patch_0006_0008,4
8_patch_0006_0009,0
8_patch_0006_0010,-1
8_patch_0006_0011,4
8_patch_0006_0012,4
8_patch_0006_0013,3
8_patch_0006_0014,4
8_patch_0006_0015,2
8_patch_0006_0016,1
8_patch_0006_0017,4
8_patch_0006_0018,3
8_patch_0006_0019,0
8_patch_0006_0020,2
8_patch_0006_0021,1
8_patch_0006_0022,-1
8_patch_0006_0023,1
8_patch_0006_0024,3
8_patch_0006_0025,2
8_patch_0007_0000,2
8_patch_0007_0001,3
8_patch_0007_0002,-1
8_patch_0007_0003,3
8_patch_0007_0004,0
8_patch_0007_0005,2
8_patch_0007_0006,4
8_patch_0007_0007,1
8_patch_0007_0008,-1
8_patch_0007_0009,3
8_patch_0007_0010,1
8_patch_0007_0011,3
8_patch_0007_0012,0
8_patch_0007_0013,-1
8_patch_0007_0014,2
8_patch_0007_0015,0
8_patch_0007_0016,4
8_patch_0007_0017,1
8_patch_0007_0018,4
8_patch_0007_0019,1
8_patch_0007_0020,1
8_patch_0007_0021,4
8_patch_0007_0022,-1
8_patch_0007_0023,0
8_patch_0007_0024,3
8_patch_0007_0025,0
8_patch_0008_0000,-1
8_patch_0008_0001,4
8_patch_0008_0002,-1
8_patch_0008_0003,2
8_patch_0008_0004,3
8_patch_0008_0005,4
8_patch_0008_0006,1
8_patch_0008_0007,1
8_patch_0008_0008,1
8_patch_0008_0009,3
8_patch_0008_0010,1
8_patch_0008_0011,1
8_patch_0008_0012,1
8_patch_0008_0013,3
8_patch_0008_0014,2
8_patch_0008_0015,3
8_patch_0008_0016,2
8_patch_0008_0017,4
8_patch_0008_0018,2
8_patch_0008_0019,0
8_patch_0008_0020,3
8_patch_0008_0021,0
8_patch_0008_0022,3
8_patch_0008_0023,-1
8_patch_0008_0024,1
8_patch_0008_0025,2
8_patch_0009_0000,1
8_patch_0009_0001,1
8_patch_0009_0002,3
8_patch_0009_0003,3
8_patch_0009_0004,1
8_patch_0009_0005,4
8_patch_0009_0006,3
8_patch_0009_0007,3
8_patch_0009_0008,4
8_patch_0009_0009,4
8_patch_0009_0010,4
8_patch_0009_0011,1
8_patch_0009_0012,3
8_patch_0009_0013,3
8_patch_0009_0014,4
8_patch_0009_0015,2
8_patch_0009_0016,3
8_patch_0009_0017,4
8_patch_0009_0018,3
8_patch_0009_0019,4
8_patch_0009_0020,3
8_patch_0009_0021,2
8_patch_0009_0022,2
8_patch_0009_0023,3
8_patch_0009_0024,1
8_patch_0009_0025,-1
8_patch_0010_0000,-1
8_patch_0010_0001,4
8_patch_0010_0002,4
8_patch_0010_0003,1
8_patch_0010_0004,2
8_patch_0010_0005,2
8_patch_0010_0006,4
8_patch_0010_0007,2
8_patch_0010_0008,1
8_patch_0010_0009,1
8_patch_0010_0010,3
8_patch_0010_0011,3
8_patch_0010_0012,3
8_patch_0010_0013,3
8_patch_0010_0014,-1
8_patch_0010_0015,1
8_patch_0010_0016,4
8_patch_0010_0017,0
8_patch_0010_0018,4
8_patch_0010_0019,4
8_patch_0010_0020,2
8_patch_0010_0021,0
8_patch_0010_0022,4
8_patch_0010_0023,1
8_patch_0010_0024,4
8_patch_0010_0025,1
8_patch_0011_0000,1
8_patch_0011_0001,0
8_patch_0011_0002,3
8_patch_0011_0003,1
8_patch_0011_0004,4
8_patch_0011_0005,3
8_patch_0011_0006,3
8_patch_0011_0007,3
8_patch_0011_0008,-1
8_patch_0011_0009,-1
8_patch_0011_0010,3
8_patch_0011_0011,0
8_patch_0011_0012,4
8_patch_0011_0013,3
8_patch_0011_0014,1
8_patch_0011_0015,0
8_patch_0011_0016,0
8_patch_0011_0017,4
8_patch_0011_0018,-1
8_patch_0011_0019,1
8_patch_0011_0020,1
8_patch_0011_0021,2
8_patch_0011_0022,-1
8_patch_0011_0023,3
8_patch_0011_0024,4
8_patch_0011_0025,2
8_patch_0012_0000,2
8_patch_0012_0001,1
8_patch_0012_0002,2
8_patch_0012_0003,4
8_patch_0012_0004,3
8_patch_0012_0005,1
8_patch_0012_0006,-1
8_patch_0012_0007,1
8_patch_0012_0008,4
8_patch_0012_0009,2
8_patch_0012_0010,3
8_patch_0012_0011,1
8_patch_0012_0012,0
8_patch_0012_0013,4
8_patch_0012_0014,2
8_patch_0012_0015,0
8_patch_0012_0016,2
8_patch_0012_0017,1
8_patch_0012_0018,2
8_patch_0012_0019,4
8_patch_0012_0020,4
8_patch_0012_0021,3
8_patch_0012_0022,1
8_patch_0012_0023,-1
8_patch_0012_0024,-1
8_patch_0012_0025,3
8_patch_0013_0000,1
8_patch_0013_0001,-1
8_patch_0013_0002,3
8_patch_0013_0003,3
8_patch_0013_0004,1
8_patch_0013_0005,1
8_patch_0013_0006,3
8_patch_0013_0007,2
8_patch_0013_0008,2
8_patch_0013_0009,1
8_patch_0013_0010,2
8_patch_0013_0011,3
8_patch_0013_0012,3
8_patch_0013_0013,4
8_patch_0013_0014,2
8_patch_0013_0015,1
8_patch_0013_0016,4
8_patch_0013_0017,4
8_patch_0013_0018,2
8_patch_0013_0019,1
8_patch_0013_0020,1
8_patch_0013_0021,3
8_patch_0013_0022,1
8_patch_0013_0023,1
8_patch_0013_0024,1
8_patch_0013_0025,4
8_patch_0014_0000,2
8_patch_0014_0001,1
8_patch_0014_0002,2
8_patch_0014_0003,1
8_patch_0014_0004,3
8_patch_0014_0005,2
8_patch_0014_0006,1
8_patch_0014_0007,-1
8_patch_0014_0008,4
8_patch_0014_0009,3
8_patch_0014_0010,1
8_patch_0014_0011,1
8_patch_0014_0012,3
8_patch_0014_0013,1
8_patch_0014_0014,1
8_patch_0014_0015,2
8_patch_0014_0016,0
8_patch_0014_0017,-1
8_patch_0014_0018,2
8_patch_0014_0019,3
8_patch_0014_0020,-1
8_patch_0014_0021,1
8_patch_0014_0022,2
8_patch_0014_0023,2
8_patch_0014_0024,3
8_patch_0014_0025,1
8_patch_0015_0000,4
8_patch_0015_0001,3
8_patch_0015_0002,4
8_patch_0015_0003,-1
8_patch_0015_0004,3
8_patch_0015_0005,3
8_patch_0015_0006,-1
8_patch_0015_0007,0
8_patch_0015_0008,4
8_patch_0015_0009,2
8_patch_0015_0010,2
8_patch_0015_0011,2
8_patch_0015_0012,2
8_patch_0015_0013,2
8_patch_0015_0014,-1
8_patch_0015_0015,4
8_patch_0015_0016,4
8_patch_0015_0017,1
8_patch_0015_0018,-1
8_patch_0015_0019,3
8_patch_0015_0020,1
8_patch_0015_0021,1
8_patch_0015_0022,2
8_patch_0015_0023,-1
8_patch_0015_0024,3
8_patch_0015_0025,1
8_patch_0016_0000,4
8_patch_0016_0001,1
8_patch_0016_0002,0
8_patch_0016_0003,-1
8_patch_0016_0004,0
8_patch_0016_0005,-1
8_patch_0016_0006,2
8_patch_0016_0007,3
8_patch_0016_0008,0
8_patch_0016_0009,1
8_patch_0016_0010,2
8_patch_0016_0011,2
8_patch_0016_0012,3
8_patch_0016_0013,3
8_patch_0016_0014,0
8_patch_0016_0015,-1
8_patch_0016_0016,1
8_patch_0016_0017,2
8_patch_0016_0018,0
8_patch_0016_0019,4
8_patch_0016_0020,3
8_patch_0016_0021,-1
8_patch_0016_0022,4
8_patch_0016_0023,2
8_patch_0016_0024,2
8_patch_0016_0025,-1
8_patch_0017_0000,0
8_patch_0017_0001,2
8_patch_0017_0002,4
8_patch_0017_0003,3
8_patch_0017_0004,2
8_patch_0017_0005,0
8_patch_0017_0006,3
8_patch_0017_0007,4
8_patch_0017_0008,2
8_patch_0017_0009,3
8_patch_0017_0010,1
8_patch_0017_0011,2
8_patch_0017_0012,4
8_patch_0017_0013,1
8_patch_0017_0014,3
8_patch_0017_0015,4
8_patch_0017_0016,1
8_patch_0017_0017,1
8_patch_0017_0018,1
8_patch_0017_0019,2
8_patch_0017_0020,2
8_patch_0017_0021,2
8_patch_0017_0022,1
8_patch_0017_0023,4
8_patch_0017_0024,3
8_patch_0017_0025,1
8_patch_0018_0000,2
8_patch_0018_0001,2
8_patch_0018_0002,-1
8_patch_0018_0003,1
8_patch_0018_0004,0
8_patch_0018_0005,3
8_patch_0018_0006,1
8_patch_0018_0007,2
8_patch_0018_0008,4
8_patch_0018_0009,1
8_patch_0018_0010,3
8_patch_0018_0011,1
8_patch_0018_0012,1
8_patch_0018_0013,-1
8_patch_0018_0014,4
8_patch_0018_0015,3
8_patch_0018_0016,3
8_patch_0018_0017,4
8_patch_0018_0018,4
8_patch_0018_0019,0
8_patch_0018_0020,1
8_patch_0018_0021,3
8_patch_0018_0022,-1
8_patch_0018_0023,-1
8_patch_0018_0024,4
8_patch_0018_0025,4
8_patch_0019_0000,-1
8_patch_0019_0001,-1
8_patch_0019_0002,2
8_patch_0019_0003,-1
8_patch_0019_0004,2
8_patch_0019_0005,3
8_patch_0019_0006,-1
8_patch_0019_0007,4
8_patch_0019_0008,4
8_patch_0019_0009,2
8_patch_0019_0010,-1
8_patch_0019_0011,3
8_patch_0019_0012,3
8_patch_0019_0013,1
8_patch_0019_0014,0
8_patch_0019_0015,4
8_patch_0019_0016,2
8_patch_0019_0017,-1
8_patch_0019_0018,1
8_patch_0019_0019,3
8_patch_0019_0020,2
8_patch_0019_0021,2
8_patch_0019_0022,1
8_patch_0019_0023,3
8_patch_0019_0024,2
8_patch_0019_0025,1
8_patch_0020_0000,1
8_patch_0020_0001,2
8_patch_0020_0002,1
8_patch_0020_0003,1
8_patch_0020_0004,3
8_patch_0020_0005,1
8_patch_0020_0006,1
8_patch_0020_0007,3
8_patch_0020_0008,4
8_patch_0020_0009,0
8_patch_0020_0010,1
8_patch_0020_0011,3
8_patch_0020_0012,2
8_patch_0020_0013,2
8_patch_0020_0014,4
8_patch_0020_0015,2
8_patch_0020_0016,0
8_patch_0020_0017,1
8_patch_0020_0018,4
8_patch_0020_0019,4
8_patch_0020_0020,0
8_patch_0020_0021,4
8_patch_0020_0022,3
8_patch_0020_0023,-1
8_patch_0020_0024,-1
8_patch_0020_0025,2
8_patch_0021_0000,-1
8_patch_0021_0001,3
8_patch_0021_0002,-1
8_patch_0021_0003,4
8_patch_0021_0004,-1
8_patch_0021_0005,-1
8_patch_0021_0006,0
8_patch_0021_0007,2
8_patch_0021_0008,3
8_patch_0021_0009,2
8_patch_0021_0010,3
8_patch_0021_0011,1
8_patch_0021_0012,2
8_patch_0021_0013,2
8_patch_0021_0014,0
8_patch_0021_0015,1
8_patch_0021_0016,4
8_patch_0021_0017,4
8_patch_0021_0018,2
8_patch_0021_0019,4
8_patch_0021_0020,4
8_patch_0021_0021,4
8_patch_0021_0022,2
8_patch_0021_0023,4
8_patch_0021_0024,2
8_patch_0021_0025,-1
9_patch_0000_0000,3
9_patch_0000_0001,2
9_patch_0000_0002,0
9_patch_0000_0003,2
9_patch_0000_0004,3
9_patch_0000_0005,1
9_patch_0000_0006,0
9_patch_0000_0007,3
9_patch_0000_0008,2
9_patch_0000_0009,3
9_patch_0000_0010,1
9_patch_0000_0011,4
9_patch_0000_0012,1
9_patch_0000_0013,2
9_patch_0000_0014,-1
9_patch_0000_0015,3
9_patch_0000_0016,-1
9_patch_0000_0017,3
9_patch_0000_0018,1
9_patch_0000_0019,2
9_patch_0000_0020,0
9_patch_0000_0021,0
9_patch_0000_0022,2
9_patch_0000_0023,3
9_patch_0000_0024,3
9_patch_0000_0025,3
9_patch_0001_0000,0
9_patch_0001_0001,3
9_patch_0001_0002,0
9_patch_0001_0003,4
9_patch_0001_0004,4
9_patch_0001_0005,3
9_patch_0001_0006,3
9_patch_0001_0007,4
9_patch_0001_0008,0
9_patch_0001_0009,0
9_patch_0001_0010,4
9_patch_0001_0011,1
9_patch_0001_0012,-1
9_patch_0001_0013,4
9_patch_0001_0014,3
9_patch_0001_0015,1
9_patch_0001_0016,0
9_patch_0001_0017,-1
9_patch_0001_0018,1
9_patch_0001_0019,3
9_patch_0001_0020,1
9_patch_0001_0021,4
9_patch_0001_0022,2
9_patch_0001_0023,1
9_patch_0001_0024,3
9_patch_0001_0025,2
9_patch_0002_0000,2
9_patch_0002_0001,2
9_patch_0002_0002,2
9_patch_0002_0003,4
9_patch_0002_0004,2
9_patch_0002_0005,2
9_patch_0002_0006,4
9_patch_0002_0007,2
9_patch_0002_0008,4
9_patch_0002_0009,3
9_patch_0002_0010,2
9_patch_0002_0011,2
9_patch_0002_0012,3
9_patch_0002_0013,2
9_patch_0002_0014,2
9_patch_0002_0015,0
9_patch_0002_0016,-1
9_patch_0002_0017,3
9_patch_0002_0018,1
9_patch_0002_0019,3
9_patch_0002_0020,-1
9_patch_0002_0021,4
9_patch_0002_0022,2
9_patch_0002_0023,1
9_patch_0002_0024,1
9_patch_0002_0025,2
9_patch_0003_0000,0
9_patch_0003_0001,1
9_patch_0003_0002,-1
9_patch_0003_0003,1
9_patch_0003_0004,3
9_patch_0003_0005,3
9_patch_0003_0006,2
9_patch_0003_0007,2
9_patch_0003_0008,4
9_patch_0003_0009,2
9_patch_0003_0010,3
9_patch_0003_0011,2
9_patch_0003_0012,1
9_patch_0003_0013,4
9_patch_0003_0014,2
9_patch_0003_0015,-1
9_patch_0003_0016,1
9_patch_0003_0017,2
9_patch_0003_0018,4
9_patch_0003_0019,0
9_patch_0003_0020,1
9_patch_0003_0021,3
9_patch_0003_0022,1
9_patch_0003_0023,4
9_patch_0003_0024,1
9_patch_0003_0025,3
9_patch_0004_0000,-1
9_patch_0004_0001,4
9_patch_0004_0002,3
9_patch_0004_0003,1
9_patch_0004_0004,3
9_patch_0004_0005,1
9_patch_0004_0006,4
9_patch_0004_0007,2
9_patch_0004_0008,1
9_patch_0004_0009,-1
9_patch_0004_0010,4
9_patch_0004_0011,4
9_patch_0004_0012,1
9_patch_0004_0013,2
9_patch_0004_0014,3
9_patch_0004_0015,4
9_patch_0004_0016,4
9_patch_0004_0017,4
9_patch_0004_0018,4
9_patch_0004_0019,-1
9_patch_0004_0020,2
9_patch_0004_0021,2
9_patch_0004_0022,4
9_patch_0004_0023,2
9_patch_0004_0024,4
9_patch_0004_0025,1
9_patch_0005_0000,2
9_patch_0005_0001,3
9_patch_0005_0002,4
9_patch_0005_0003,4
9_patch_0005_0004,2
9_patch_0005_0005,1
9_patch_0005_0006,-1
9_patch_0005_0007,2
9_patch_0005_0008,3
9_patch_0005_0009,4
9_patch_0005_0010,1
9_patch_0005_0011,4
9_patch_0005_0012,3
9_patch_0005_0013,-1
9_patch_0005_0014,-1
9_patch_0005_0015,3
9_patch_0005_0016,-1
9_patch_0005_0017,2
9_patch_0005_0018,4
9_patch_0005_0019,3
9_patch_0005_0020,-1
9_patch_0005_0021,-1
9_patch_0005_0022,0
9_patch_0005_0023,3
9_patch_0005_0024,2
9_patch_0005_0025,2
9_patch_0006_0000,2
9_patch_0006_0001,1
9_patch_0006_0002,4
9_patch_0006_0003,0
9_patch_0006_0004,3
9_patch_0006_0005,2
9_patch_0006_0006,4
9_patch_0006_0007,4
9_patch_0006_0008,4
9_patch_0006_0009,4
9_patch_0006_0010,4
9_patch_0006_0011,4
9_patch_0006_0012,3
9_patch_0006_0013,-1
9_patch_0006_0014,2
9_patch_0006_0015,1
9_patch_0006_0016,3
9_patch_0006_0017,4
9_patch_0006_0018,0
9_patch_0006_0019,2
9_patch_0006_0020,1
9_patch_0006_0021,4
9_patch_0006_0022,2
9_patch_0006_0023,4
9_patch_0006_0024,0
9_patch_0006_0025,2
9_patch_0007_0000,0
9_patch_0007_0001,4
9_patch_0007_0002,-1
9_patch_0007_0003,1
9_patch_0007_0004,3
9_patch_0007_0005,2
9_patch_0007_0006,3
9_patch_0007_0007,2
9_patch_0007_0008,3
9_patch_0007_0009,3
9_patch_0007_0010,0
9_patch_0007_0011,2
9_patch_0007_0012,0
9_patch_0007_0013,-1
9_patch_0007_0014,3
9_patch_0007_0015,4
9_patch_0007_0016,0
9_patch_0007_0017,4
9_patch_0007_0018,0
9_patch_0007_0019,4
9_patch_0007_0020,1
9_patch_0007_0021,-1
9_patch_0007_0022,3
9_patch_0007_0023,1
9_patch_0007_0024,3
9_patch_0007_0025,1
9_patch_0008_0000,4
9_patch_0008_0001,2
9_patch_0008_0002,1
9_patch_0008_0003,4
9_patch_0008_0004,4
9_patch_0008_0005,2
9_patch_0008_0006,1
9_patch_0008_0007,1
9_patch_0008_0008,1
9_patch_0008_0009,4
9_patch_0008_0010,2
9_patch_0008_0011,1
9_patch_0008_0012,2
9_patch_0008_0013,2
9_patch_0008_0014,4
9_patch_0008_0015,4
9_patch_0008_0016,2
9_patch_0008_0017,4
9_patch_0008_0018,4
9_patch_0008_0019,1
9_patch_0008_0020,4
9_patch_0008_0021,4
9_patch_0008_0022,0
9_patch_0008_0023,1
9_patch_0008_0024,1
9_patch_0008_0025,1
9_patch_0009_0000,1
9_patch_0009_0001,1
9_patch_0009_0002,4
9_patch_0009_0003,4
9_patch_0009_0004,1
9_patch_0009_0005,2
9_patch_0009_0006,4
9_patch_0009_0007,2
9_patch_0009_0008,1
9_patch_0009_0009,3
9_patch_0009_0010,3
9_patch_0009_0011,1
9_patch_0009_0012,3
9_patch_0009_0013,3
9_patch_0009_0014,3
9_patch_0009_0015,3
9_patch_0009_0016,-1
9_patch_0009_0017,1
9_patch_0009_0018,4
9_patch_0009_0019,3
9_patch_0009_0020,4
9_patch_0009_0021,-1
9_patch_0009_0022,2
9_patch_0009_0023,3
9_patch_0009_0024,4
9_patch_0009_0025,1
9_patch_0010_0000,2
9_patch_0010_0001,2
9_patch_0010_0002,4
9_patch_0010_0003,0
9_patch_0010_0004,2
9_patch_0010_0005,-1
9_patch_0010_0006,1
9_patch_0010_0007,-1
9_patch_0010_0008,4
9_patch_0010_0009,4
9_patch_0010_0010,-1
9_patch_0010_0011,2
9_patch_0010_0012,4
9_patch_0010_0013,4
9_patch_0010_0014,3
9_patch_0010_0015,3
9_patch_0010_0016,4
9_patch_0010_0017,3
9_patch_0010_0018,1
9_patch_0010_0019,1
9_patch_0010_0020,-1
9_patch_0010_0021,4
9_patch_0010_0022,3
9_patch_0010_0023,1
9_patch_0010_0024,4
9_patch_0010_0025,4
9_patch_0011_0000,2
9_patch_0011_0001,1
9_patch_0011_0002,3
9_patch_0011_0003,2
9_patch_0011_0004,3
9_patch_0011_0005,3
9_patch_0011_0006,1
9_patch_0011_0007,2
9_patch_0011_0008,2
9_patch_0011_0009,3
9_patch_0011_0010,3
9_patch_0011_0011,1
9_patch_0011_0012,3
9_patch_0011_0013,0
9_patch_0011_0014,3
9_patch_0011_0015,2
9_patch_0011_0016,4
9_patch_0011_0017,4
9_patch_0011_0018,2
9_patch_0011_0019,4
9_patch_0011_0020,1
9_patch_0011_0021,1
9_patch_0011_0022,2
9_patch_0011_0023,-1
9_patch_0011_0024,1
9_patch_0011_0025,3
9_patch_0012_0000,1
9_patch_0012_0001,2
9_patch_0012_0002,2
9_patch_0012_0003,1
9_patch_0012_0004,3
9_patch_0012_0005,4
9_patch_0012_0006,3
9_patch_0012_0007,2
9_patch_0012_0008,4
9_patch_0012_0009,2
9_patch_0012_0010,4
9_patch_0012_0011,1
9_patch_0012_0012,4
9_patch_0012_0013,3
9_patch_0012_0014,-1
9_patch_0012_0015,2
9_patch_0012_0016,1
9_patch_0012_0017,2
9_patch_0012_0018,2
9_patch_0012_0019,3
9_patch_0012_0020,3
9_patch_0012_0021,1
9_patch_0012_0022,1
9_patch_0012_0023,4
9_patch_0012_0024,2
9_patch_0012_0025,1
9_patch_0013_0000,1
9_patch_0013_0001,4
9_patch_0013_0002,1
9_patch_0013_0003,2
9_patch_0013_0004,1
9_patch_0013_0005,0
9_patch_0013_0006,2
9_patch_0013_0007,2
9_patch_0013_0008,1
9_patch_0013_0009,2
9_patch_0013_0010,3
9_patch_0013_0011,1
9_patch_0013_0012,4
9_patch_0013_0013,2
9_patch_0013_0014,3
9_patch_0013_0015,3
9_patch_0013_0016,-1
9_patch_0013_0017,3
9_patch_0013_0018,4
9_patch_0013_0019,0
9_patch_0013_0020,3
9_patch_0013_0021,4
9_patch_0013_0022,3
9_patch_0013_0023,-1
9_patch_0013_0024,3
9_patch_0013_0025,4
9_patch_0014_0000,4
9_patch_0014_0001,1
9_patch_0014_0002,2
9_patch_0014_0003,1
9_patch_0014_0004,1
9_patch_0014_0005,2
9_patch_0014_0006,2
9_patch_0014_0007,0
9_patch_0014_0008,4
9_patch_0014_0009,4
9_patch_0014_0010,4
9_patch_0014_0011,0
9_patch_0014_0012,3
9_patch_0014_0013,0
9_patch_0014_0014,4
9_patch_0014_0015,1
9_patch_0014_0016,4
9_patch_0014_0017,-1
9_patch_0014_0018,-1
9_patch_0014_0019,1
9_patch_0014_0020,4
9_patch_0014_0021,4
9_patch_0014_0022,-1
9_patch_0014_0023,2
9_patch_0014_0024,3
9_patch_0014_0025,3
9_patch_0015_0000,1
9_patch_0015_0001,2
9_patch_0015_0002,0
9_patch_0015_0003,1
9_patch_0015_0004,3
9_patch_0015_0005,1
9_patch_0015_0006,3
9_patch_0015_0007,4
9_patch_0015_0008,3
9_patch_0015_0009,-1
9_patch_0015_0010,4
9_patch_0015_0011,3
9_patch_0015_0012,4
9_patch_0015_0013,4
9_patch_0015_0014,-1
9_patch_0015_0015,2
9_patch_0015_0016,-1
9_patch_0015_0017,1
9_patch_0015_0018,4
9_patch_0015_0019,2
9_patch_0015_0020,2
9_patch_0015_0021,2
9_patch_0015_0022,3
9_patch_0015_0023,1
9_patch_0015_0024,-1
9_patch_0015_0025,4
9_patch_0016_0000,1
9_patch_0016_0001,3
9_patch_0016_0002,-1
9_patch_0016_0003,4
9_patch_0016_0004,1
9_patch_0016_0005,1
9_patch_0016_0006,2
9_patch_0016_0007,-1
9_patch_0016_0008,0
9_patch_0016_0009,4
9_patch_0016_0010,4
9_patch_0016_0011,1
9_patch_0016_0012,2
9_patch_0016_0013,1
9_patch_0016_0014,0
9_patch_0016_0015,3
9_patch_0016_0016,2
9_patch_0016_0017,3
9_patch_0016_0018,3
9_patch_0016_0019,3
9_patch_0016_0020,3
9_patch_0016_0021,1
9_patch_0016_0022,3
9_patch_0016_0023,-1
9_patch_0016_0024,1
9_patch_0016_0025,3
9_patch_0017_0000,2
9_patch_0017_0001,2
9_patch_0017_0002,0
9_patch_0017_0003,4
9_patch_0017_0004,1
9_patch_0017_0005,4
9_patch_0017_0006,4
9_patch_0017_0007,1
9_patch_0017_0008,3
9_patch_0017_0009,3
9_patch_0017_0010,3
9_patch_0017_0011,1
9_patch_0017_0012,3
9_patch_0017_0013,-1
9_patch_0017_0014,4
9_patch_0017_0015,4
9_patch_0017_0016,2
9_patch_0017_0017,3
9_patch_0017_0018,3
9_patch_0017_0019,0
9_patch_0017_0020,4
9_patch_0017_0021,1
9_patch_0017_0022,3
9_patch_0017_0023,2
9_patch_0017_0024,0
9_patch_0017_0025,0
9_patch_0018_0000,1
9_patch_0018_0001,2
9_patch_0018_0002,4
9_patch_0018_0003,1
9_patch_0018_0004,2
9_patch_0018_0005,0
9_patch_0018_0006,-1
9_patch_0018_0007,2
9_patch_0018_0008,3
9_patch_0018_0009,4
9_patch_0018_0010,1
9_patch_0018_0011,3
9_patch_0018_0012,2
9_patch_0018_0013,1
9_patch_0018_0014,0
9_patch_0018_0015,-1
9_patch_0018_0016,4
9_patch_0018_0017,1
9_patch_0018_0018,3
9_patch_0018_0019,1
9_patch_0018_0020,4
9_patch_0018_0021,3
9_patch_0018_0022,0
9_patch_0018_0023,3
9_patch_0018_0024,1
9_patch_0018_0025,3
9_patch_0019_0000,2
9_patch_0019_0001,3
9_patch_0019_0002,-1
9_patch_0019_0003,1
9_patch_0019_0004,-1
9_patch_0019_0005,3
9_patch_0019_0006,3
9_patch_0019_0007,3
9_patch_0019_0008,0
9_patch_0019_0009,1
9_patch_0019_0010,3
9_patch_0019_0011,4
9_patch_0019_0012,0
9_patch_0019_0013,1
9_patch_0019_0014,1
9_patch_0019_0015,1
9_patch_0019_0016,3
9_patch_0019_0017,0
9_patch_0019_0018,0
9_patch_0019_0019,2
9_patch_0019_0020,1
9_patch_0019_0021,1
9_patch_0019_0022,3
9_patch_0019_0023,2
9_patch_0019_0024,3
9_patch_0019_0025,0
9_patch_0020_0000,4
9_patch_0020_0001,3
9_patch_0020_0002,2
9_patch_0020_0003,4
9_patch_0020_0004,1
9_patch_0020_0005,4
9_patch_0020_0006,4
9_patch_0020_0007,0
9_patch_0020_0008,4
9_patch_0020_0009,1
9_patch_0020_0010,4
9_patch_0020_0011,3
9_patch_0020_0012,4
9_patch_0020_0013,1
9_patch_0020_0014,2
9_patch_0020_0015,3
9_patch_0020_0016,-1
9_patch_0020_0017,3
9_patch_0020_0018,2
9_patch_0020_0019,0
9_patch_0020_0020,4
9_patch_0020_0021,3
9_patch_0020_0022,3
9_patch_0020_0023,1
9_patch_0020_0024,2
9_patch_0020_0025,-1
